Sample in Buffer,Sample in Window,TRIGGER,axi_imem_rresp[1:0],axi_imem_rdata[31:0],axi_imem_arlen[7:0],axi_dmem_araddr[31:0],axi_dmem_wdata[31:0],axi_imem_araddr[31:0],axi_dmem_wstrb[3:0],axi_dmem_rdata[31:0],axi_dmem_awaddr[31:0],axi_dmem_arvalid,axi_dmem_awready,axi_dmem_awvalid,axi_dmem_bvalid,axi_dmem_rvalid,axi_dmem_wlast,axi_dmem_wvalid,axi_imem_arready,axi_imem_arvalid,axi_imem_rlast,axi_imem_rready,axi_imem_rvalid,uart_irq,uart_rxd,uart_txd
Radix - UNSIGNED,UNSIGNED,UNSIGNED,HEX,HEX,HEX,HEX,HEX,HEX,HEX,HEX,HEX,HEX,HEX,HEX,HEX,HEX,HEX,HEX,HEX,HEX,HEX,HEX,HEX,HEX,HEX,HEX
0,0,1,0,e2050ee3,00,ff010014,00000043,ffffe46c,f,00000060,ff010000,0,1,1,0,0,1,1,1,0,0,1,0,0,1,1
1,1,0,0,e2050ee3,00,ff010014,00000043,ffffe46c,f,00000060,ff010000,0,1,1,0,0,1,1,1,0,0,1,0,0,1,1
2,2,0,0,e2050ee3,00,ff010014,00000043,ffffe46c,f,00000060,ff010000,0,1,1,0,0,1,1,1,0,0,1,0,0,1,1
3,3,0,0,e2050ee3,00,ff010014,00000043,ffffe46c,f,00000060,ff010000,0,1,1,0,0,1,1,1,0,0,1,0,0,1,1
4,4,0,0,e2050ee3,00,ff010014,00000043,ffffe46c,f,00000060,ff010000,0,1,1,0,0,1,1,1,0,0,1,0,0,1,1
5,5,0,0,e2050ee3,00,ff010014,00000043,ffffe46c,f,00000060,ff010000,0,1,1,0,0,1,1,1,0,0,1,0,0,1,1
6,6,0,0,e2050ee3,00,ff010014,00000043,ffffe46c,f,00000060,ff010000,0,1,1,0,0,1,1,1,0,0,1,0,0,1,1
7,7,0,0,e2050ee3,00,ff010014,00000043,ffffe46c,f,00000060,ff010000,0,1,1,0,0,1,1,1,0,0,1,0,0,1,1
8,8,0,0,e2050ee3,00,ff010014,00000043,ffffe46c,f,00000060,ff010000,0,1,1,0,0,1,1,1,0,0,1,0,0,1,1
9,9,0,0,fdc18193,00,ff010014,00000000,fffff8a0,f,00000060,ffffce80,0,1,1,0,0,1,1,1,0,0,1,0,0,1,1
10,10,0,0,7cc28293,00,ff010014,00000000,fffff8a0,f,00000060,ffffce84,0,1,1,0,0,1,1,1,0,0,1,0,0,1,1
11,11,0,0,0002a023,00,ffffce80,00000000,fffff8a0,f,00000060,ffffce88,0,1,1,0,0,1,1,1,0,0,1,0,0,1,1
12,12,0,0,62c10113,00,ffffce84,00000000,fffff8a0,f,00000060,ffffce8c,0,1,1,0,0,1,1,1,0,0,1,0,0,1,1
13,13,0,0,ffffd317,00,ffffce88,00000000,fffff8a0,f,00000060,ffffce90,0,1,1,0,0,1,1,1,0,0,1,0,0,1,1
14,14,0,0,0002a503,00,ffffce8c,00000000,fffff8a0,f,00000060,ffffce94,0,1,1,0,0,1,1,1,0,0,1,0,0,1,1
15,15,0,0,8f428293,00,ffffce90,00000000,fffff8a0,f,00000060,ffffce98,0,1,1,0,0,1,1,1,0,0,1,0,0,1,1
16,16,0,0,0003a023,00,ffffce94,00000000,fffff8a0,f,00000060,ffffce9c,0,1,1,0,0,1,1,1,0,0,1,0,0,1,1
17,17,0,0,00438393,00,ffffce98,00000000,fffff8a0,f,00000060,ffffcea0,0,1,1,0,0,1,1,1,0,0,1,0,0,1,1
18,18,0,0,00438393,00,ffffce9c,00000000,fffff8a0,f,00000060,ffffcea4,0,1,1,0,0,1,1,1,0,0,1,0,0,1,1
19,19,0,0,00438393,00,ffffcea0,00000000,fffff8a0,f,00000060,ffffcea8,0,1,1,0,0,1,1,1,0,0,1,0,0,1,1
20,20,0,0,00438393,00,ffffcea4,00000000,fffff8a0,f,00000060,ffffceac,0,1,1,0,0,1,1,1,0,0,1,0,0,1,1
21,21,0,0,00438393,00,ffffcea8,00000000,fffff8a0,f,00000060,ffffceb0,0,1,1,0,0,1,1,1,0,0,1,0,0,1,1
22,22,0,0,00438393,00,ffffceac,00000000,fffff8a0,f,00000060,ffffceb4,0,1,1,0,0,1,1,1,0,0,1,0,0,1,1
23,23,0,0,00438393,00,ffffceb0,00000000,fffff8a0,f,00000060,ffffceb8,0,1,1,0,0,1,1,1,0,0,1,0,0,1,1
24,24,0,0,00438393,00,ffffceb4,00000000,fffff8a0,f,00000060,ffffcebc,0,1,1,0,0,1,1,1,0,0,1,0,0,1,1
25,25,0,0,00438393,00,ffffceb8,00000000,fffff8a0,f,00000060,ffffcec0,0,1,1,0,0,1,1,1,0,0,1,0,0,1,1
26,26,0,0,00438393,00,ffffcebc,00000000,fffff8a0,f,00000060,ffffcec4,0,1,1,0,0,1,1,1,0,0,1,0,0,1,1
27,27,0,0,00438393,00,ffffcec0,00000000,fffff8a0,f,00000060,ffffcec8,0,1,1,0,0,1,1,1,0,0,1,0,0,1,1
28,28,0,0,00438393,00,ffffcec4,00000000,fffff8a0,f,00000060,ffffcecc,0,1,1,0,0,1,1,1,0,0,1,0,0,1,1
29,29,0,0,00438393,00,ffffcec8,00000000,fffff8a0,f,00000060,ffffced0,0,1,1,0,0,1,1,1,0,0,1,0,0,1,1
30,30,0,0,00438393,00,ffffcecc,00000000,fffff8a0,f,00000060,ffffced4,0,1,1,0,0,1,1,1,0,0,1,0,0,1,1
31,31,0,0,00438393,00,ffffced0,00000000,fffff8a0,f,00000060,ffffced8,0,1,1,0,0,1,1,1,0,0,1,0,0,1,1
32,32,0,0,00438393,00,ffffced4,00000000,fffff8a0,f,00000060,ffffcedc,0,1,1,0,0,1,1,1,0,0,1,0,0,1,1
33,33,0,0,00438393,00,ffffced8,00000000,fffff8a0,f,00000060,ffffcee0,0,1,1,0,0,1,1,1,0,0,1,0,0,1,1
34,34,0,0,00438393,00,ffffcedc,00000000,fffff8a0,f,00000060,ffffcee4,0,1,1,0,0,1,1,1,0,0,1,0,0,1,1
35,35,0,0,00438393,00,ffffcee0,00000000,fffff8a0,f,00000060,ffffcee8,0,1,1,0,0,1,1,1,0,0,1,0,0,1,1
36,36,0,0,00438393,00,ffffcee4,00000000,fffff8a0,f,00000060,ffffceec,0,1,1,0,0,1,1,1,0,0,1,0,0,1,1
37,37,0,0,00438393,00,ffffcee8,00000000,fffff8a0,f,00000060,ffffcef0,0,1,1,0,0,1,1,1,0,0,1,0,0,1,1
38,38,0,0,00438393,00,ffffceec,00000000,fffff8a0,f,00000060,ffffcef4,0,1,1,0,0,1,1,1,0,0,1,0,0,1,1
39,39,0,0,00438393,00,ffffcef0,00000000,fffff8a0,f,00000060,ffffcef8,0,1,1,0,0,1,1,1,0,0,1,0,0,1,1
40,40,0,0,00438393,00,ffffcef4,00000000,fffff8a0,f,00000060,ffffcefc,0,1,1,0,0,1,1,1,0,0,1,0,0,1,1
41,41,0,0,00438393,00,ffffcef8,00000000,fffff8a0,f,00000060,ffffcf00,0,1,1,0,0,1,1,1,0,0,1,0,0,1,1
42,42,0,0,00438393,00,ffffcefc,00000000,fffff8a0,f,00000060,ffffcf04,0,1,1,0,0,1,1,1,0,0,1,0,0,1,1
43,43,0,0,00438393,00,ffffcf00,00000000,fffff8a0,f,00000060,ffffcf08,0,1,1,0,0,1,1,1,0,0,1,0,0,1,1
44,44,0,0,00438393,00,ffffcf04,00000000,fffff8a0,f,00000060,ffffcf0c,0,1,1,0,0,1,1,1,0,0,1,0,0,1,1
45,45,0,0,00438393,00,ffffcf08,00000000,fffff8a0,f,00000060,ffffcf10,0,1,1,0,0,1,1,1,0,0,1,0,0,1,1
46,46,0,0,00438393,00,ffffcf0c,00000000,fffff8a0,f,00000060,ffffcf14,0,1,1,0,0,1,1,1,0,0,1,0,0,1,1
47,47,0,0,00438393,00,ffffcf10,00000000,fffff8a0,f,00000060,ffffcf18,0,1,1,0,0,1,1,1,0,0,1,0,0,1,1
48,48,0,0,00438393,00,ffffcf14,00000000,fffff8a0,f,00000060,ffffcf1c,0,1,1,0,0,1,1,1,0,0,1,0,0,1,1
49,49,0,0,00438393,00,ffffcf18,00000000,fffff8a0,f,00000060,ffffcf20,0,1,1,0,0,1,1,1,0,0,1,0,0,1,1
50,50,0,0,00438393,00,ffffcf1c,00000000,fffff8a0,f,00000060,ffffcf24,0,1,1,0,0,1,1,1,0,0,1,0,0,1,1
51,51,0,0,00438393,00,ffffcf20,00000000,fffff8a0,f,00000060,ffffcf28,0,1,1,0,0,1,1,1,0,0,1,0,0,1,1
52,52,0,0,00438393,00,ffffcf24,00000000,fffff8a0,f,00000060,ffffcf2c,0,1,1,0,0,1,1,1,0,0,1,0,0,1,1
53,53,0,0,00438393,00,ffffcf28,00000000,fffff8a0,f,00000060,ffffcf30,0,1,1,0,0,1,1,1,0,0,1,0,0,1,1
54,54,0,0,00438393,00,ffffcf2c,00000000,fffff8a0,f,00000060,ffffcf34,0,1,1,0,0,1,1,1,0,0,1,0,0,1,1
55,55,0,0,00438393,00,ffffcf30,00000000,fffff8a0,f,00000060,ffffcf38,0,1,1,0,0,1,1,1,0,0,1,0,0,1,1
56,56,0,0,00438393,00,ffffcf34,00000000,fffff8a0,f,00000060,ffffcf3c,0,1,1,0,0,1,1,1,0,0,1,0,0,1,1
57,57,0,0,00438393,00,ffffcf38,00000000,fffff8a0,f,00000060,ffffcf40,0,1,1,0,0,1,1,1,0,0,1,0,0,1,1
58,58,0,0,00438393,00,ffffcf3c,00000000,fffff8a0,f,00000060,ffffcf44,0,1,1,0,0,1,1,1,0,0,1,0,0,1,1
59,59,0,0,00438393,00,ffffcf40,00000000,fffff8a0,f,00000060,ffffcf48,0,1,1,0,0,1,1,1,0,0,1,0,0,1,1
60,60,0,0,00438393,00,ffffcf44,00000000,fffff8a0,f,00000060,ffffcf4c,0,1,1,0,0,1,1,1,0,0,1,0,0,1,1
61,61,0,0,00438393,00,ffffcf48,00000000,fffff8a0,f,00000060,ffffcf50,0,1,1,0,0,1,1,1,0,0,1,0,0,1,1
62,62,0,0,00438393,00,ffffcf4c,00000000,fffff8a0,f,00000060,ffffcf54,0,1,1,0,0,1,1,1,0,0,1,0,0,1,1
63,63,0,0,00438393,00,ffffcf50,00000000,fffff8a0,f,00000060,ffffcf58,0,1,1,0,0,1,1,1,0,0,1,0,0,1,1
64,64,0,0,00438393,00,ffffcf54,00000000,fffff8a0,f,00000060,ffffcf5c,0,1,1,0,0,1,1,1,0,0,1,0,0,1,1
65,65,0,0,00438393,00,ffffcf58,00000000,fffff8a0,f,00000060,ffffcf60,0,1,1,0,0,1,1,1,0,0,1,0,0,1,1
66,66,0,0,00438393,00,ffffcf5c,00000000,fffff8a0,f,00000060,ffffcf64,0,1,1,0,0,1,1,1,0,0,1,0,0,1,1
67,67,0,0,00438393,00,ffffcf60,00000000,fffff8a0,f,00000060,ffffcf68,0,1,1,0,0,1,1,1,0,0,1,0,0,1,1
68,68,0,0,00438393,00,ffffcf64,00000000,fffff8a0,f,00000060,ffffcf6c,0,1,1,0,0,1,1,1,0,0,1,0,0,1,1
69,69,0,0,00438393,00,ffffcf68,00000000,fffff8a0,f,00000060,ffffcf70,0,1,1,0,0,1,1,1,0,0,1,0,0,1,1
70,70,0,0,00438393,00,ffffcf6c,00000000,fffff8a0,f,00000060,ffffcf74,0,1,1,0,0,1,1,1,0,0,1,0,0,1,1
71,71,0,0,00438393,00,ffffcf70,00000000,fffff8a0,f,00000060,ffffcf78,0,1,1,0,0,1,1,1,0,0,1,0,0,1,1
72,72,0,0,00438393,00,ffffcf74,00000000,fffff8a0,f,00000060,ffffcf7c,0,1,1,0,0,1,1,1,0,0,1,0,0,1,1
73,73,0,0,00438393,00,ffffcf78,00000000,fffff8a0,f,00000060,ffffcf80,0,1,1,0,0,1,1,1,0,0,1,0,0,1,1
74,74,0,0,00438393,00,ffffcf7c,00000000,fffff8a0,f,00000060,ffffcf84,0,1,1,0,0,1,1,1,0,0,1,0,0,1,1
75,75,0,0,00438393,00,ffffcf80,00000000,fffff8a0,f,00000060,ffffcf88,0,1,1,0,0,1,1,1,0,0,1,0,0,1,1
76,76,0,0,00438393,00,ffffcf84,00000000,fffff8a0,f,00000060,ffffcf8c,0,1,1,0,0,1,1,1,0,0,1,0,0,1,1
77,77,0,0,00438393,00,ffffcf88,00000000,fffff8a0,f,00000060,ffffcf90,0,1,1,0,0,1,1,1,0,0,1,0,0,1,1
78,78,0,0,00438393,00,ffffcf8c,00000000,fffff8a0,f,00000060,ffffcf94,0,1,1,0,0,1,1,1,0,0,1,0,0,1,1
79,79,0,0,00438393,00,ffffcf90,00000000,fffff8a0,f,00000060,ffffcf98,0,1,1,0,0,1,1,1,0,0,1,0,0,1,1
80,80,0,0,00438393,00,ffffcf94,00000000,fffff8a0,f,00000060,ffffcf9c,0,1,1,0,0,1,1,1,0,0,1,0,0,1,1
81,81,0,0,00438393,00,ffffcf98,00000000,fffff8a0,f,00000060,ffffcfa0,0,1,1,0,0,1,1,1,0,0,1,0,0,1,1
82,82,0,0,00438393,00,ffffcf9c,00000000,fffff8a0,f,00000060,ffffcfa4,0,1,1,0,0,1,1,1,0,0,1,0,0,1,1
83,83,0,0,00438393,00,ffffcfa0,00000000,fffff8a0,f,00000060,ffffcfa8,0,1,1,0,0,1,1,1,0,0,1,0,0,1,1
84,84,0,0,00438393,00,ffffcfa4,00000000,fffff8a0,f,00000060,ffffcfac,0,1,1,0,0,1,1,1,0,0,1,0,0,1,1
85,85,0,0,00438393,00,ffffcfa8,00000000,fffff8a0,f,00000060,ffffcfb0,0,1,1,0,0,1,1,1,0,0,1,0,0,1,1
86,86,0,0,00438393,00,ffffcfac,00000000,fffff8a0,f,00000060,ffffcfb4,0,1,1,0,0,1,1,1,0,0,1,0,0,1,1
87,87,0,0,00438393,00,ffffcfb0,00000000,fffff8a0,f,00000060,ffffcfb8,0,1,1,0,0,1,1,1,0,0,1,0,0,1,1
88,88,0,0,00438393,00,ffffcfb4,00000000,fffff8a0,f,00000060,ffffcfbc,0,1,1,0,0,1,1,1,0,0,1,0,0,1,1
89,89,0,0,00438393,00,ffffcfb8,00000000,fffff8a0,f,00000060,ffffcfc0,0,1,1,0,0,1,1,1,0,0,1,0,0,1,1
90,90,0,0,00438393,00,ffffcfbc,00000000,fffff8a0,f,00000060,ffffcfc4,0,1,1,0,0,1,1,1,0,0,1,0,0,1,1
91,91,0,0,00438393,00,ffffcfc0,00000000,fffff8a0,f,00000060,ffffcfc8,0,1,1,0,0,1,1,1,0,0,1,0,0,1,1
92,92,0,0,00438393,00,ffffcfc4,00000000,fffff8a0,f,00000060,ffffcfcc,0,1,1,0,0,1,1,1,0,0,1,0,0,1,1
93,93,0,0,00438393,00,ffffcfc8,00000000,fffff8a0,f,00000060,ffffcfd0,0,1,1,0,0,1,1,1,0,0,1,0,0,1,1
94,94,0,0,00438393,00,ffffcfcc,00000000,fffff8a0,f,00000060,ffffcfd4,0,1,1,0,0,1,1,1,0,0,1,0,0,1,1
95,95,0,0,00438393,00,ffffcfd0,00000000,fffff8a0,f,00000060,ffffcfd8,0,1,1,0,0,1,1,1,0,0,1,0,0,1,1
96,96,0,0,00438393,00,ffffcfd4,00000000,fffff8a0,f,00000060,ffffcfdc,0,1,1,0,0,1,1,1,0,0,1,0,0,1,1
97,97,0,0,00438393,00,ffffcfd8,00000000,fffff8a0,f,00000060,ffffcfe0,0,1,1,0,0,1,1,1,0,0,1,0,0,1,1
98,98,0,0,00438393,00,ffffcfdc,00000000,fffff8a0,f,00000060,ffffcfe4,0,1,1,0,0,1,1,1,0,0,1,0,0,1,1
99,99,0,0,00438393,00,ffffcfe0,00000000,fffff8a0,f,00000060,ffffcfe8,0,1,1,0,0,1,1,1,0,0,1,0,0,1,1
100,100,0,0,00438393,00,ffffcfe4,00000000,fffff8a0,f,00000060,ffffcfec,0,1,1,0,0,1,1,1,0,0,1,0,0,1,1
101,101,0,0,00438393,00,ffffcfe8,00000000,fffff8a0,f,00000060,ffffcff0,0,1,1,0,0,1,1,1,0,0,1,0,0,1,1
102,102,0,0,00438393,00,ffffcfec,00000000,fffff8a0,f,00000060,ffffcff4,0,1,1,0,0,1,1,1,0,0,1,0,0,1,1
103,103,0,0,00438393,00,ffffcff0,00000000,fffff8a0,f,00000060,ffffcff8,0,1,1,0,0,1,1,1,0,0,1,0,0,1,1
104,104,0,0,00438393,00,ffffcff4,00000000,fffff8a0,f,00000060,ffffcffc,0,1,1,0,0,1,1,1,0,0,1,0,0,1,1
105,105,0,0,34011073,00,ffffcff8,fffff8bc,ffffda04,f,00000060,ffffce7c,0,1,1,0,0,1,1,1,0,0,1,0,0,1,1
106,106,0,0,00438393,00,ffffcffc,00000000,ffffda0c,f,00000060,ffffce74,0,1,1,0,0,1,1,1,0,0,1,0,0,1,1
107,107,0,0,fe53ece3,00,ffffce7c,00000000,ffffda10,f,00000060,ffffce70,0,1,1,0,0,1,1,1,0,0,1,0,0,1,1
108,108,0,0,34011073,00,ffffce74,00000000,ffffda14,f,00000060,ffffce6c,0,1,1,0,0,1,1,1,0,0,1,0,0,1,1
109,109,0,0,0003a023,00,ffffce70,00000000,ffffda18,f,00000060,ffffce68,0,1,1,0,0,1,1,1,0,0,1,0,0,1,1
110,110,0,0,00438393,00,ffffce6c,00000000,ffffda1c,f,00000060,ffffce64,0,1,1,0,0,1,1,1,0,0,1,0,0,1,1
111,111,0,0,fe53ece3,00,ffffce68,00000000,ffffda20,f,00000060,ffffce60,0,1,1,0,0,1,1,1,0,0,1,0,0,1,1
112,112,0,0,34011073,00,ffffce64,00000000,ffffda24,f,00000060,ffffce5c,0,1,1,0,0,1,1,1,0,0,1,0,0,1,1
113,113,0,0,0003a023,00,ffffce60,00000000,ffffda28,f,00000060,ffffce58,0,1,1,0,0,1,1,1,0,0,1,0,0,1,1
114,114,0,0,00438393,00,ffffce5c,00000000,ffffda2c,f,00000060,ffffce54,0,1,1,0,0,1,1,1,0,0,1,0,0,1,1
115,115,0,0,fe53ece3,00,ffffce58,00000000,ffffda30,f,00000060,ffffce78,0,1,1,0,0,1,1,1,0,0,1,0,0,1,1
116,116,0,0,34011073,00,ffffce54,00000000,ffffda34,f,00000060,ffffce50,0,1,1,0,0,1,1,1,0,0,1,0,0,1,1
117,117,0,0,948fe0ef,00,ffffce78,00000000,ffffdb8c,f,00000060,ff010004,0,1,1,0,0,1,1,1,0,0,1,0,0,1,1
118,118,0,0,08000293,00,ffffce50,00000000,ffffdb90,f,00000060,ff010010,0,1,1,0,0,1,1,1,0,0,1,0,0,1,1
119,119,0,0,02112623,00,ff010004,00000083,ffffdb98,f,00000060,ff01000c,0,1,1,0,0,1,1,1,0,0,1,0,0,1,1
120,120,0,0,0007a023,00,ff002000,00000010,ffffdbcc,f,00000060,ff010000,0,1,1,0,0,1,1,1,0,0,1,0,0,1,1
121,121,0,0,00010b37,00,ff002000,00000000,ffffdbf8,f,00000060,ff010004,0,1,1,0,0,1,1,1,0,0,1,0,0,1,1
122,122,0,0,00000a13,00,ff002000,00000003,ffffdc00,f,00000060,ff01000c,0,1,1,0,0,1,1,1,0,0,1,0,0,1,1
123,123,0,0,0007a223,00,ff010004,00000006,ffffdc08,f,00000060,ff010008,0,1,1,0,0,1,1,1,0,0,1,0,0,1,1
124,124,0,0,08300713,00,ff01000c,00000001,ffffdc10,f,00000060,ff010008,0,1,1,0,0,1,1,1,0,0,1,0,0,1,1
125,125,0,0,00e7a623,00,ff010008,00000001,ffffdc14,f,00000060,ff010008,0,1,1,0,0,1,1,1,0,0,1,0,0,1,1
126,126,0,0,00778793,00,ff010008,ffffda74,ffffd944,f,00000060,ffffce4c,0,1,1,0,0,1,1,1,0,0,1,0,0,1,1
127,127,0,0,00f72223,00,ffffd134,0000000d,ffffdca0,f,00000060,ff010000,0,1,1,0,0,1,1,1,0,0,1,0,0,1,1
128,128,0,0,01472783,00,ff010014,0000000a,ffffdc84,f,00000060,ff010000,0,1,1,0,0,1,1,1,0,0,1,0,0,1,0
129,129,0,0,0207f793,00,ff010014,00000053,ffffdc84,f,01c9c380,ff010000,0,1,1,0,0,1,1,1,0,0,1,0,0,1,0
130,130,0,0,0207f793,00,ff010014,00000043,ffffdc84,f,00000000,ff010000,0,1,1,0,0,1,1,1,0,0,1,0,0,1,0
131,131,0,0,0207f793,00,ff010014,00000052,ffffdc84,f,00000000,ff010000,0,1,1,0,0,1,1,1,0,0,1,0,0,1,0
132,132,0,0,0207f793,00,ff010014,00000020,ffffdc84,f,00000000,ff010000,0,1,1,0,0,1,1,1,0,0,1,0,0,1,0
133,133,0,0,0207f793,00,ff010014,0000006c,ffffdc84,f,00000000,ff010000,0,1,1,0,0,1,1,1,0,0,1,0,0,1,0
134,134,0,0,0207f793,00,ff010014,0000006f,ffffdc84,f,00000000,ff010000,0,1,1,0,0,1,1,1,0,0,1,0,0,1,0
135,135,0,0,0207f793,00,ff010014,00000061,ffffdc84,f,00000000,ff010000,0,1,1,0,0,1,1,1,0,0,1,0,0,1,0
136,136,0,0,0207f793,00,ff010014,00000064,ffffdc84,f,00000000,ff010000,0,1,1,0,0,1,1,1,0,0,1,0,0,1,0
137,137,0,0,0207f793,00,ff010014,00000065,ffffdc84,f,00000000,ff010000,0,1,1,0,0,1,1,1,0,0,1,0,0,1,0
138,138,0,0,0207f793,00,ff010014,00000072,ffffdc84,f,00000000,ff010000,0,1,1,0,0,1,1,1,0,0,1,0,0,1,0
139,139,0,0,0207f793,00,ff010014,00000020,ffffdc84,f,00000000,ff010000,0,1,1,0,0,1,1,1,0,0,1,0,0,1,0
140,140,0,0,0207f793,00,ff010014,00000076,ffffdc84,f,00000000,ff010000,0,1,1,0,0,1,1,1,0,0,1,0,0,1,0
141,141,0,0,0207f793,00,ff010014,00000031,ffffdc84,f,00000000,ff010000,0,1,1,0,0,1,1,1,0,0,1,0,0,1,0
142,142,0,0,0207f793,00,ff010014,0000002e,ffffdc84,f,00000000,ff010000,0,1,1,0,0,1,1,1,0,0,1,0,0,1,0
143,143,0,0,0207f793,00,ff010014,00000032,ffffdc84,f,00000000,ff010000,0,1,1,0,0,1,1,1,0,0,1,0,0,1,0
144,144,0,0,0207f793,00,ff010014,0000002d,ffffdc84,f,00000000,ff010000,0,1,1,0,0,1,1,1,0,0,1,0,0,1,0
145,145,0,0,0207f793,00,ff010014,00000073,ffffdc84,f,00000000,ff010000,0,1,1,0,0,1,1,1,0,0,1,0,0,1,0
146,146,0,0,0207f793,00,ff010014,00000063,ffffdc84,f,00000000,ff010000,0,1,1,0,0,1,1,1,0,0,1,0,0,1,0
147,147,0,0,0207f793,00,ff010014,00000072,ffffdc84,f,00000000,ff010000,0,1,1,0,0,1,1,1,0,0,1,0,0,1,0
148,148,0,0,0207f793,00,ff010014,00000031,ffffdc84,f,00000000,ff010000,0,1,1,0,0,1,1,1,0,0,1,0,0,1,0
149,149,0,0,0207f793,00,ff010014,0000005f,ffffdc84,f,00000000,ff010000,0,1,1,0,0,1,1,1,0,0,1,0,0,1,0
150,150,0,0,0207f793,00,ff010014,00000052,ffffdc84,f,00000000,ff010000,0,1,1,0,0,1,1,1,0,0,1,0,0,1,0
151,151,0,0,0207f793,00,ff010014,00000043,ffffdc84,f,00000000,ff010000,0,1,1,0,0,1,1,1,0,0,1,0,0,1,0
152,152,0,0,0207f793,00,ff010014,0000000d,ffffdca0,f,00000000,ff010000,0,1,1,0,0,1,1,1,0,0,1,0,0,1,0
153,153,0,0,0207f793,00,ff010014,0000000a,ffffdc84,f,00000000,ff010000,0,1,1,0,0,1,1,1,0,0,1,0,0,1,0
154,154,0,0,0207f793,00,ff010014,00000043,ffffdc84,f,00000000,ff010000,0,1,1,0,0,1,1,1,0,0,1,0,0,1,0
155,155,0,0,0207f793,00,ff010014,0000006f,ffffdc84,f,00000000,ff010000,0,1,1,0,0,1,1,1,0,0,1,0,0,1,0
156,156,0,0,0207f793,00,ff010014,00000070,ffffdc84,f,00000000,ff010000,0,1,1,0,0,1,1,1,0,0,1,0,0,1,0
157,157,0,0,0207f793,00,ff010014,00000079,ffffdc84,f,00000000,ff010000,0,1,1,0,0,1,1,1,0,0,1,0,0,1,0
158,158,0,0,0207f793,00,ff010014,00000072,ffffdc84,f,00000000,ff010000,0,1,1,0,0,1,1,1,0,0,1,0,0,1,0
159,159,0,0,0207f793,00,ff010014,00000069,ffffdc84,f,00000000,ff010000,0,1,1,0,0,1,1,1,0,0,1,0,0,1,0
160,160,0,0,0207f793,00,ff010014,00000067,ffffdc84,f,00000000,ff010000,0,1,1,0,0,1,1,1,0,0,1,0,0,1,0
161,161,0,0,0207f793,00,ff010014,00000068,ffffdc84,f,00000000,ff010000,0,1,1,0,0,1,1,1,0,0,1,0,0,1,0
162,162,0,0,0207f793,00,ff010014,00000074,ffffdc84,f,00000000,ff010000,0,1,1,0,0,1,1,1,0,0,1,0,0,1,0
163,163,0,0,0207f793,00,ff010014,00000020,ffffdc84,f,00000000,ff010000,0,1,1,0,0,1,1,1,0,0,1,0,0,1,0
164,164,0,0,0207f793,00,ff010014,00000028,ffffdc84,f,00000000,ff010000,0,1,1,0,0,1,1,1,0,0,1,0,0,1,0
165,165,0,0,0207f793,00,ff010014,00000043,ffffdc84,f,00000000,ff010000,0,1,1,0,0,1,1,1,0,0,1,0,0,1,0
166,166,0,0,0207f793,00,ff010014,00000029,ffffdc84,f,00000000,ff010000,0,1,1,0,0,1,1,1,0,0,1,0,0,1,0
167,167,0,0,0207f793,00,ff010014,00000020,ffffdc84,f,00000000,ff010000,0,1,1,0,0,1,1,1,0,0,1,0,0,1,0
168,168,0,0,0207f793,00,ff010014,00000032,ffffdc84,f,00000000,ff010000,0,1,1,0,0,1,1,1,0,0,1,0,0,1,0
169,169,0,0,0207f793,00,ff010014,00000030,ffffdc84,f,00000000,ff010000,0,1,1,0,0,1,1,1,0,0,1,0,0,1,0
170,170,0,0,0207f793,00,ff010014,00000031,ffffdc84,f,00000000,ff010000,0,1,1,0,0,1,1,1,0,0,1,0,0,1,0
171,171,0,0,0207f793,00,ff010014,00000035,ffffdc84,f,00000000,ff010000,0,1,1,0,0,1,1,1,0,0,1,0,0,1,0
172,172,0,0,0207f793,00,ff010014,0000002d,ffffdc84,f,00000000,ff010000,0,1,1,0,0,1,1,1,0,0,1,0,0,1,0
173,173,0,0,0207f793,00,ff010014,00000032,ffffdc84,f,00000000,ff010000,0,1,1,0,0,1,1,1,0,0,1,0,0,1,0
174,174,0,0,0207f793,00,ff010014,00000030,ffffdc84,f,00000000,ff010000,0,1,1,0,0,1,1,1,0,0,1,0,0,1,0
175,175,0,0,0207f793,00,ff010014,00000032,ffffdc84,f,00000000,ff010000,0,1,1,0,0,1,1,1,0,0,1,0,0,1,0
176,176,0,0,0207f793,00,ff010014,00000031,ffffdc84,f,00000000,ff010000,0,1,1,0,0,1,1,1,0,0,1,0,0,1,0
177,177,0,0,0207f793,00,ff010014,00000020,ffffdc84,f,00000000,ff010000,0,1,1,0,0,1,1,1,0,0,1,0,0,1,0
178,178,0,0,0207f793,00,ff010014,00000053,ffffdc84,f,00000000,ff010000,0,1,1,0,0,1,1,1,0,0,1,0,0,1,0
179,179,0,0,0207f793,00,ff010014,00000079,ffffdc84,f,00000000,ff010000,0,1,1,0,0,1,1,1,0,0,1,0,0,1,0
180,180,0,0,0207f793,00,ff010014,0000006e,ffffdc84,f,00000000,ff010000,0,1,1,0,0,1,1,1,0,0,1,0,0,1,0
181,181,0,0,0207f793,00,ff010014,00000074,ffffdc84,f,00000000,ff010000,0,1,1,0,0,1,1,1,0,0,1,0,0,1,0
182,182,0,0,0207f793,00,ff010014,00000061,ffffdc84,f,00000000,ff010000,0,1,1,0,0,1,1,1,0,0,1,0,0,1,0
183,183,0,0,0207f793,00,ff010014,00000063,ffffdc84,f,00000000,ff010000,0,1,1,0,0,1,1,1,0,0,1,0,0,1,0
184,184,0,0,0207f793,00,ff010014,0000006f,ffffdc84,f,00000000,ff010000,0,1,1,0,0,1,1,1,0,0,1,0,0,1,0
185,185,0,0,0207f793,00,ff010014,00000072,ffffdc84,f,00000000,ff010000,0,1,1,0,0,1,1,1,0,0,1,0,0,1,0
186,186,0,0,0207f793,00,ff010014,00000065,ffffdc84,f,00000000,ff010000,0,1,1,0,0,1,1,1,0,0,1,0,0,1,0
187,187,0,0,0207f793,00,ff010014,0000002e,ffffdc84,f,00000000,ff010000,0,1,1,0,0,1,1,1,0,0,1,0,0,1,0
188,188,0,0,0207f793,00,ff010014,00000020,ffffdc84,f,00000000,ff010000,0,1,1,0,0,1,1,1,0,0,1,0,0,1,0
189,189,0,0,0207f793,00,ff010014,00000041,ffffdc84,f,00000000,ff010000,0,1,1,0,0,1,1,1,0,0,1,0,0,1,0
190,190,0,0,0207f793,00,ff010014,0000006c,ffffdc84,f,00000000,ff010000,0,1,1,0,0,1,1,1,0,0,1,0,0,1,0
191,191,0,0,0207f793,00,ff010014,0000006c,ffffdc84,f,00000000,ff010000,0,1,1,0,0,1,1,1,0,0,1,0,0,1,0
192,192,0,0,0207f793,00,ff010014,00000020,ffffdc84,f,00000000,ff010000,0,1,1,0,0,1,1,1,0,0,1,0,0,1,0
193,193,0,0,0207f793,00,ff010014,00000072,ffffdc84,f,00000000,ff010000,0,1,1,0,0,1,1,1,0,0,1,0,0,1,0
194,194,0,0,0207f793,00,ff010014,00000069,ffffdc84,f,00000000,ff010000,0,1,1,0,0,1,1,1,0,0,1,0,0,1,0
195,195,0,0,0207f793,00,ff010014,00000067,ffffdc84,f,00000000,ff010000,0,1,1,0,0,1,1,1,0,0,1,0,0,1,0
196,196,0,0,0207f793,00,ff010014,00000068,ffffdc84,f,00000000,ff010000,0,1,1,0,0,1,1,1,0,0,1,0,0,1,0
197,197,0,0,0207f793,00,ff010014,00000074,ffffdc84,f,00000000,ff010000,0,1,1,0,0,1,1,1,0,0,1,0,0,1,0
198,198,0,0,0207f793,00,ff010014,00000073,ffffdc84,f,00000000,ff010000,0,1,1,0,0,1,1,1,0,0,1,0,0,1,0
199,199,0,0,0207f793,00,ff010014,00000020,ffffdc84,f,00000000,ff010000,0,1,1,0,0,1,1,1,0,0,1,0,0,1,0
200,200,0,0,0207f793,00,ff010014,00000072,ffffdc84,f,00000000,ff010000,0,1,1,0,0,1,1,1,0,0,1,0,0,1,0
201,201,0,0,0207f793,00,ff010014,00000065,ffffdc84,f,00000000,ff010000,0,1,1,0,0,1,1,1,0,0,1,0,0,1,0
202,202,0,0,0207f793,00,ff010014,00000073,ffffdc84,f,00000000,ff010000,0,1,1,0,0,1,1,1,0,0,1,0,0,1,0
203,203,0,0,0207f793,00,ff010014,00000065,ffffdc84,f,00000000,ff010000,0,1,1,0,0,1,1,1,0,0,1,0,0,1,0
204,204,0,0,0207f793,00,ff010014,00000072,ffffdc84,f,00000000,ff010000,0,1,1,0,0,1,1,1,0,0,1,0,0,1,0
205,205,0,0,0207f793,00,ff010014,00000076,ffffdc84,f,00000000,ff010000,0,1,1,0,0,1,1,1,0,0,1,0,0,1,0
206,206,0,0,0207f793,00,ff010014,00000065,ffffdc84,f,00000000,ff010000,0,1,1,0,0,1,1,1,0,0,1,0,0,1,0
207,207,0,0,0207f793,00,ff010014,00000064,ffffdc84,f,00000000,ff010000,0,1,1,0,0,1,1,1,0,0,1,0,0,1,0
208,208,0,0,0207f793,00,ff010014,0000002e,ffffdc84,f,00000000,ff010000,0,1,1,0,0,1,1,1,0,0,1,0,0,1,0
209,209,0,0,0207f793,00,ff010014,0000000d,ffffdca0,f,00000000,ff010000,0,1,1,0,0,1,1,1,0,0,1,0,0,1,0
210,210,0,0,0207f793,00,ff010014,0000000a,ffffdc84,f,00000000,ff010000,0,1,1,0,0,1,1,1,0,0,1,0,0,1,0
211,211,0,0,0207f793,00,ff010000,ffffd000,ffffd698,f,00000000,ffffce20,0,1,1,0,0,1,1,1,0,0,1,0,0,1,1
212,212,0,0,01472783,00,ffffd189,ffffd004,ffffd6a4,f,00000000,ffffce24,0,1,1,0,0,1,1,1,0,0,1,0,0,1,0
213,213,0,0,00d72023,00,ffffce20,ffffd008,ffffd6b0,f,00000000,ffffce28,0,1,1,0,0,1,1,1,0,0,1,0,0,1,0
214,214,0,0,01472783,00,ffffce24,ffffd000,ffffd6c4,f,00000000,ffffce40,0,1,1,0,0,1,1,1,0,0,1,0,0,1,1
215,215,0,0,0207f793,00,ffffce28,00000000,ffffd6c8,f,00000000,ffffce38,0,1,1,0,0,1,1,1,0,0,1,0,0,1,1
216,216,0,0,fe078ce3,00,ffffce40,ffffd00c,ffffd6cc,f,00000000,ffffce2c,0,1,1,0,0,1,1,1,0,0,1,0,0,1,1
217,217,0,0,00d72023,00,ffffce38,ffffda7c,ffffd6d0,f,00000000,ffffce4c,0,1,1,0,0,1,1,1,0,0,1,0,0,1,1
218,218,0,0,01472783,00,ffffce2c,00000000,ffffd6d4,f,00000000,ffffce48,0,1,1,0,0,1,1,1,0,0,1,0,0,1,1
219,219,0,0,0207f793,00,ffffce4c,00000000,ffffd6d8,f,00000000,ffffce44,0,1,1,0,0,1,1,1,0,0,1,0,0,1,1
220,220,0,0,fe078ce3,00,ffffce48,00000000,ffffd6dc,f,00000000,ffffce3c,0,1,1,0,0,1,1,1,0,0,1,0,0,1,1
221,221,0,0,0207f793,00,ff010014,00000049,ffffdc84,f,00000000,ff010000,0,1,1,0,0,1,1,1,0,0,1,0,0,1,0
222,222,0,0,0207f793,00,ff010014,00000053,ffffdc84,f,00000000,ff010000,0,1,1,0,0,1,1,1,0,0,1,0,0,1,0
223,223,0,0,0207f793,00,ff010014,00000041,ffffdc84,f,00000000,ff010000,0,1,1,0,0,1,1,1,0,0,1,0,0,1,0
224,224,0,0,0207f793,00,ff010014,0000003a,ffffdc84,f,00000000,ff010000,0,1,1,0,0,1,1,1,0,0,1,0,0,1,0
225,225,0,0,0207f793,00,ff010014,00000020,ffffdc84,f,00000000,ff010000,0,1,1,0,0,1,1,1,0,0,1,0,0,1,0
226,226,0,0,0207f793,00,ff010014,00000052,ffffdc84,f,00000000,ff010000,0,1,1,0,0,1,1,1,0,0,1,0,0,1,0
227,227,0,0,0207f793,00,ff010014,00000056,ffffdc84,f,00000000,ff010000,0,1,1,0,0,1,1,1,0,0,1,0,0,1,0
228,228,0,0,0207f793,00,ff010014,00000033,ffffdc84,f,00000000,ff010000,0,1,1,0,0,1,1,1,0,0,1,0,0,1,0
229,229,0,0,0207f793,00,ff010014,00000032,ffffdc84,f,00000000,ff010000,0,1,1,0,0,1,1,1,0,0,1,0,0,1,0
230,230,0,0,fe078ce3,00,ff010014,00000049,ffffdc38,f,00000000,ff010000,0,1,1,0,0,1,1,1,0,0,1,0,0,1,0
231,231,0,0,fe078ce3,00,ff010014,0000004d,ffffdc38,f,00000000,ff010000,0,1,1,0,0,1,1,1,0,0,1,0,0,1,0
232,232,0,0,fbf50793,00,ff010014,00000043,ffffdc38,f,00000020,ff010000,0,1,1,0,0,1,1,1,0,0,1,0,0,1,0
233,233,0,0,0207f793,00,ff010014,00000020,ffffdc84,f,00000000,ff010000,0,1,1,0,0,1,1,1,0,0,1,0,0,1,0
234,234,0,0,0207f793,00,ff010014,0000005b,ffffdc84,f,00005b20,ff010000,0,1,1,0,0,1,1,1,0,0,1,0,0,1,0
235,235,0,0,00f67613,00,ff010014,00000034,ffffddc0,f,00000000,ff010000,0,1,1,0,0,1,1,1,0,0,1,0,0,1,1
236,236,0,0,01472783,00,ff010014,00000030,ffffddf4,f,00000000,ff010000,0,1,1,0,0,1,1,1,0,0,1,0,0,1,0
237,237,0,0,00f6f793,00,ff010014,00000030,ffffde24,f,00000000,ff010000,0,1,1,0,0,1,1,1,0,0,1,0,0,1,0
238,238,0,0,fe078ce3,00,ff010014,00000030,ffffde40,f,00000000,ff010000,0,1,1,0,0,1,1,1,0,0,1,0,0,1,0
239,239,0,0,00f6f693,00,ff010014,00000031,ffffdcf0,f,00000000,ff010000,0,1,1,0,0,1,1,1,0,0,1,0,0,1,0
240,240,0,0,01472783,00,ff010014,00000031,ffffdd24,f,00000000,ff010000,0,1,1,0,0,1,1,1,0,0,1,0,0,1,1
241,241,0,0,00f57513,00,ff010014,00000030,ffffdd54,f,00000000,ff010000,0,1,1,0,0,1,1,1,0,0,1,0,0,1,1
242,242,0,0,0207f793,00,ff010014,00000034,ffffdd6c,f,00000000,ff010000,0,1,1,0,0,1,1,1,0,0,1,0,0,1,0
243,243,0,0,0207f793,00,ff010014,0000005d,ffffdc84,f,00000000,ff010000,0,1,1,0,0,1,1,1,0,0,1,0,0,1,0
244,244,0,0,0207f793,00,ff010014,00000020,ffffdc84,f,00000000,ff010000,0,1,1,0,0,1,1,1,0,0,1,0,0,1,0
245,245,0,0,0207f793,00,ff010014,00000049,ffffdc84,f,00000000,ff010000,0,1,1,0,0,1,1,1,0,0,1,0,0,1,0
246,246,0,0,0207f793,00,ff010014,0000004d,ffffdc84,f,00000000,ff010000,0,1,1,0,0,1,1,1,0,0,1,0,0,1,0
247,247,0,0,0207f793,00,ff010014,00000050,ffffdc84,f,00000000,ff010000,0,1,1,0,0,1,1,1,0,0,1,0,0,1,0
248,248,0,0,0207f793,00,ff010014,00000049,ffffdc84,f,00000000,ff010000,0,1,1,0,0,1,1,1,0,0,1,0,0,1,0
249,249,0,0,0207f793,00,ff010014,00000044,ffffdc84,f,00000000,ff010000,0,1,1,0,0,1,1,1,0,0,1,0,0,1,0
250,250,0,0,0207f793,00,ff010014,0000003a,ffffdc84,f,00000000,ff010000,0,1,1,0,0,1,1,1,0,0,1,0,0,1,0
251,251,0,0,0207f793,00,ff010014,00000020,ffffdc84,f,00000000,ff010000,0,1,1,0,0,1,1,1,0,0,1,0,0,1,0
252,252,0,0,00f67613,00,ff010014,00000032,ffffddc0,f,00000000,ff010000,0,1,1,0,0,1,1,1,0,0,1,0,0,1,0
253,253,0,0,01472783,00,ff010014,00000032,ffffddf4,f,00000000,ff010000,0,1,1,0,0,1,1,1,0,0,1,0,0,1,0
254,254,0,0,00f6f793,00,ff010014,00000030,ffffde24,f,00000000,ff010000,0,1,1,0,0,1,1,1,0,0,1,0,0,1,0
255,255,0,0,fe078ce3,00,ff010014,00000031,ffffde40,f,00000000,ff010000,0,1,1,0,0,1,1,1,0,0,1,0,0,1,0
256,256,0,0,00f6f693,00,ff010014,00000031,ffffdcf0,f,00000000,ff010000,0,1,1,0,0,1,1,1,0,0,1,0,0,1,1
257,257,0,0,01472783,00,ff010014,00000032,ffffdd24,f,00000000,ff010000,0,1,1,0,0,1,1,1,0,0,1,0,0,1,1
258,258,0,0,00f57513,00,ff010014,00000030,ffffdd54,f,00000000,ff010000,0,1,1,0,0,1,1,1,0,0,1,0,0,1,0
259,259,0,0,0207f793,00,ff010014,00000030,ffffdd6c,f,00000000,ff010000,0,1,1,0,0,1,1,1,0,0,1,0,0,1,0
260,260,0,0,0207f793,00,ff010014,0000000d,ffffdca0,f,00000000,ff010000,0,1,1,0,0,1,1,1,0,0,1,0,0,1,0
261,261,0,0,0207f793,00,ff010014,0000000a,ffffdc84,f,00000000,ff010000,0,1,1,0,0,1,1,1,0,0,1,0,0,1,0
262,262,0,0,0207f793,00,ff010014,00000053,ffffdc84,f,00000000,ff010000,0,1,1,0,0,1,1,1,0,0,1,0,0,1,0
263,263,0,0,0207f793,00,ff010014,0000004f,ffffdc84,f,00000000,ff010000,0,1,1,0,0,1,1,1,0,0,1,0,0,1,0
264,264,0,0,0207f793,00,ff010014,00000043,ffffdc84,f,00000000,ff010000,0,1,1,0,0,1,1,1,0,0,1,0,0,1,0
265,265,0,0,0207f793,00,ff010014,00000049,ffffdc84,f,00000000,ff010000,0,1,1,0,0,1,1,1,0,0,1,0,0,1,0
266,266,0,0,0207f793,00,ff010014,00000044,ffffdc84,f,00000000,ff010000,0,1,1,0,0,1,1,1,0,0,1,0,0,1,0
267,267,0,0,0207f793,00,ff010014,0000003a,ffffdc84,f,00000000,ff010000,0,1,1,0,0,1,1,1,0,0,1,0,0,1,0
268,268,0,0,0207f793,00,ff010014,00000020,ffffdc84,f,00000000,ff010000,0,1,1,0,0,1,1,1,0,0,1,0,0,1,0
269,269,0,0,00f67613,00,ff010014,00000032,ffffddc0,f,00000000,ff010000,0,1,1,0,0,1,1,1,0,0,1,0,0,1,0
270,270,0,0,01472783,00,ff010014,00000031,ffffddf4,f,00000000,ff010000,0,1,1,0,0,1,1,1,0,0,1,0,0,1,0
271,271,0,0,00f6f793,00,ff010014,00000030,ffffde24,f,00000000,ff010000,0,1,1,0,0,1,1,1,0,0,1,0,0,1,1
272,272,0,0,fe078ce3,00,ff010014,00000034,ffffde40,f,00000000,ff010000,0,1,1,0,0,1,1,1,0,0,1,0,0,1,0
273,273,0,0,00f6f693,00,ff010014,00000032,ffffdcf0,f,00000000,ff010000,0,1,1,0,0,1,1,1,0,0,1,0,0,1,0
274,274,0,0,01472783,00,ff010014,00000036,ffffdd24,f,00000000,ff010000,0,1,1,0,0,1,1,1,0,0,1,0,0,1,0
275,275,0,0,00f57513,00,ff010014,00000030,ffffdd54,f,00000000,ff010000,0,1,1,0,0,1,1,1,0,0,1,0,0,1,0
276,276,0,0,0207f793,00,ff010014,00000030,ffffdd6c,f,00000000,ff010000,0,1,1,0,0,1,1,1,0,0,1,0,0,1,0
277,277,0,0,0207f793,00,ff010014,00000020,ffffdc84,f,00000000,ff010000,0,1,1,0,0,1,1,1,0,0,1,0,0,1,0
278,278,0,0,0207f793,00,ff010014,00000042,ffffdc84,f,00000000,ff010000,0,1,1,0,0,1,1,1,0,0,1,0,0,1,0
279,279,0,0,0207f793,00,ff010014,0000004c,ffffdc84,f,00000000,ff010000,0,1,1,0,0,1,1,1,0,0,1,0,0,1,0
280,280,0,0,0207f793,00,ff010014,00000044,ffffdc84,f,00000000,ff010000,0,1,1,0,0,1,1,1,0,0,1,0,0,1,0
281,281,0,0,0207f793,00,ff010014,00000049,ffffdc84,f,00000000,ff010000,0,1,1,0,0,1,1,1,0,0,1,0,0,1,0
282,282,0,0,0207f793,00,ff010014,00000044,ffffdc84,f,00000000,ff010000,0,1,1,0,0,1,1,1,0,0,1,0,0,1,0
283,283,0,0,0207f793,00,ff010014,0000003a,ffffdc84,f,00000000,ff010000,0,1,1,0,0,1,1,1,0,0,1,0,0,1,0
284,284,0,0,0207f793,00,ff010014,00000020,ffffdc84,f,00000000,ff010000,0,1,1,0,0,1,1,1,0,0,1,0,0,1,0
285,285,0,0,00f67613,00,ff010014,00000032,ffffddc0,f,00000000,ff010000,0,1,1,0,0,1,1,1,0,0,1,0,0,1,0
286,286,0,0,01472783,00,ff010014,00000032,ffffddf4,f,00000000,ff010000,0,1,1,0,0,1,1,1,0,0,1,0,0,1,0
287,287,0,0,00f6f793,00,ff010014,00000030,ffffde24,f,00000000,ff010000,0,1,1,0,0,1,1,1,0,0,1,0,0,1,0
288,288,0,0,fe078ce3,00,ff010014,00000031,ffffde40,f,00000000,ff010000,0,1,1,0,0,1,1,1,0,0,1,0,0,1,0
289,289,0,0,00f6f693,00,ff010014,00000031,ffffdcf0,f,00000000,ff010000,0,1,1,0,0,1,1,1,0,0,1,0,0,1,1
290,290,0,0,01472783,00,ff010014,00000032,ffffdd24,f,00000000,ff010000,0,1,1,0,0,1,1,1,0,0,1,0,0,1,1
291,291,0,0,00f57513,00,ff010014,00000030,ffffdd54,f,00000000,ff010000,0,1,1,0,0,1,1,1,0,0,1,0,0,1,0
292,292,0,0,0207f793,00,ff010014,00000032,ffffdd6c,f,00000000,ff010000,0,1,1,0,0,1,1,1,0,0,1,0,0,1,0
293,293,0,0,0207f793,00,ff010014,0000000d,ffffdca0,f,00000000,ff010000,0,1,1,0,0,1,1,1,0,0,1,0,0,1,0
294,294,0,0,0207f793,00,ff010014,0000000a,ffffdc84,f,00000000,ff010000,0,1,1,0,0,1,1,1,0,0,1,0,0,1,0
295,295,0,0,0207f793,00,ff010014,00000050,ffffdc84,f,00000000,ff010000,0,1,1,0,0,1,1,1,0,0,1,0,0,1,0
296,296,0,0,0207f793,00,ff010014,0000006c,ffffdc84,f,00000000,ff010000,0,1,1,0,0,1,1,1,0,0,1,0,0,1,0
297,297,0,0,0207f793,00,ff010014,00000061,ffffdc84,f,00000000,ff010000,0,1,1,0,0,1,1,1,0,0,1,0,0,1,0
298,298,0,0,0207f793,00,ff010014,00000074,ffffdc84,f,00000000,ff010000,0,1,1,0,0,1,1,1,0,0,1,0,0,1,0
299,299,0,0,0207f793,00,ff010014,00000066,ffffdc84,f,00000000,ff010000,0,1,1,0,0,1,1,1,0,0,1,0,0,1,0
300,300,0,0,0207f793,00,ff010014,0000006f,ffffdc84,f,00000000,ff010000,0,1,1,0,0,1,1,1,0,0,1,0,0,1,0
301,301,0,0,0207f793,00,ff010014,00000072,ffffdc84,f,00000000,ff010000,0,1,1,0,0,1,1,1,0,0,1,0,0,1,0
302,302,0,0,0207f793,00,ff010014,0000006d,ffffdc84,f,00000000,ff010000,0,1,1,0,0,1,1,1,0,0,1,0,0,1,0
303,303,0,0,0207f793,00,ff010014,0000003a,ffffdc84,f,00000000,ff010000,0,1,1,0,0,1,1,1,0,0,1,0,0,1,0
304,304,0,0,0207f793,00,ff010014,00000020,ffffdc84,f,00000000,ff010000,0,1,1,0,0,1,1,1,0,0,1,0,0,1,0
305,305,0,0,0207f793,00,ff010014,0000006e,ffffdc84,f,00000000,ff010000,0,1,1,0,0,1,1,1,0,0,1,0,0,1,0
306,306,0,0,0207f793,00,ff010014,00000065,ffffdc84,f,00000000,ff010000,0,1,1,0,0,1,1,1,0,0,1,0,0,1,0
307,307,0,0,0207f793,00,ff010014,00000078,ffffdc84,f,00000000,ff010000,0,1,1,0,0,1,1,1,0,0,1,0,0,1,0
308,308,0,0,0207f793,00,ff010014,00000079,ffffdc84,f,00000000,ff010000,0,1,1,0,0,1,1,1,0,0,1,0,0,1,0
309,309,0,0,0207f793,00,ff010014,00000073,ffffdc84,f,00000000,ff010000,0,1,1,0,0,1,1,1,0,0,1,0,0,1,0
310,310,0,0,0207f793,00,ff010014,00000034,ffffdc84,f,00000000,ff010000,0,1,1,0,0,1,1,1,0,0,1,0,0,1,0
311,311,0,0,0207f793,00,ff010014,00000064,ffffdc84,f,00000000,ff010000,0,1,1,0,0,1,1,1,0,0,1,0,0,1,0
312,312,0,0,0207f793,00,ff010014,00000064,ffffdc84,f,00000000,ff010000,0,1,1,0,0,1,1,1,0,0,1,0,0,1,0
313,313,0,0,0207f793,00,ff010014,00000072,ffffdc84,f,00000000,ff010000,0,1,1,0,0,1,1,1,0,0,1,0,0,1,0
314,314,0,0,0207f793,00,ff010014,0000005f,ffffdc84,f,00000000,ff010000,0,1,1,0,0,1,1,1,0,0,1,0,0,1,0
315,315,0,0,0207f793,00,ff010014,00000073,ffffdc84,f,00000000,ff010000,0,1,1,0,0,1,1,1,0,0,1,0,0,1,0
316,316,0,0,0207f793,00,ff010014,00000063,ffffdc84,f,00000000,ff010000,0,1,1,0,0,1,1,1,0,0,1,0,0,1,0
317,317,0,0,0207f793,00,ff010014,00000072,ffffdc84,f,00000000,ff010000,0,1,1,0,0,1,1,1,0,0,1,0,0,1,0
318,318,0,0,0207f793,00,ff010014,00000031,ffffdc84,f,00000000,ff010000,0,1,1,0,0,1,1,1,0,0,1,0,0,1,0
319,319,0,0,0207f793,00,ff010014,0000002c,ffffdc84,f,00000000,ff010000,0,1,1,0,0,1,1,1,0,0,1,0,0,1,0
320,320,0,0,0207f793,00,ff010014,00000020,ffffdc84,f,00000000,ff010000,0,1,1,0,0,1,1,1,0,0,1,0,0,1,0
321,321,0,0,0207f793,00,ff010014,00000063,ffffdc84,f,00000000,ff010000,0,1,1,0,0,1,1,1,0,0,1,0,0,1,0
322,322,0,0,0207f793,00,ff010014,00000070,ffffdc84,f,00000000,ff010000,0,1,1,0,0,1,1,1,0,0,1,0,0,1,0
323,323,0,0,0207f793,00,ff010014,00000075,ffffdc84,f,00000000,ff010000,0,1,1,0,0,1,1,1,0,0,1,0,0,1,0
324,324,0,0,0207f793,00,ff010014,00000063,ffffdc84,f,00000000,ff010000,0,1,1,0,0,1,1,1,0,0,1,0,0,1,0
325,325,0,0,0207f793,00,ff010014,0000006c,ffffdc84,f,00000000,ff010000,0,1,1,0,0,1,1,1,0,0,1,0,0,1,0
326,326,0,0,0207f793,00,ff010014,0000006b,ffffdc84,f,00000000,ff010000,0,1,1,0,0,1,1,1,0,0,1,0,0,1,0
327,327,0,0,0207f793,00,ff010014,00000020,ffffdc84,f,00000000,ff010000,0,1,1,0,0,1,1,1,0,0,1,0,0,1,0
328,328,0,0,0207f793,00,ff010014,00000033,ffffe060,f,00000000,ff010000,0,1,1,0,0,1,1,1,0,0,1,0,0,1,0
329,329,0,0,0207f793,00,ff010014,00000030,ffffe060,f,00000000,ff010000,0,1,1,0,0,1,1,1,0,0,1,0,0,1,0
330,330,0,0,0207f793,00,ff010014,0000004d,ffffdc84,f,00000000,ff010000,0,1,1,0,0,1,1,1,0,0,1,0,0,1,0
331,331,0,0,0207f793,00,ff010014,00000048,ffffdc84,f,00000000,ff010000,0,1,1,0,0,1,1,1,0,0,1,0,0,1,0
332,332,0,0,0207f793,00,ff010014,0000007a,ffffdc84,f,00000000,ff010000,0,1,1,0,0,1,1,1,0,0,1,0,0,1,0
333,333,0,0,0207f793,00,ff010014,0000002c,ffffdc84,f,00000000,ff010000,0,1,1,0,0,1,1,1,0,0,1,0,0,1,0
334,334,0,0,0207f793,00,ff010014,00000020,ffffdc84,f,00000000,ff010000,0,1,1,0,0,1,1,1,0,0,1,0,0,1,0
335,335,0,0,0207f793,00,ff010014,00000073,ffffdc84,f,00000000,ff010000,0,1,1,0,0,1,1,1,0,0,1,0,0,1,0
336,336,0,0,0207f793,00,ff010014,00000079,ffffdc84,f,00000000,ff010000,0,1,1,0,0,1,1,1,0,0,1,0,0,1,0
337,337,0,0,0207f793,00,ff010014,00000073,ffffdc84,f,00000000,ff010000,0,1,1,0,0,1,1,1,0,0,1,0,0,1,0
338,338,0,0,0207f793,00,ff010014,00000063,ffffdc84,f,00000000,ff010000,0,1,1,0,0,1,1,1,0,0,1,0,0,1,0
339,339,0,0,0207f793,00,ff010014,0000006c,ffffdc84,f,00000000,ff010000,0,1,1,0,0,1,1,1,0,0,1,0,0,1,0
340,340,0,0,0207f793,00,ff010014,0000006b,ffffdc84,f,00000000,ff010000,0,1,1,0,0,1,1,1,0,0,1,0,0,1,0
341,341,0,0,0207f793,00,ff010014,00000020,ffffdc84,f,00000000,ff010000,0,1,1,0,0,1,1,1,0,0,1,0,0,1,0
342,342,0,0,0207f793,00,ff010014,00000033,ffffe060,f,00000000,ff010000,0,1,1,0,0,1,1,1,0,0,1,0,0,1,0
343,343,0,0,0207f793,00,ff010014,00000030,ffffe060,f,00000000,ff010000,0,1,1,0,0,1,1,1,0,0,1,0,0,1,0
344,344,0,0,0207f793,00,ff010014,0000004d,ffffdc84,f,00000000,ff010000,0,1,1,0,0,1,1,1,0,0,1,0,0,1,0
345,345,0,0,0207f793,00,ff010014,00000048,ffffdc84,f,00000000,ff010000,0,1,1,0,0,1,1,1,0,0,1,0,0,1,0
346,346,0,0,0207f793,00,ff010014,0000007a,ffffdc84,f,00000000,ff010000,0,1,1,0,0,1,1,1,0,0,1,0,0,1,0
347,347,0,0,0207f793,00,ff010014,0000000d,ffffdca0,f,00000000,ff010000,0,1,1,0,0,1,1,1,0,0,1,0,0,1,0
348,348,0,0,0207f793,00,ff010014,0000000a,ffffdc84,f,00000000,ff010000,0,1,1,0,0,1,1,1,0,0,1,0,0,1,0
349,349,0,0,0207f793,00,ff010014,0000004d,ffffdc84,f,00000000,ff010000,0,1,1,0,0,1,1,1,0,0,1,0,0,1,0
350,350,0,0,0207f793,00,ff010014,00000065,ffffdc84,f,00000000,ff010000,0,1,1,0,0,1,1,1,0,0,1,0,0,1,0
351,351,0,0,0207f793,00,ff010014,0000006d,ffffdc84,f,00000000,ff010000,0,1,1,0,0,1,1,1,0,0,1,0,0,1,0
352,352,0,0,0207f793,00,ff010014,0000006f,ffffdc84,f,00000000,ff010000,0,1,1,0,0,1,1,1,0,0,1,0,0,1,0
353,353,0,0,0207f793,00,ff010014,00000072,ffffdc84,f,00000000,ff010000,0,1,1,0,0,1,1,1,0,0,1,0,0,1,0
354,354,0,0,0207f793,00,ff010014,00000079,ffffdc84,f,00000000,ff010000,0,1,1,0,0,1,1,1,0,0,1,0,0,1,0
355,355,0,0,0207f793,00,ff010014,00000020,ffffdc84,f,00000000,ff010000,0,1,1,0,0,1,1,1,0,0,1,0,0,1,0
356,356,0,0,0207f793,00,ff010014,0000006d,ffffdc84,f,00000000,ff010000,0,1,1,0,0,1,1,1,0,0,1,0,0,1,0
357,357,0,0,0207f793,00,ff010014,00000061,ffffdc84,f,00000000,ff010000,0,1,1,0,0,1,1,1,0,0,1,0,0,1,0
358,358,0,0,0207f793,00,ff010014,00000070,ffffdc84,f,00000000,ff010000,0,1,1,0,0,1,1,1,0,0,1,0,0,1,0
359,359,0,0,0207f793,00,ff010014,0000003a,ffffdc84,f,00000000,ff010000,0,1,1,0,0,1,1,1,0,0,1,0,0,1,0
360,360,0,0,0207f793,00,ff010014,0000000d,ffffdca0,f,00000000,ff010000,0,1,1,0,0,1,1,1,0,0,1,0,0,1,0
361,361,0,0,0207f793,00,ff010014,0000000a,ffffdc84,f,00000000,ff010000,0,1,1,0,0,1,1,1,0,0,1,0,0,1,0
362,362,0,0,00f67613,00,ff010014,00000030,ffffddc0,f,00000000,ff010000,0,1,1,0,0,1,1,1,0,0,1,0,0,1,0
363,363,0,0,01472783,00,ff010014,00000030,ffffddf4,f,00000000,ff010000,0,1,1,0,0,1,1,1,0,0,1,0,0,1,0
364,364,0,0,00f6f793,00,ff010014,00000030,ffffde24,f,00000000,ff010000,0,1,1,0,0,1,1,1,0,0,1,0,0,1,0
365,365,0,0,fe078ce3,00,ff010014,00000030,ffffde40,f,00000000,ff010000,0,1,1,0,0,1,1,1,0,0,1,0,0,1,0
366,366,0,0,00f6f693,00,ff010014,00000030,ffffdcf0,f,00000000,ff010000,0,1,1,0,0,1,1,1,0,0,1,0,0,1,0
367,367,0,0,01472783,00,ff010014,00000030,ffffdd24,f,00000000,ff010000,0,1,1,0,0,1,1,1,0,0,1,0,0,1,0
368,368,0,0,00f57513,00,ff010014,00000030,ffffdd54,f,00000000,ff010000,0,1,1,0,0,1,1,1,0,0,1,0,0,1,0
369,369,0,0,0207f793,00,ff010014,00000030,ffffdd6c,f,00000000,ff010000,0,1,1,0,0,1,1,1,0,0,1,0,0,1,0
370,370,0,0,fe078ce3,00,ff010014,0000002d,ffffdc38,f,00000000,ff010000,0,1,1,0,0,1,1,1,0,0,1,0,0,1,0
371,371,0,0,00f67613,00,ff010014,00000030,ffffddc0,f,00000000,ff010000,0,1,1,0,0,1,1,1,0,0,1,0,0,1,1
372,372,0,0,01472783,00,ff010014,00000037,ffffddf4,f,00000000,ff010000,0,1,1,0,0,1,1,1,0,0,1,0,0,1,0
373,373,0,0,00f6f793,00,ff010014,00000046,ffffde24,f,00000000,ff010000,0,1,1,0,0,1,1,1,0,0,1,0,0,1,1
374,374,0,0,fe078ce3,00,ff010014,00000046,ffffde40,f,00000000,ff010000,0,1,1,0,0,1,1,1,0,0,1,0,0,1,0
375,375,0,0,00f6f693,00,ff010014,00000046,ffffdcf0,f,00000000,ff010000,0,1,1,0,0,1,1,1,0,0,1,0,0,1,0
376,376,0,0,01472783,00,ff010014,00000046,ffffdd24,f,00000000,ff010000,0,1,1,0,0,1,1,1,0,0,1,0,0,1,0
377,377,0,0,00f57513,00,ff010014,00000046,ffffdd54,f,00000000,ff010000,0,1,1,0,0,1,1,1,0,0,1,0,0,1,0
378,378,0,0,0207f793,00,ff010014,00000046,ffffdd6c,f,00000000,ff010000,0,1,1,0,0,1,1,1,0,0,1,0,0,1,0
379,379,0,0,fe078ce3,00,ff010014,00000009,ffffdc38,f,00000000,ff010000,0,1,1,0,0,1,1,1,0,0,1,0,0,1,0
380,380,0,0,00f67613,00,ff010014,00000030,ffffddc0,f,00000000,ff010000,0,1,1,0,0,1,1,1,0,0,1,0,0,1,1
381,381,0,0,01472783,00,ff010014,00000030,ffffddf4,f,00000000,ff010000,0,1,1,0,0,1,1,1,0,0,1,0,0,1,0
382,382,0,0,00f6f793,00,ff010014,00000030,ffffde24,f,00000000,ff010000,0,1,1,0,0,1,1,1,0,0,1,0,0,1,0
383,383,0,0,fe078ce3,00,ff010014,00000030,ffffde40,f,00000000,ff010000,0,1,1,0,0,1,1,1,0,0,1,0,0,1,0
384,384,0,0,00f6f693,00,ff010014,00000030,ffffdcf0,f,00000000,ff010000,0,1,1,0,0,1,1,1,0,0,1,0,0,1,0
385,385,0,0,01472783,00,ff010014,00000030,ffffdd24,f,00000000,ff010000,0,1,1,0,0,1,1,1,0,0,1,0,0,1,0
386,386,0,0,00f57513,00,ff010014,00000030,ffffdd54,f,00000000,ff010000,0,1,1,0,0,1,1,1,0,0,1,0,0,1,0
387,387,0,0,0207f793,00,ff010014,00000030,ffffdd6c,f,00000000,ff010000,0,1,1,0,0,1,1,1,0,0,1,0,0,1,0
388,388,0,0,fe078ce3,00,ff010014,00000009,ffffdc38,f,00000000,ff010000,0,1,1,0,0,1,1,1,0,0,1,0,0,1,0
389,389,0,0,0207f793,00,ff010014,00000044,ffffdc84,f,00000000,ff010000,0,1,1,0,0,1,1,1,0,0,1,0,0,1,0
390,390,0,0,0207f793,00,ff010014,00000044,ffffdc84,f,00000000,ff010000,0,1,1,0,0,1,1,1,0,0,1,0,0,1,0
391,391,0,0,0207f793,00,ff010014,00000052,ffffdc84,f,00000000,ff010000,0,1,1,0,0,1,1,1,0,0,1,0,0,1,0
392,392,0,0,fe078ce3,00,ff010014,0000000d,ffffdc54,f,00000000,ff010000,0,1,1,0,0,1,1,1,0,0,1,0,0,1,0
393,393,0,0,fe078ce3,00,ff010014,0000000a,ffffdc38,f,00000000,ff010000,0,1,1,0,0,1,1,1,0,0,1,0,0,1,0
394,394,0,0,00f67613,00,ff010014,00000046,ffffddc0,f,00000000,ff010000,0,1,1,0,0,1,1,1,0,0,1,0,0,1,0
395,395,0,0,01472783,00,ff010014,00000030,ffffddf4,f,00000000,ff010000,0,1,1,0,0,1,1,1,0,0,1,0,0,1,0
396,396,0,0,00f6f793,00,ff010014,00000030,ffffde24,f,00000000,ff010000,0,1,1,0,0,1,1,1,0,0,1,0,0,1,0
397,397,0,0,fe078ce3,00,ff010014,00000030,ffffde40,f,00000000,ff010000,0,1,1,0,0,1,1,1,0,0,1,0,0,1,0
398,398,0,0,00f6f693,00,ff010014,00000030,ffffdcf0,f,00000000,ff010000,0,1,1,0,0,1,1,1,0,0,1,0,0,1,0
399,399,0,0,01472783,00,ff010014,00000030,ffffdd24,f,00000000,ff010000,0,1,1,0,0,1,1,1,0,0,1,0,0,1,0
400,400,0,0,00f57513,00,ff010014,00000030,ffffdd54,f,00000000,ff010000,0,1,1,0,0,1,1,1,0,0,1,0,0,1,0
401,401,0,0,0207f793,00,ff010014,00000030,ffffdd6c,f,00000000,ff010000,0,1,1,0,0,1,1,1,0,0,1,0,0,1,0
402,402,0,0,fe078ce3,00,ff010014,0000002d,ffffdc38,f,00000000,ff010000,0,1,1,0,0,1,1,1,0,0,1,0,0,1,0
403,403,0,0,00f67613,00,ff010014,00000046,ffffddc0,f,00000000,ff010000,0,1,1,0,0,1,1,1,0,0,1,0,0,1,1
404,404,0,0,01472783,00,ff010014,00000030,ffffddf4,f,00000000,ff010000,0,1,1,0,0,1,1,1,0,0,1,0,0,1,0
405,405,0,0,00f6f793,00,ff010014,00000030,ffffde24,f,00000000,ff010000,0,1,1,0,0,1,1,1,0,0,1,0,0,1,0
406,406,0,0,fe078ce3,00,ff010014,00000031,ffffde40,f,00000000,ff010000,0,1,1,0,0,1,1,1,0,0,1,0,0,1,0
407,407,0,0,00f6f693,00,ff010014,00000046,ffffdcf0,f,00000000,ff010000,0,1,1,0,0,1,1,1,0,0,1,0,0,1,1
408,408,0,0,01472783,00,ff010014,00000046,ffffdd24,f,00000000,ff010000,0,1,1,0,0,1,1,1,0,0,1,0,0,1,0
409,409,0,0,00f57513,00,ff010014,00000046,ffffdd54,f,00000000,ff010000,0,1,1,0,0,1,1,1,0,0,1,0,0,1,0
410,410,0,0,0207f793,00,ff010014,00000046,ffffdd6c,f,00000000,ff010000,0,1,1,0,0,1,1,1,0,0,1,0,0,1,0
411,411,0,0,fe078ce3,00,ff010014,00000009,ffffdc38,f,00000000,ff010000,0,1,1,0,0,1,1,1,0,0,1,0,0,1,0
412,412,0,0,00f67613,00,ff010014,00000030,ffffddc0,f,00000000,ff010000,0,1,1,0,0,1,1,1,0,0,1,0,0,1,1
413,413,0,0,01472783,00,ff010014,00000030,ffffddf4,f,00000000,ff010000,0,1,1,0,0,1,1,1,0,0,1,0,0,1,0
414,414,0,0,00f6f793,00,ff010014,00000030,ffffde24,f,00000000,ff010000,0,1,1,0,0,1,1,1,0,0,1,0,0,1,0
415,415,0,0,fe078ce3,00,ff010014,00000030,ffffde40,f,00000000,ff010000,0,1,1,0,0,1,1,1,0,0,1,0,0,1,0
416,416,0,0,00f6f693,00,ff010014,00000030,ffffdcf0,f,00000000,ff010000,0,1,1,0,0,1,1,1,0,0,1,0,0,1,0
417,417,0,0,01472783,00,ff010014,00000030,ffffdd24,f,00000000,ff010000,0,1,1,0,0,1,1,1,0,0,1,0,0,1,0
418,418,0,0,00f57513,00,ff010014,00000030,ffffdd54,f,00000000,ff010000,0,1,1,0,0,1,1,1,0,0,1,0,0,1,0
419,419,0,0,0207f793,00,ff010014,00000030,ffffdd6c,f,00000000,ff010000,0,1,1,0,0,1,1,1,0,0,1,0,0,1,0
420,420,0,0,fe078ce3,00,ff010014,00000009,ffffdc38,f,00000000,ff010000,0,1,1,0,0,1,1,1,0,0,1,0,0,1,0
421,421,0,0,0207f793,00,ff010014,00000054,ffffdc84,f,00000000,ff010000,0,1,1,0,0,1,1,1,0,0,1,0,0,1,0
422,422,0,0,0207f793,00,ff010014,00000043,ffffdc84,f,00000000,ff010000,0,1,1,0,0,1,1,1,0,0,1,0,0,1,0
423,423,0,0,0207f793,00,ff010014,0000004d,ffffdc84,f,00000000,ff010000,0,1,1,0,0,1,1,1,0,0,1,0,0,1,0
424,424,0,0,fe078ce3,00,ff010014,0000000d,ffffdc54,f,00000000,ff010000,0,1,1,0,0,1,1,1,0,0,1,0,0,1,0
425,425,0,0,fe078ce3,00,ff010014,0000000a,ffffdc38,f,00000000,ff010000,0,1,1,0,0,1,1,1,0,0,1,0,0,1,0
426,426,0,0,00f67613,00,ff010014,00000046,ffffddc0,f,00000000,ff010000,0,1,1,0,0,1,1,1,0,0,1,0,0,1,0
427,427,0,0,01472783,00,ff010014,00000030,ffffddf4,f,00000000,ff010000,0,1,1,0,0,1,1,1,0,0,1,0,0,1,0
428,428,0,0,00f6f793,00,ff010014,00000030,ffffde24,f,00000000,ff010000,0,1,1,0,0,1,1,1,0,0,1,0,0,1,0
429,429,0,0,fe078ce3,00,ff010014,00000034,ffffde40,f,00000000,ff010000,0,1,1,0,0,1,1,1,0,0,1,0,0,1,0
430,430,0,0,00f6f693,00,ff010014,00000030,ffffdcf0,f,00000000,ff010000,0,1,1,0,0,1,1,1,0,0,1,0,0,1,0
431,431,0,0,01472783,00,ff010014,00000030,ffffdd24,f,00000000,ff010000,0,1,1,0,0,1,1,1,0,0,1,0,0,1,0
432,432,0,0,00f57513,00,ff010014,00000030,ffffdd54,f,00000000,ff010000,0,1,1,0,0,1,1,1,0,0,1,0,0,1,0
433,433,0,0,0207f793,00,ff010014,00000030,ffffdd6c,f,00000000,ff010000,0,1,1,0,0,1,1,1,0,0,1,0,0,1,0
434,434,0,0,fe078ce3,00,ff010014,0000002d,ffffdc38,f,00000000,ff010000,0,1,1,0,0,1,1,1,0,0,1,0,0,1,0
435,435,0,0,00f67613,00,ff010014,00000046,ffffddc0,f,00000000,ff010000,0,1,1,0,0,1,1,1,0,0,1,0,0,1,1
436,436,0,0,01472783,00,ff010014,00000030,ffffddf4,f,00000000,ff010000,0,1,1,0,0,1,1,1,0,0,1,0,0,1,0
437,437,0,0,00f6f793,00,ff010014,00000030,ffffde24,f,00000000,ff010000,0,1,1,0,0,1,1,1,0,0,1,0,0,1,0
438,438,0,0,fe078ce3,00,ff010014,00000034,ffffde40,f,00000000,ff010000,0,1,1,0,0,1,1,1,0,0,1,0,0,1,0
439,439,0,0,00f6f693,00,ff010014,00000030,ffffdcf0,f,00000000,ff010000,0,1,1,0,0,1,1,1,0,0,1,0,0,1,0
440,440,0,0,01472783,00,ff010014,00000046,ffffdd24,f,00000000,ff010000,0,1,1,0,0,1,1,1,0,0,1,0,0,1,0
441,441,0,0,00f57513,00,ff010014,00000046,ffffdd54,f,00000000,ff010000,0,1,1,0,0,1,1,1,0,0,1,0,0,1,0
442,442,0,0,0207f793,00,ff010014,00000046,ffffdd6c,f,00000000,ff010000,0,1,1,0,0,1,1,1,0,0,1,0,0,1,0
443,443,0,0,fe078ce3,00,ff010014,00000009,ffffdc38,f,00000000,ff010000,0,1,1,0,0,1,1,1,0,0,1,0,0,1,0
444,444,0,0,00f67613,00,ff010014,00000030,ffffddc0,f,00000000,ff010000,0,1,1,0,0,1,1,1,0,0,1,0,0,1,1
445,445,0,0,01472783,00,ff010014,00000030,ffffddf4,f,00000000,ff010000,0,1,1,0,0,1,1,1,0,0,1,0,0,1,0
446,446,0,0,00f6f793,00,ff010014,00000030,ffffde24,f,00000000,ff010000,0,1,1,0,0,1,1,1,0,0,1,0,0,1,0
447,447,0,0,fe078ce3,00,ff010014,00000030,ffffde40,f,00000000,ff010000,0,1,1,0,0,1,1,1,0,0,1,0,0,1,0
448,448,0,0,00f6f693,00,ff010014,00000030,ffffdcf0,f,00000000,ff010000,0,1,1,0,0,1,1,1,0,0,1,0,0,1,0
449,449,0,0,01472783,00,ff010014,00000030,ffffdd24,f,00000000,ff010000,0,1,1,0,0,1,1,1,0,0,1,0,0,1,0
450,450,0,0,00f57513,00,ff010014,00000030,ffffdd54,f,00000000,ff010000,0,1,1,0,0,1,1,1,0,0,1,0,0,1,0
451,451,0,0,0207f793,00,ff010014,00000030,ffffdd6c,f,00000000,ff010000,0,1,1,0,0,1,1,1,0,0,1,0,0,1,0
452,452,0,0,fe078ce3,00,ff010014,00000009,ffffdc38,f,00000000,ff010000,0,1,1,0,0,1,1,1,0,0,1,0,0,1,0
453,453,0,0,0207f793,00,ff010014,0000004d,ffffdc84,f,00000000,ff010000,0,1,1,0,0,1,1,1,0,0,1,0,0,1,0
454,454,0,0,0207f793,00,ff010014,00000054,ffffdc84,f,00000000,ff010000,0,1,1,0,0,1,1,1,0,0,1,0,0,1,0
455,455,0,0,0207f793,00,ff010014,00000069,ffffdc84,f,00000000,ff010000,0,1,1,0,0,1,1,1,0,0,1,0,0,1,0
456,456,0,0,0207f793,00,ff010014,0000006d,ffffdc84,f,00000000,ff010000,0,1,1,0,0,1,1,1,0,0,1,0,0,1,0
457,457,0,0,0207f793,00,ff010014,00000065,ffffdc84,f,00000000,ff010000,0,1,1,0,0,1,1,1,0,0,1,0,0,1,0
458,458,0,0,0207f793,00,ff010014,00000072,ffffdc84,f,00000000,ff010000,0,1,1,0,0,1,1,1,0,0,1,0,0,1,0
459,459,0,0,fe078ce3,00,ff010014,0000000d,ffffdc54,f,00000000,ff010000,0,1,1,0,0,1,1,1,0,0,1,0,0,1,0
460,460,0,0,fe078ce3,00,ff010014,0000000a,ffffdc38,f,00000000,ff010000,0,1,1,0,0,1,1,1,0,0,1,0,0,1,0
461,461,0,0,00f67613,00,ff010014,00000046,ffffddc0,f,00000000,ff010000,0,1,1,0,0,1,1,1,0,0,1,0,0,1,0
462,462,0,0,01472783,00,ff010014,00000046,ffffddf4,f,00000000,ff010000,0,1,1,0,0,1,1,1,0,0,1,0,0,1,0
463,463,0,0,00f6f793,00,ff010014,00000030,ffffde24,f,00000000,ff010000,0,1,1,0,0,1,1,1,0,0,1,0,0,1,0
464,464,0,0,fe078ce3,00,ff010014,00000030,ffffde40,f,00000000,ff010000,0,1,1,0,0,1,1,1,0,0,1,0,0,1,0
465,465,0,0,00f6f693,00,ff010014,00000030,ffffdcf0,f,00000000,ff010000,0,1,1,0,0,1,1,1,0,0,1,0,0,1,0
466,466,0,0,01472783,00,ff010014,00000030,ffffdd24,f,00000000,ff010000,0,1,1,0,0,1,1,1,0,0,1,0,0,1,0
467,467,0,0,00f57513,00,ff010014,00000030,ffffdd54,f,00000000,ff010000,0,1,1,0,0,1,1,1,0,0,1,0,0,1,0
468,468,0,0,0207f793,00,ff010014,00000030,ffffdd6c,f,00000000,ff010000,0,1,1,0,0,1,1,1,0,0,1,0,0,1,0
469,469,0,0,fe078ce3,00,ff010014,0000002d,ffffdc38,f,00000000,ff010000,0,1,1,0,0,1,1,1,0,0,1,0,0,1,0
470,470,0,0,00f67613,00,ff010014,00000046,ffffddc0,f,00000000,ff010000,0,1,1,0,0,1,1,1,0,0,1,0,0,1,1
471,471,0,0,01472783,00,ff010014,00000046,ffffddf4,f,00000000,ff010000,0,1,1,0,0,1,1,1,0,0,1,0,0,1,0
472,472,0,0,00f6f793,00,ff010014,00000030,ffffde24,f,00000000,ff010000,0,1,1,0,0,1,1,1,0,0,1,0,0,1,0
473,473,0,0,fe078ce3,00,ff010014,00000046,ffffde40,f,00000000,ff010000,0,1,1,0,0,1,1,1,0,0,1,0,0,1,0
474,474,0,0,00f6f693,00,ff010014,00000046,ffffdcf0,f,00000000,ff010000,0,1,1,0,0,1,1,1,0,0,1,0,0,1,0
475,475,0,0,01472783,00,ff010014,00000046,ffffdd24,f,00000000,ff010000,0,1,1,0,0,1,1,1,0,0,1,0,0,1,0
476,476,0,0,00f57513,00,ff010014,00000046,ffffdd54,f,00000000,ff010000,0,1,1,0,0,1,1,1,0,0,1,0,0,1,0
477,477,0,0,0207f793,00,ff010014,00000046,ffffdd6c,f,00000000,ff010000,0,1,1,0,0,1,1,1,0,0,1,0,0,1,0
478,478,0,0,fe078ce3,00,ff010014,00000009,ffffdc38,f,00000000,ff010000,0,1,1,0,0,1,1,1,0,0,1,0,0,1,0
479,479,0,0,00f67613,00,ff010014,00000030,ffffddc0,f,00000000,ff010000,0,1,1,0,0,1,1,1,0,0,1,0,0,1,1
480,480,0,0,01472783,00,ff010014,00000030,ffffddf4,f,00000000,ff010000,0,1,1,0,0,1,1,1,0,0,1,0,0,1,0
481,481,0,0,00f6f793,00,ff010014,00000030,ffffde24,f,00000000,ff010000,0,1,1,0,0,1,1,1,0,0,1,0,0,1,0
482,482,0,0,fe078ce3,00,ff010014,00000030,ffffde40,f,00000000,ff010000,0,1,1,0,0,1,1,1,0,0,1,0,0,1,0
483,483,0,0,00f6f693,00,ff010014,00000030,ffffdcf0,f,00000000,ff010000,0,1,1,0,0,1,1,1,0,0,1,0,0,1,0
484,484,0,0,01472783,00,ff010014,00000030,ffffdd24,f,00000000,ff010000,0,1,1,0,0,1,1,1,0,0,1,0,0,1,0
485,485,0,0,00f57513,00,ff010014,00000030,ffffdd54,f,00000000,ff010000,0,1,1,0,0,1,1,1,0,0,1,0,0,1,0
486,486,0,0,0207f793,00,ff010014,00000030,ffffdd6c,f,00000000,ff010000,0,1,1,0,0,1,1,1,0,0,1,0,0,1,0
487,487,0,0,fe078ce3,00,ff010014,00000009,ffffdc38,f,00000000,ff010000,0,1,1,0,0,1,1,1,0,0,1,0,0,1,0
488,488,0,0,0207f793,00,ff010014,0000004d,ffffdc84,f,00000000,ff010000,0,1,1,0,0,1,1,1,0,0,1,0,0,1,0
489,489,0,0,0207f793,00,ff010014,0000004d,ffffdc84,f,00000000,ff010000,0,1,1,0,0,1,1,1,0,0,1,0,0,1,0
490,490,0,0,0207f793,00,ff010014,00000049,ffffdc84,f,00000000,ff010000,0,1,1,0,0,1,1,1,0,0,1,0,0,1,0
491,491,0,0,0207f793,00,ff010014,0000004f,ffffdc84,f,00000000,ff010000,0,1,1,0,0,1,1,1,0,0,1,0,0,1,0
492,492,0,0,fe078ce3,00,ff010014,0000000d,ffffdc54,f,00000000,ff010000,0,1,1,0,0,1,1,1,0,0,1,0,0,1,0
493,493,0,0,fe078ce3,00,ff010014,0000000a,ffffdc38,f,00000000,ff010000,0,1,1,0,0,1,1,1,0,0,1,0,0,1,0
494,494,0,0,00f67613,00,ff010014,00000046,ffffddc0,f,00000000,ff010000,0,1,1,0,0,1,1,1,0,0,1,0,0,1,0
495,495,0,0,01472783,00,ff010014,00000046,ffffddf4,f,00000000,ff010000,0,1,1,0,0,1,1,1,0,0,1,0,0,1,0
496,496,0,0,00f6f793,00,ff010014,00000046,ffffde24,f,00000000,ff010000,0,1,1,0,0,1,1,1,0,0,1,0,0,1,0
497,497,0,0,fe078ce3,00,ff010014,00000046,ffffde40,f,00000000,ff010000,0,1,1,0,0,1,1,1,0,0,1,0,0,1,0
498,498,0,0,00f6f693,00,ff010014,00000030,ffffdcf0,f,00000000,ff010000,0,1,1,0,0,1,1,1,0,0,1,0,0,1,0
499,499,0,0,01472783,00,ff010014,00000030,ffffdd24,f,00000000,ff010000,0,1,1,0,0,1,1,1,0,0,1,0,0,1,0
500,500,0,0,00f57513,00,ff010014,00000030,ffffdd54,f,00000000,ff010000,0,1,1,0,0,1,1,1,0,0,1,0,0,1,0
501,501,0,0,0207f793,00,ff010014,00000030,ffffdd6c,f,00000000,ff010000,0,1,1,0,0,1,1,1,0,0,1,0,0,1,0
502,502,0,0,fe078ce3,00,ff010014,0000002d,ffffdc38,f,00000000,ff010000,0,1,1,0,0,1,1,1,0,0,1,0,0,1,0
503,503,0,0,00f67613,00,ff010014,00000046,ffffddc0,f,00000000,ff010000,0,1,1,0,0,1,1,1,0,0,1,0,0,1,1
504,504,0,0,01472783,00,ff010014,00000046,ffffddf4,f,00000000,ff010000,0,1,1,0,0,1,1,1,0,0,1,0,0,1,0
505,505,0,0,00f6f793,00,ff010014,00000046,ffffde24,f,00000000,ff010000,0,1,1,0,0,1,1,1,0,0,1,0,0,1,0
506,506,0,0,fe078ce3,00,ff010014,00000046,ffffde40,f,00000000,ff010000,0,1,1,0,0,1,1,1,0,0,1,0,0,1,0
507,507,0,0,00f6f693,00,ff010014,00000046,ffffdcf0,f,00000000,ff010000,0,1,1,0,0,1,1,1,0,0,1,0,0,1,0
508,508,0,0,01472783,00,ff010014,00000046,ffffdd24,f,00000000,ff010000,0,1,1,0,0,1,1,1,0,0,1,0,0,1,0
509,509,0,0,00f57513,00,ff010014,00000046,ffffdd54,f,00000000,ff010000,0,1,1,0,0,1,1,1,0,0,1,0,0,1,0
510,510,0,0,0207f793,00,ff010014,00000046,ffffdd6c,f,00000000,ff010000,0,1,1,0,0,1,1,1,0,0,1,0,0,1,0
511,511,0,0,fe078ce3,00,ff010014,00000009,ffffdc38,f,00000000,ff010000,0,1,1,0,0,1,1,1,0,0,1,0,0,1,0
512,512,0,0,00f67613,00,ff010014,00000030,ffffddc0,f,00000000,ff010000,0,1,1,0,0,1,1,1,0,0,1,0,0,1,1
513,513,0,0,01472783,00,ff010014,00000030,ffffddf4,f,00000000,ff010000,0,1,1,0,0,1,1,1,0,0,1,0,0,1,0
514,514,0,0,00f6f793,00,ff010014,00000030,ffffde24,f,00000000,ff010000,0,1,1,0,0,1,1,1,0,0,1,0,0,1,0
515,515,0,0,fe078ce3,00,ff010014,00000030,ffffde40,f,00000000,ff010000,0,1,1,0,0,1,1,1,0,0,1,0,0,1,0
516,516,0,0,00f6f693,00,ff010014,00000030,ffffdcf0,f,00000000,ff010000,0,1,1,0,0,1,1,1,0,0,1,0,0,1,0
517,517,0,0,01472783,00,ff010014,00000030,ffffdd24,f,00000000,ff010000,0,1,1,0,0,1,1,1,0,0,1,0,0,1,0
518,518,0,0,00f57513,00,ff010014,00000030,ffffdd54,f,00000000,ff010000,0,1,1,0,0,1,1,1,0,0,1,0,0,1,0
519,519,0,0,0207f793,00,ff010014,00000030,ffffdd6c,f,00000000,ff010000,0,1,1,0,0,1,1,1,0,0,1,0,0,1,0
520,520,0,0,fe078ce3,00,ff010014,00000009,ffffdc38,f,00000000,ff010000,0,1,1,0,0,1,1,1,0,0,1,0,0,1,0
521,521,0,0,0207f793,00,ff010014,0000004f,ffffdc84,f,00000000,ff010000,0,1,1,0,0,1,1,1,0,0,1,0,0,1,0
522,522,0,0,0207f793,00,ff010014,0000006e,ffffdc84,f,00000000,ff010000,0,1,1,0,0,1,1,1,0,0,1,0,0,1,0
523,523,0,0,0207f793,00,ff010014,0000002d,ffffdc84,f,00000000,ff010000,0,1,1,0,0,1,1,1,0,0,1,0,0,1,0
524,524,0,0,0207f793,00,ff010014,00000043,ffffdc84,f,00000000,ff010000,0,1,1,0,0,1,1,1,0,0,1,0,0,1,0
525,525,0,0,0207f793,00,ff010014,00000068,ffffdc84,f,00000000,ff010000,0,1,1,0,0,1,1,1,0,0,1,0,0,1,0
526,526,0,0,0207f793,00,ff010014,00000069,ffffdc84,f,00000000,ff010000,0,1,1,0,0,1,1,1,0,0,1,0,0,1,0
527,527,0,0,0207f793,00,ff010014,00000070,ffffdc84,f,00000000,ff010000,0,1,1,0,0,1,1,1,0,0,1,0,0,1,0
528,528,0,0,0207f793,00,ff010014,00000020,ffffdc84,f,00000000,ff010000,0,1,1,0,0,1,1,1,0,0,1,0,0,1,0
529,529,0,0,0207f793,00,ff010014,00000052,ffffdc84,f,00000000,ff010000,0,1,1,0,0,1,1,1,0,0,1,0,0,1,0
530,530,0,0,0207f793,00,ff010014,00000041,ffffdc84,f,00000000,ff010000,0,1,1,0,0,1,1,1,0,0,1,0,0,1,0
531,531,0,0,0207f793,00,ff010014,0000004d,ffffdc84,f,00000000,ff010000,0,1,1,0,0,1,1,1,0,0,1,0,0,1,0
532,532,0,0,fe078ce3,00,ff010014,0000000d,ffffdc54,f,00000000,ff010000,0,1,1,0,0,1,1,1,0,0,1,0,0,1,0
533,533,0,0,fe078ce3,00,ff010014,0000000a,ffffdc38,f,00000000,ff010000,0,1,1,0,0,1,1,1,0,0,1,0,0,1,0
534,534,0,0,0207f793,00,ffffce3c,00000000,ffffd964,f,00000000,ffffce3c,0,1,1,0,0,1,1,1,0,0,1,0,0,1,0
535,535,0,0,0ff57793,00,ffffce38,00000000,ffffd96c,f,00000000,ffffce48,0,1,1,0,0,1,1,1,0,0,1,0,0,1,1
536,536,0,0,fe078ce3,00,ffffce3c,ffffd1ac,ffffd978,f,00000000,ffffce40,0,1,1,0,0,1,1,1,0,0,1,0,0,1,1
537,537,0,0,0ff57793,00,ffffce48,00000000,ffffd97c,f,00000000,ffffce38,0,1,1,0,0,1,1,1,0,0,1,0,0,1,1
538,538,0,0,01472783,00,ffffce40,ffffda84,ffffd980,f,00000000,ffffce4c,0,1,1,0,0,1,1,1,0,0,1,0,0,1,1
539,539,0,0,0207f793,00,ffffce38,00000000,ffffd984,f,00000000,ffffce44,0,1,1,0,0,1,1,1,0,0,1,0,0,1,1
540,540,0,0,0207f793,00,ff010014,0000000d,ffffdca0,f,00000000,ff010000,0,1,1,0,0,1,1,1,0,0,1,0,0,1,0
541,541,0,0,0207f793,00,ff010014,0000000a,ffffdc84,f,00000000,ff010000,0,1,1,0,0,1,1,1,0,0,1,0,0,1,0
542,542,0,0,fe078ce3,00,ff010014,00000031,ffffdc38,f,00000000,ff010000,0,1,1,0,0,1,1,1,0,0,1,0,0,1,0
543,543,0,0,0207f793,00,ff010014,0000003a,ffffdc84,f,00000000,ff010000,0,1,1,0,0,1,1,1,0,0,1,0,0,1,0
544,544,0,0,0207f793,00,ff010014,00000020,ffffdc84,f,00000000,ff010000,0,1,1,0,0,1,1,1,0,0,1,0,0,1,0
545,545,0,0,0207f793,00,ff010014,00000078,ffffdc84,f,00000000,ff010000,0,1,1,0,0,1,1,1,0,0,1,0,0,1,0
546,546,0,0,0207f793,00,ff010014,0000006d,ffffdc84,f,00000000,ff010000,0,1,1,0,0,1,1,1,0,0,1,0,0,1,0
547,547,0,0,0207f793,00,ff010014,0000006f,ffffdc84,f,00000000,ff010000,0,1,1,0,0,1,1,1,0,0,1,0,0,1,0
548,548,0,0,0207f793,00,ff010014,00000064,ffffdc84,f,00000000,ff010000,0,1,1,0,0,1,1,1,0,0,1,0,0,1,0
549,549,0,0,0207f793,00,ff010014,00000065,ffffdc84,f,00000000,ff010000,0,1,1,0,0,1,1,1,0,0,1,0,0,1,0
550,550,0,0,0207f793,00,ff010014,0000006d,ffffdc84,f,00000000,ff010000,0,1,1,0,0,1,1,1,0,0,1,0,0,1,0
551,551,0,0,0207f793,00,ff010014,00000020,ffffdc84,f,00000000,ff010000,0,1,1,0,0,1,1,1,0,0,1,0,0,1,0
552,552,0,0,0207f793,00,ff010014,0000006c,ffffdc84,f,00000000,ff010000,0,1,1,0,0,1,1,1,0,0,1,0,0,1,0
553,553,0,0,0207f793,00,ff010014,0000006f,ffffdc84,f,00000000,ff010000,0,1,1,0,0,1,1,1,0,0,1,0,0,1,0
554,554,0,0,0207f793,00,ff010014,00000061,ffffdc84,f,00000000,ff010000,0,1,1,0,0,1,1,1,0,0,1,0,0,1,0
555,555,0,0,0207f793,00,ff010014,00000064,ffffdc84,f,00000000,ff010000,0,1,1,0,0,1,1,1,0,0,1,0,0,1,0
556,556,0,0,0207f793,00,ff010014,00000020,ffffdc84,f,00000000,ff010000,0,1,1,0,0,1,1,1,0,0,1,0,0,1,0
557,557,0,0,0207f793,00,ff010014,00000040,ffffdc84,f,00000000,ff010000,0,1,1,0,0,1,1,1,0,0,1,0,0,1,0
558,558,0,0,0207f793,00,ff010014,00000061,ffffdc84,f,00000000,ff010000,0,1,1,0,0,1,1,1,0,0,1,0,0,1,0
559,559,0,0,0207f793,00,ff010014,00000064,ffffdc84,f,00000000,ff010000,0,1,1,0,0,1,1,1,0,0,1,0,0,1,0
560,560,0,0,0207f793,00,ff010014,00000064,ffffdc84,f,00000000,ff010000,0,1,1,0,0,1,1,1,0,0,1,0,0,1,0
561,561,0,0,0207f793,00,ff010014,00000072,ffffdc84,f,00000000,ff010000,0,1,1,0,0,1,1,1,0,0,1,0,0,1,0
562,562,0,0,0207f793,00,ff010014,0000000d,ffffdca0,f,00000000,ff010000,0,1,1,0,0,1,1,1,0,0,1,0,0,1,0
563,563,0,0,0207f793,00,ff010014,0000000a,ffffdc84,f,00000000,ff010000,0,1,1,0,0,1,1,1,0,0,1,0,0,1,0
564,564,0,0,fe078ce3,00,ff010014,00000067,ffffdc38,f,00000000,ff010000,0,1,1,0,0,1,1,1,0,0,1,0,0,1,0
565,565,0,0,0207f793,00,ff010014,0000003a,ffffdc84,f,00000000,ff010000,0,1,1,0,0,1,1,1,0,0,1,0,0,1,0
566,566,0,0,0207f793,00,ff010014,00000020,ffffdc84,f,00000000,ff010000,0,1,1,0,0,1,1,1,0,0,1,0,0,1,0
567,567,0,0,0207f793,00,ff010014,00000073,ffffdc84,f,00000000,ff010000,0,1,1,0,0,1,1,1,0,0,1,0,0,1,0
568,568,0,0,0207f793,00,ff010014,00000074,ffffdc84,f,00000000,ff010000,0,1,1,0,0,1,1,1,0,0,1,0,0,1,0
569,569,0,0,0207f793,00,ff010014,00000061,ffffdc84,f,00000000,ff010000,0,1,1,0,0,1,1,1,0,0,1,0,0,1,0
570,570,0,0,0207f793,00,ff010014,00000072,ffffdc84,f,00000000,ff010000,0,1,1,0,0,1,1,1,0,0,1,0,0,1,0
571,571,0,0,0207f793,00,ff010014,00000074,ffffdc84,f,00000000,ff010000,0,1,1,0,0,1,1,1,0,0,1,0,0,1,0
572,572,0,0,0207f793,00,ff010014,00000020,ffffdc84,f,00000000,ff010000,0,1,1,0,0,1,1,1,0,0,1,0,0,1,0
573,573,0,0,0207f793,00,ff010014,00000040,ffffdc84,f,00000000,ff010000,0,1,1,0,0,1,1,1,0,0,1,0,0,1,0
574,574,0,0,0207f793,00,ff010014,00000061,ffffdc84,f,00000000,ff010000,0,1,1,0,0,1,1,1,0,0,1,0,0,1,0
575,575,0,0,0207f793,00,ff010014,00000064,ffffdc84,f,00000000,ff010000,0,1,1,0,0,1,1,1,0,0,1,0,0,1,0
576,576,0,0,0207f793,00,ff010014,00000064,ffffdc84,f,00000000,ff010000,0,1,1,0,0,1,1,1,0,0,1,0,0,1,0
577,577,0,0,0207f793,00,ff010014,00000072,ffffdc84,f,00000000,ff010000,0,1,1,0,0,1,1,1,0,0,1,0,0,1,0
578,578,0,0,0207f793,00,ff010014,0000000d,ffffdca0,f,00000000,ff010000,0,1,1,0,0,1,1,1,0,0,1,0,0,1,0
579,579,0,0,0207f793,00,ff010014,0000000a,ffffdc84,f,00000000,ff010000,0,1,1,0,0,1,1,1,0,0,1,0,0,1,0
580,580,0,0,fe078ce3,00,ff010014,00000064,ffffdc38,f,00000000,ff010000,0,1,1,0,0,1,1,1,0,0,1,0,0,1,0
581,581,0,0,0207f793,00,ff010014,0000003a,ffffdc84,f,00000000,ff010000,0,1,1,0,0,1,1,1,0,0,1,0,0,1,0
582,582,0,0,0207f793,00,ff010014,00000020,ffffdc84,f,00000000,ff010000,0,1,1,0,0,1,1,1,0,0,1,0,0,1,0
583,583,0,0,0207f793,00,ff010014,00000064,ffffdc84,f,00000000,ff010000,0,1,1,0,0,1,1,1,0,0,1,0,0,1,0
584,584,0,0,0207f793,00,ff010014,00000075,ffffdc84,f,00000000,ff010000,0,1,1,0,0,1,1,1,0,0,1,0,0,1,0
585,585,0,0,0207f793,00,ff010014,0000006d,ffffdc84,f,00000000,ff010000,0,1,1,0,0,1,1,1,0,0,1,0,0,1,0
586,586,0,0,0207f793,00,ff010014,00000070,ffffdc84,f,00000000,ff010000,0,1,1,0,0,1,1,1,0,0,1,0,0,1,0
587,587,0,0,0207f793,00,ff010014,00000020,ffffdc84,f,00000000,ff010000,0,1,1,0,0,1,1,1,0,0,1,0,0,1,0
588,588,0,0,0207f793,00,ff010014,0000006d,ffffdc84,f,00000000,ff010000,0,1,1,0,0,1,1,1,0,0,1,0,0,1,0
589,589,0,0,0207f793,00,ff010014,00000065,ffffdc84,f,00000000,ff010000,0,1,1,0,0,1,1,1,0,0,1,0,0,1,0
590,590,0,0,0207f793,00,ff010014,0000006d,ffffdc84,f,00000000,ff010000,0,1,1,0,0,1,1,1,0,0,1,0,0,1,0
591,591,0,0,0207f793,00,ff010014,0000000d,ffffdca0,f,00000000,ff010000,0,1,1,0,0,1,1,1,0,0,1,0,0,1,0
592,592,0,0,0207f793,00,ff010014,0000000a,ffffdc84,f,00000000,ff010000,0,1,1,0,0,1,1,1,0,0,1,0,0,1,0
593,593,0,0,fe078ce3,00,ff010014,0000006d,ffffdc38,f,00000000,ff010000,0,1,1,0,0,1,1,1,0,0,1,0,0,1,0
594,594,0,0,0207f793,00,ff010014,0000003a,ffffdc84,f,00000000,ff010000,0,1,1,0,0,1,1,1,0,0,1,0,0,1,0
595,595,0,0,0207f793,00,ff010014,00000020,ffffdc84,f,00000000,ff010000,0,1,1,0,0,1,1,1,0,0,1,0,0,1,0
596,596,0,0,0207f793,00,ff010014,0000006d,ffffdc84,f,00000000,ff010000,0,1,1,0,0,1,1,1,0,0,1,0,0,1,0
597,597,0,0,0207f793,00,ff010014,0000006f,ffffdc84,f,00000000,ff010000,0,1,1,0,0,1,1,1,0,0,1,0,0,1,0
598,598,0,0,0207f793,00,ff010014,00000064,ffffdc84,f,00000000,ff010000,0,1,1,0,0,1,1,1,0,0,1,0,0,1,0
599,599,0,0,0207f793,00,ff010014,00000069,ffffdc84,f,00000000,ff010000,0,1,1,0,0,1,1,1,0,0,1,0,0,1,0
600,600,0,0,0207f793,00,ff010014,00000066,ffffdc84,f,00000000,ff010000,0,1,1,0,0,1,1,1,0,0,1,0,0,1,0
601,601,0,0,0207f793,00,ff010014,00000079,ffffdc84,f,00000000,ff010000,0,1,1,0,0,1,1,1,0,0,1,0,0,1,0
602,602,0,0,0207f793,00,ff010014,00000020,ffffdc84,f,00000000,ff010000,0,1,1,0,0,1,1,1,0,0,1,0,0,1,0
603,603,0,0,0207f793,00,ff010014,0000006d,ffffdc84,f,00000000,ff010000,0,1,1,0,0,1,1,1,0,0,1,0,0,1,0
604,604,0,0,0207f793,00,ff010014,00000065,ffffdc84,f,00000000,ff010000,0,1,1,0,0,1,1,1,0,0,1,0,0,1,0
605,605,0,0,0207f793,00,ff010014,0000006d,ffffdc84,f,00000000,ff010000,0,1,1,0,0,1,1,1,0,0,1,0,0,1,0
606,606,0,0,0207f793,00,ff010014,0000000d,ffffdca0,f,00000000,ff010000,0,1,1,0,0,1,1,1,0,0,1,0,0,1,0
607,607,0,0,0207f793,00,ff010014,0000000a,ffffdc84,f,00000000,ff010000,0,1,1,0,0,1,1,1,0,0,1,0,0,1,0
608,608,0,0,fe078ce3,00,ff010014,00000069,ffffdc38,f,00000000,ff010000,0,1,1,0,0,1,1,1,0,0,1,0,0,1,0
609,609,0,0,0207f793,00,ff010014,0000003a,ffffdc84,f,00000000,ff010000,0,1,1,0,0,1,1,1,0,0,1,0,0,1,0
610,610,0,0,0207f793,00,ff010014,00000020,ffffdc84,f,00000000,ff010000,0,1,1,0,0,1,1,1,0,0,1,0,0,1,0
611,611,0,0,0207f793,00,ff010014,00000070,ffffdc84,f,00000000,ff010000,0,1,1,0,0,1,1,1,0,0,1,0,0,1,0
612,612,0,0,0207f793,00,ff010014,0000006c,ffffdc84,f,00000000,ff010000,0,1,1,0,0,1,1,1,0,0,1,0,0,1,0
613,613,0,0,0207f793,00,ff010014,00000061,ffffdc84,f,00000000,ff010000,0,1,1,0,0,1,1,1,0,0,1,0,0,1,0
614,614,0,0,0207f793,00,ff010014,00000074,ffffdc84,f,00000000,ff010000,0,1,1,0,0,1,1,1,0,0,1,0,0,1,0
615,615,0,0,0207f793,00,ff010014,00000066,ffffdc84,f,00000000,ff010000,0,1,1,0,0,1,1,1,0,0,1,0,0,1,0
616,616,0,0,0207f793,00,ff010014,0000006f,ffffdc84,f,00000000,ff010000,0,1,1,0,0,1,1,1,0,0,1,0,0,1,0
617,617,0,0,0207f793,00,ff010014,00000072,ffffdc84,f,00000000,ff010000,0,1,1,0,0,1,1,1,0,0,1,0,0,1,0
618,618,0,0,0207f793,00,ff010014,0000006d,ffffdc84,f,00000000,ff010000,0,1,1,0,0,1,1,1,0,0,1,0,0,1,0
619,619,0,0,0207f793,00,ff010014,00000020,ffffdc84,f,00000000,ff010000,0,1,1,0,0,1,1,1,0,0,1,0,0,1,0
620,620,0,0,0207f793,00,ff010014,00000069,ffffdc84,f,00000000,ff010000,0,1,1,0,0,1,1,1,0,0,1,0,0,1,0
621,621,0,0,0207f793,00,ff010014,0000006e,ffffdc84,f,00000000,ff010000,0,1,1,0,0,1,1,1,0,0,1,0,0,1,0
622,622,0,0,0207f793,00,ff010014,00000066,ffffdc84,f,00000000,ff010000,0,1,1,0,0,1,1,1,0,0,1,0,0,1,0
623,623,0,0,0207f793,00,ff010014,0000006f,ffffdc84,f,00000000,ff010000,0,1,1,0,0,1,1,1,0,0,1,0,0,1,0
624,624,0,0,0207f793,00,ff010014,0000000d,ffffdca0,f,00000000,ff010000,0,1,1,0,0,1,1,1,0,0,1,0,0,1,0
625,625,0,0,0207f793,00,ff010014,0000000a,ffffdc84,f,00000000,ff010000,0,1,1,0,0,1,1,1,0,0,1,0,0,1,0
626,626,0,0,fe078ce3,00,ff010014,0000003a,ffffdc38,f,00000000,ff010000,0,1,1,0,0,1,1,1,0,0,1,0,0,1,0
627,627,0,0,fe078ce3,00,ff010014,00000020,ffffdc38,f,00000000,ff010000,0,1,1,0,0,1,1,1,0,0,1,0,0,1,0
628,628,0,0,fe078ce3,00,ff010000,0000000d,ffffdc38,f,00000060,ff010000,0,1,1,0,0,1,1,1,0,0,1,0,0,1,1
629,629,0,0,200d7d13,00,ffffd010,00000078,ffffdc84,f,00000060,ff010000,0,1,1,0,0,1,1,1,0,0,1,0,0,1,0
630,630,0,0,0207f793,00,ff010014,0000006d,ffffdc84,f,00000060,ff010000,0,1,1,0,0,1,1,1,0,0,1,0,0,1,0
631,631,0,0,0207f793,00,ff010014,0000006f,ffffdc84,f,00000000,ff010000,0,1,1,0,0,1,1,1,0,0,1,0,0,1,0
632,632,0,0,0207f793,00,ff010014,00000064,ffffdc84,f,00000000,ff010000,0,1,1,0,0,1,1,1,0,0,1,0,0,1,0
633,633,0,0,0207f793,00,ff010014,00000065,ffffdc84,f,00000000,ff010000,0,1,1,0,0,1,1,1,0,0,1,0,0,1,0
634,634,0,0,0207f793,00,ff010014,0000006d,ffffdc84,f,00000000,ff010000,0,1,1,0,0,1,1,1,0,0,1,0,0,1,0
635,635,0,0,0207f793,00,ff010014,00000020,ffffdc84,f,00000000,ff010000,0,1,1,0,0,1,1,1,0,0,1,0,0,1,0
636,636,0,0,0207f793,00,ff010014,0000006c,ffffdc84,f,00000000,ff010000,0,1,1,0,0,1,1,1,0,0,1,0,0,1,0
637,637,0,0,0207f793,00,ff010014,0000006f,ffffdc84,f,00000000,ff010000,0,1,1,0,0,1,1,1,0,0,1,0,0,1,0
638,638,0,0,0207f793,00,ff010014,00000061,ffffdc84,f,00000000,ff010000,0,1,1,0,0,1,1,1,0,0,1,0,0,1,0
639,639,0,0,0207f793,00,ff010014,00000064,ffffdc84,f,00000000,ff010000,0,1,1,0,0,1,1,1,0,0,1,0,0,1,0
640,640,0,0,0207f793,00,ff010014,00000020,ffffdc84,f,00000000,ff010000,0,1,1,0,0,1,1,1,0,0,1,0,0,1,0
641,641,0,0,0207f793,00,ff010014,00000040,ffffdc84,f,00000000,ff010000,0,1,1,0,0,1,1,1,0,0,1,0,0,1,0
642,642,0,0,0207f793,00,ff010014,00000061,ffffdc84,f,00000000,ff010000,0,1,1,0,0,1,1,1,0,0,1,0,0,1,0
643,643,0,0,0207f793,00,ff010014,00000064,ffffdc84,f,00000000,ff010000,0,1,1,0,0,1,1,1,0,0,1,0,0,1,0
644,644,0,0,0207f793,00,ff010014,00000064,ffffdc84,f,00000000,ff010000,0,1,1,0,0,1,1,1,0,0,1,0,0,1,0
645,645,0,0,0207f793,00,ff010014,00000072,ffffdc84,f,00000000,ff010000,0,1,1,0,0,1,1,1,0,0,1,0,0,1,0
646,646,0,0,0207f793,00,ff010014,0000000d,ffffdca0,f,00000000,ff010000,0,1,1,0,0,1,1,1,0,0,1,0,0,1,0
647,647,0,0,0207f793,00,ff010014,0000000a,ffffdc84,f,00000000,ff010000,0,1,1,0,0,1,1,1,0,0,1,0,0,1,0
648,648,0,0,0207f793,00,ff010014,00000061,ffffdc84,f,00000000,ff010000,0,1,1,0,0,1,1,1,0,0,1,0,0,1,0
649,649,0,0,0207f793,00,ff010014,00000064,ffffdc84,f,00000000,ff010000,0,1,1,0,0,1,1,1,0,0,1,0,0,1,0
650,650,0,0,0207f793,00,ff010014,00000064,ffffdc84,f,00000000,ff010000,0,1,1,0,0,1,1,1,0,0,1,0,0,1,0
651,651,0,0,0207f793,00,ff010014,00000072,ffffdc84,f,00000000,ff010000,0,1,1,0,0,1,1,1,0,0,1,0,0,1,0
652,652,0,0,0207f793,00,ff010014,0000003a,ffffdc84,f,00000000,ff010000,0,1,1,0,0,1,1,1,0,0,1,0,0,1,0
653,653,0,0,0207f793,00,ff010014,00000020,ffffdc84,f,00000000,ff010000,0,1,1,0,0,1,1,1,0,0,1,0,0,1,0
654,654,0,0,00d72023,00,ff010000,00000000,ffffe0a0,f,00000000,ffffce4c,0,1,1,0,0,1,1,1,0,0,1,0,0,1,0
655,655,0,0,01472783,00,ffffd197,00000006,ffffe0a4,f,00000000,ffffce48,0,1,1,0,0,1,1,1,0,0,1,0,0,1,0
656,656,0,0,0017f793,00,ff010000,00000066,ffffe16c,f,00000060,ff010000,0,1,1,0,0,1,1,1,0,0,1,0,0,1,1
657,657,0,0,01472783,00,ff010000,00000030,ffffe16c,f,00000060,ff010000,0,1,1,0,0,1,1,1,0,0,1,0,0,1,1
658,658,0,0,01472783,00,ff010000,00000030,ffffe16c,f,00000060,ff010000,0,1,1,0,0,1,1,1,0,0,1,0,0,1,1
659,659,0,0,01472783,00,ff010000,00000030,ffffe16c,f,00000060,ff010000,0,1,1,0,0,1,1,1,0,0,1,0,0,1,1
660,660,0,0,01472783,00,ff010000,00000030,ffffe16c,f,00000060,ff010000,0,1,1,0,0,1,1,1,0,0,1,0,0,1,1
661,661,0,0,01472783,00,ff010000,00000030,ffffe16c,f,00000060,ff010000,0,1,1,0,0,1,1,1,0,0,1,0,0,1,1
662,662,0,0,01472783,00,ff010000,00000030,ffffe16c,f,00000060,ff010000,0,1,1,0,0,1,1,1,0,0,1,0,0,1,1
663,663,0,0,01472783,00,ff010000,00000030,ffffe16c,f,00000060,ff010000,0,1,1,0,0,1,1,1,0,0,1,0,0,1,1
664,664,0,0,01472783,00,ff010000,0000000d,ffffe128,f,00000060,ff010000,0,1,1,0,0,1,1,1,0,0,1,0,0,1,1
665,665,0,0,fe078ce3,00,ff010014,0000000a,ffffe144,f,00000060,ff010000,0,1,1,0,0,1,1,1,0,0,1,0,0,1,0
666,666,0,0,fe078ce3,00,ffffce48,00000000,ffffd498,f,00000060,ffffce48,0,1,1,0,0,1,1,1,0,0,1,0,0,1,0
667,667,0,0,00c12403,00,ffffd1b4,ffffdb18,ffffd49c,f,00000060,ffffce4c,0,1,1,0,0,1,1,1,0,0,1,0,0,1,0
668,668,0,0,00c12403,00,ffffce48,ff010000,ffffe290,f,00000060,ffffce2c,0,1,1,0,0,1,1,1,0,0,1,0,0,1,1
669,669,0,0,01472783,00,ffffce4c,f0000000,ffffe294,f,00000060,ffffce28,0,1,1,0,0,1,1,1,0,0,1,0,0,1,1
670,670,0,0,00c12403,00,ffffce2c,00000000,ffffe2a0,f,00000060,ffffce38,0,1,1,0,0,1,1,1,0,0,1,0,0,1,1
671,671,0,0,01472783,00,ffffce28,00000006,ffffe2a4,f,00000060,ffffce34,0,1,1,0,0,1,1,1,0,0,1,0,0,1,1
672,672,0,0,0207f793,00,ffffce38,ffffd1ac,ffffe2a8,f,00000060,ffffce30,0,1,1,0,0,1,1,1,0,0,1,0,0,1,1
673,673,0,0,fe078ce3,00,ffffce34,ffffd1ac,ffffe2ac,f,00000060,ffffce24,0,1,1,0,0,1,1,1,0,0,1,0,0,1,1
674,674,0,0,00c12403,00,ffffce30,0000ffff,ffffe2b0,f,00000060,ffffce20,0,1,1,0,0,1,1,1,0,0,1,0,0,1,1
675,675,0,0,00c12403,00,ffffce24,0000000d,ffffe2b4,f,00000060,ffffce1c,0,1,1,0,0,1,1,1,0,0,1,0,0,1,1
676,676,0,0,00a00793,00,ffffce20,ffffd4a4,ffffe2b8,f,00000060,ffffce3c,0,1,1,0,0,1,1,1,0,0,1,0,0,1,1
677,677,0,0,0207f793,00,ff010014,00000043,ffffe46c,f,00000060,ff010000,0,1,1,0,0,1,1,1,0,0,1,0,0,1,0
678,678,0,0,01472783,00,ff010014,00000043,ffffe46c,f,00000060,ff010000,0,1,1,0,0,1,1,1,0,0,1,0,0,1,1
679,679,0,0,e2050ee3,00,ff010014,00000043,ffffe46c,f,00000060,ff010000,0,1,1,0,0,1,1,1,0,0,1,0,0,1,1
680,680,0,0,e2050ee3,00,ff010014,00000043,ffffe46c,f,00000060,ff010000,0,1,1,0,0,1,1,1,0,0,1,0,0,1,1
681,681,0,0,e2050ee3,00,ff010014,00000043,ffffe46c,f,00000060,ff010000,0,1,1,0,0,1,1,1,0,0,1,0,0,1,1
682,682,0,0,e2050ee3,00,ff010014,00000043,ffffe46c,f,00000060,ff010000,0,1,1,0,0,1,1,1,0,0,1,0,0,1,1
683,683,0,0,e2050ee3,00,ff010014,00000043,ffffe46c,f,00000060,ff010000,0,1,1,0,0,1,1,1,0,0,1,0,0,1,1
684,684,0,0,e2050ee3,00,ff010014,00000043,ffffe46c,f,00000060,ff010000,0,1,1,0,0,1,1,1,0,0,1,0,0,1,1
685,685,0,0,e2050ee3,00,ff010014,00000043,ffffe46c,f,00000060,ff010000,0,1,1,0,0,1,1,1,0,0,1,0,0,1,1
686,686,0,0,e2050ee3,00,ff010014,00000043,ffffe46c,f,00000060,ff010000,0,1,1,0,0,1,1,1,0,0,1,0,0,1,1
687,687,0,0,e2050ee3,00,ff010014,00000043,ffffe46c,f,00000060,ff010000,0,1,1,0,0,1,1,1,0,0,1,0,0,1,1
688,688,0,0,fe0780e3,00,ff010014,00000001,ffffe3b0,1,00000060,ffffce0c,0,1,1,0,0,1,1,1,0,0,1,0,0,1,1
689,689,0,0,0017f793,00,ff010014,0000fe00,ffffe3b0,2,00000060,ffffce0d,0,1,1,0,0,1,1,1,0,0,1,0,0,0,1
690,690,0,0,01472783,00,ffffce0c,00000006,ffffe5c0,f,00000000,ff010000,0,1,1,0,0,1,1,1,0,0,1,0,0,1,1
691,691,0,0,0017f793,00,ff010014,00000002,ffffe3b0,1,00000060,ffffce0c,0,1,1,0,0,1,1,1,0,0,1,0,0,0,1
692,692,0,0,0017f793,00,ff010014,0000fd00,ffffe3b0,2,00000060,ffffce0d,0,1,1,0,0,1,1,1,0,0,1,0,0,0,1
693,693,0,0,00168693,00,ffffce0c,00000006,ffffe5c0,f,00000000,ff010000,0,1,1,0,0,1,1,1,0,0,1,0,0,1,1
694,694,0,0,0017f793,00,ff010014,00000003,ffffe3b0,1,00000060,ffffce0c,0,1,1,0,0,1,1,1,0,0,1,0,0,0,1
695,695,0,0,0017f793,00,ff010014,0000fc00,ffffe3b0,2,00000060,ffffce0d,0,1,1,0,0,1,1,1,0,0,1,0,0,0,1
696,696,0,0,00168693,00,ffffce0c,00000006,ffffe5c0,f,00000000,ff010000,0,1,1,0,0,1,1,1,0,0,1,0,0,1,1
697,697,0,0,0017f793,00,ff010014,00000004,ffffe3b0,1,00000060,ffffce0c,0,1,1,0,0,1,1,1,0,0,1,0,0,0,1
698,698,0,0,0017f793,00,ff010014,0000fb00,ffffe3b0,2,00000060,ffffce0d,0,1,1,0,0,1,1,1,0,0,1,0,0,0,1
699,699,0,0,00168693,00,ffffce0c,00000006,ffffe5c0,f,00000000,ff010000,0,1,1,0,0,1,1,1,0,0,1,0,0,1,1
700,700,0,0,0017f793,00,ff010014,00000005,ffffe3b0,1,00000060,ffffce0c,0,1,1,0,0,1,1,1,0,0,1,0,0,1,1
701,701,0,0,0017f793,00,ff010014,0000fa00,ffffe3b0,2,00000060,ffffce0d,0,1,1,0,0,1,1,1,0,0,1,0,0,1,1
702,702,0,0,00168693,00,ffffce0c,00000006,ffffe5c0,f,00000007,ff010000,0,1,1,0,0,1,1,1,0,0,1,0,0,1,1
703,703,0,0,0017f793,00,ff010014,00000006,ffffe3b0,1,00000060,ffffce0c,0,1,1,0,0,1,1,1,0,0,1,0,0,0,1
704,704,0,0,0017f793,00,ff010014,0000f900,ffffe3b0,2,00000060,ffffce0d,0,1,1,0,0,1,1,1,0,0,1,0,0,1,1
705,705,0,0,00168693,00,ffffce0c,00000006,ffffe5c0,f,00000040,ff010000,0,1,1,0,0,1,1,1,0,0,1,0,0,1,1
706,706,0,0,0017f793,00,ff010014,00000007,ffffe3b0,1,00000060,ffffce0c,0,1,1,0,0,1,1,1,0,0,1,0,0,0,1
707,707,0,0,0017f793,00,ff010014,0000f800,ffffe3b0,2,00000060,ffffce0d,0,1,1,0,0,1,1,1,0,0,1,0,0,1,1
708,708,0,0,00168693,00,ffffce0c,00000006,ffffe5c0,f,00000003,ff010000,0,1,1,0,0,1,1,1,0,0,1,0,0,1,1
709,709,0,0,0017f793,00,ff010014,00000008,ffffe3b0,1,00000060,ffffce0c,0,1,1,0,0,1,1,1,0,0,1,0,0,1,1
710,710,0,0,0017f793,00,ff010014,0000f700,ffffe3b0,2,00000060,ffffce0d,0,1,1,0,0,1,1,1,0,0,1,0,0,0,1
711,711,0,0,00168693,00,ffffce0c,00000006,ffffe5c0,f,00000002,ff010000,0,1,1,0,0,1,1,1,0,0,1,0,0,1,1
712,712,0,0,0017f793,00,ff010014,00000009,ffffe3b0,1,00000060,ffffce0c,0,1,1,0,0,1,1,1,0,0,1,0,0,1,1
713,713,0,0,0017f793,00,ff010014,0000f600,ffffe3b0,2,00000060,ffffce0d,0,1,1,0,0,1,1,1,0,0,1,0,0,0,1
714,714,0,0,00168693,00,ffffce0c,00000006,ffffe5c0,f,00000001,ff010000,0,1,1,0,0,1,1,1,0,0,1,0,0,1,1
715,715,0,0,0017f793,00,ff010014,0000000a,ffffe3b0,1,00000060,ffffce0c,0,1,1,0,0,1,1,1,0,0,1,0,0,0,1
716,716,0,0,0017f793,00,ff010014,0000f500,ffffe3b0,2,00000060,ffffce0d,0,1,1,0,0,1,1,1,0,0,1,0,0,0,1
717,717,0,0,00168693,00,ffffce0c,00000006,ffffe5c0,f,00000000,ff010000,0,1,1,0,0,1,1,1,0,0,1,0,0,1,1
718,718,0,0,0017f793,00,ff010014,0000000b,ffffe3b0,1,00000060,ffffce0c,0,1,1,0,0,1,1,1,0,0,1,0,0,0,1
719,719,0,0,0017f793,00,ff010014,0000f400,ffffe3b0,2,00000060,ffffce0d,0,1,1,0,0,1,1,1,0,0,1,0,0,1,1
720,720,0,0,00168693,00,ffffce0c,00000006,ffffe5c0,f,00000000,ff010000,0,1,1,0,0,1,1,1,0,0,1,0,0,1,1
721,721,0,0,0017f793,00,ff010014,0000000c,ffffe3b0,1,00000060,ffffce0c,0,1,1,0,0,1,1,1,0,0,1,0,0,1,1
722,722,0,0,0017f793,00,ff010014,0000f300,ffffe3b0,2,00000060,ffffce0d,0,1,1,0,0,1,1,1,0,0,1,0,0,0,1
723,723,0,0,00168693,00,ffffce0c,00000006,ffffe5c0,f,000000f4,ff010000,0,1,1,0,0,1,1,1,0,0,1,0,0,1,1
724,724,0,0,0017f793,00,ff010014,0000000d,ffffe3b0,1,00000060,ffffce0c,0,1,1,0,0,1,1,1,0,0,1,0,0,0,1
725,725,0,0,0017f793,00,ff010014,0000f200,ffffe3b0,2,00000060,ffffce0d,0,1,1,0,0,1,1,1,0,0,1,0,0,1,1
726,726,0,0,00168693,00,ffffce0c,00000006,ffffe5c0,f,00000001,ff010000,0,1,1,0,0,1,1,1,0,0,1,0,0,1,1
727,727,0,0,0017f793,00,ff010014,0000000e,ffffe3b0,1,00000060,ffffce0c,0,1,1,0,0,1,1,1,0,0,1,0,0,0,1
728,728,0,0,0017f793,00,ff010014,0000f100,ffffe3b0,2,00000060,ffffce0d,0,1,1,0,0,1,1,1,0,0,1,0,0,1,1
729,729,0,0,00168693,00,ffffce0c,00000006,ffffe5c0,f,00000004,ff010000,0,1,1,0,0,1,1,1,0,0,1,0,0,1,1
730,730,0,0,0017f793,00,ff010014,0000000f,ffffe3b0,1,00000060,ffffce0c,0,1,1,0,0,1,1,1,0,0,1,0,0,0,1
731,731,0,0,0017f793,00,ff010014,0000f000,ffffe3b0,2,00000060,ffffce0d,0,1,1,0,0,1,1,1,0,0,1,0,0,1,1
732,732,0,0,00168693,00,ffffce0c,00000006,ffffe5c0,f,000000f0,ff010000,0,1,1,0,0,1,1,1,0,0,1,0,0,1,1
733,733,0,0,0017f793,00,ff010014,00000010,ffffe3b0,1,00000060,ffffce0c,0,1,1,0,0,1,1,1,0,0,1,0,0,1,1
734,734,0,0,0017f793,00,ff010014,0000ef00,ffffe3b0,2,00000060,ffffce0d,0,1,1,0,0,1,1,1,0,0,1,0,0,1,1
735,735,0,0,00168693,00,ffffce0c,00000006,ffffe5c0,f,00000000,ff010000,0,1,1,0,0,1,1,1,0,0,1,0,0,1,1
736,736,0,0,0017f793,00,ff010014,00000011,ffffe3b0,1,00000060,ffffce0c,0,1,1,0,0,1,1,1,0,0,1,0,0,1,1
737,737,0,0,0017f793,00,ff010014,0000ee00,ffffe3b0,2,00000060,ffffce0d,0,1,1,0,0,1,1,1,0,0,1,0,0,0,1
738,738,0,0,00168693,00,ffffce0c,00000006,ffffe5c0,f,000000f0,ff010000,0,1,1,0,0,1,1,1,0,0,1,0,0,1,1
739,739,0,0,0017f793,00,ff010014,00000012,ffffe3b0,1,00000060,ffffce0c,0,1,1,0,0,1,1,1,0,0,1,0,0,0,1
740,740,0,0,0017f793,00,ff010014,0000ed00,ffffe3b0,2,00000060,ffffce0d,0,1,1,0,0,1,1,1,0,0,1,0,0,0,1
741,741,0,0,00168693,00,ffffce0c,00000006,ffffe5c0,f,00000068,ff010000,0,1,1,0,0,1,1,1,0,0,1,0,0,1,1
742,742,0,0,0017f793,00,ff010014,00000013,ffffe3b0,1,00000060,ffffce0c,0,1,1,0,0,1,1,1,0,0,1,0,0,1,1
743,743,0,0,0017f793,00,ff010014,0000ec00,ffffe3b0,2,00000060,ffffce0d,0,1,1,0,0,1,1,1,0,0,1,0,0,1,1
744,744,0,0,00168693,00,ffffce0c,00000006,ffffe5c0,f,000000cc,ff010000,0,1,1,0,0,1,1,1,0,0,1,0,0,1,1
745,745,0,0,0017f793,00,ff010014,00000014,ffffe3b0,1,00000060,ffffce0c,0,1,1,0,0,1,1,1,0,0,1,0,0,0,1
746,746,0,0,0017f793,00,ff010014,0000eb00,ffffe3b0,2,00000060,ffffce0d,0,1,1,0,0,1,1,1,0,0,1,0,0,1,1
747,747,0,0,00168693,00,ffffce0c,00000006,ffffe5c0,f,00000000,ff010000,0,1,1,0,0,1,1,1,0,0,1,0,0,1,1
748,748,0,0,0017f793,00,ff010014,00000015,ffffe3b0,1,00000060,ffffce0c,0,1,1,0,0,1,1,1,0,0,1,0,0,0,1
749,749,0,0,0017f793,00,ff010014,0000ea00,ffffe3b0,2,00000060,ffffce0d,0,1,1,0,0,1,1,1,0,0,1,0,0,1,1
750,750,0,0,00168693,00,ffffce0c,00000006,ffffe5c0,f,00000000,ff010000,0,1,1,0,0,1,1,1,0,0,1,0,0,1,1
751,751,0,0,0017f793,00,ff010014,00000016,ffffe3b0,1,00000060,ffffce0c,0,1,1,0,0,1,1,1,0,0,1,0,0,0,1
752,752,0,0,0017f793,00,ff010014,0000e900,ffffe3b0,2,00000060,ffffce0d,0,1,1,0,0,1,1,1,0,0,1,0,0,1,1
753,753,0,0,00168693,00,ffffce0c,00000006,ffffe5c0,f,00000000,ff010000,0,1,1,0,0,1,1,1,0,0,1,0,0,1,1
754,754,0,0,0017f793,00,ff010014,00000017,ffffe3b0,1,00000060,ffffce0c,0,1,1,0,0,1,1,1,0,0,1,0,0,0,1
755,755,0,0,0017f793,00,ff010014,0000e800,ffffe3b0,2,00000060,ffffce0d,0,1,1,0,0,1,1,1,0,0,1,0,0,1,1
756,756,0,0,00168693,00,ffffce0c,00000006,ffffe5c0,f,000000cd,ff010000,0,1,1,0,0,1,1,1,0,0,1,0,0,1,1
757,757,0,0,0017f793,00,ff010014,00000018,ffffe3b0,1,00000060,ffffce0c,0,1,1,0,0,1,1,1,0,0,1,0,0,1,1
758,758,0,0,0017f793,00,ff010014,0000e700,ffffe3b0,2,00000060,ffffce0d,0,1,1,0,0,1,1,1,0,0,1,0,0,0,1
759,759,0,0,00168693,00,ffffce0c,00000006,ffffe5c0,f,000000f0,ff010000,0,1,1,0,0,1,1,1,0,0,1,0,0,1,1
760,760,0,0,0017f793,00,ff010014,00000019,ffffe3b0,1,00000060,ffffce0c,0,1,1,0,0,1,1,1,0,0,1,0,0,1,1
761,761,0,0,0017f793,00,ff010014,0000e600,ffffe3b0,2,00000060,ffffce0d,0,1,1,0,0,1,1,1,0,0,1,0,0,1,1
762,762,0,0,00168693,00,ffffce0c,00000006,ffffe5c0,f,00000000,ff010000,0,1,1,0,0,1,1,1,0,0,1,0,0,1,1
763,763,0,0,0017f793,00,ff010014,0000001a,ffffe3b0,1,00000060,ffffce0c,0,1,1,0,0,1,1,1,0,0,1,0,0,0,1
764,764,0,0,0017f793,00,ff010014,0000e500,ffffe3b0,2,00000060,ffffce0d,0,1,1,0,0,1,1,1,0,0,1,0,0,0,1
765,765,0,0,00168693,00,ffffce0c,00000006,ffffe5c0,f,00000036,ff010000,0,1,1,0,0,1,1,1,0,0,1,0,0,1,1
766,766,0,0,0017f793,00,ff010014,0000001b,ffffe3b0,1,00000060,ffffce0c,0,1,1,0,0,1,1,1,0,0,1,0,0,1,1
767,767,0,0,0017f793,00,ff010014,0000e400,ffffe3b0,2,00000060,ffffce0d,0,1,1,0,0,1,1,1,0,0,1,0,0,1,1
768,768,0,0,00168693,00,ffffce0c,00000006,ffffe5c0,f,0000007d,ff010000,0,1,1,0,0,1,1,1,0,0,1,0,0,1,1
769,769,0,0,0017f793,00,ff010014,0000001c,ffffe3b0,1,00000060,ffffce0c,0,1,1,0,0,1,1,1,0,0,1,0,0,0,1
770,770,0,0,0017f793,00,ff010014,0000e300,ffffe3b0,2,00000060,ffffce0d,0,1,1,0,0,1,1,1,0,0,1,0,0,1,1
771,771,0,0,00168693,00,ffffce0c,00000006,ffffe5c0,f,00000075,ff010000,0,1,1,0,0,1,1,1,0,0,1,0,0,1,1
772,772,0,0,0017f793,00,ff010014,0000001d,ffffe3b0,1,00000060,ffffce0c,0,1,1,0,0,1,1,1,0,0,1,0,0,1,1
773,773,0,0,0017f793,00,ff010014,0000e200,ffffe3b0,2,00000060,ffffce0d,0,1,1,0,0,1,1,1,0,0,1,0,0,1,1
774,774,0,0,00168693,00,ffffce0c,00000006,ffffe5c0,f,00000002,ff010000,0,1,1,0,0,1,1,1,0,0,1,0,0,1,1
775,775,0,0,0017f793,00,ff010014,0000001e,ffffe3b0,1,00000060,ffffce0c,0,1,1,0,0,1,1,1,0,0,1,0,0,0,1
776,776,0,0,0017f793,00,ff010014,0000e100,ffffe3b0,2,00000060,ffffce0d,0,1,1,0,0,1,1,1,0,0,1,0,0,0,1
777,777,0,0,00168693,00,ffffce0c,00000006,ffffe5c0,f,00000030,ff010000,0,1,1,0,0,1,1,1,0,0,1,0,0,1,1
778,778,0,0,0017f793,00,ff010014,0000001f,ffffe3b0,1,00000060,ffffce0c,0,1,1,0,0,1,1,1,0,0,1,0,0,0,1
779,779,0,0,0017f793,00,ff010014,0000e000,ffffe3b0,2,00000060,ffffce0d,0,1,1,0,0,1,1,1,0,0,1,0,0,1,1
780,780,0,0,00168693,00,ffffce0c,00000006,ffffe5c0,f,00000000,ff010000,0,1,1,0,0,1,1,1,0,0,1,0,0,1,1
781,781,0,0,0017f793,00,ff010014,00000020,ffffe3b0,1,00000060,ffffce0c,0,1,1,0,0,1,1,1,0,0,1,0,0,1,1
782,782,0,0,0017f793,00,ff010014,0000df00,ffffe3b0,2,00000060,ffffce0d,0,1,1,0,0,1,1,1,0,0,1,0,0,1,1
783,783,0,0,00168693,00,ffffce0c,00000006,ffffe5c0,f,00000001,ff010000,0,1,1,0,0,1,1,1,0,0,1,0,0,1,1
784,784,0,0,0017f793,00,ff010014,00000021,ffffe3b0,1,00000060,ffffce0c,0,1,1,0,0,1,1,1,0,0,1,0,0,1,1
785,785,0,0,0017f793,00,ff010014,0000de00,ffffe3b0,2,00000060,ffffce0d,0,1,1,0,0,1,1,1,0,0,1,0,0,0,1
786,786,0,0,00168693,00,ffffce0c,00000006,ffffe5c0,f,00000000,ff010000,0,1,1,0,0,1,1,1,0,0,1,0,0,1,1
787,787,0,0,0017f793,00,ff010014,00000022,ffffe3b0,1,00000060,ffffce0c,0,1,1,0,0,1,1,1,0,0,1,0,0,0,1
788,788,0,0,0017f793,00,ff010014,0000dd00,ffffe3b0,2,00000060,ffffce0d,0,1,1,0,0,1,1,1,0,0,1,0,0,0,1
789,789,0,0,00168693,00,ffffce0c,00000006,ffffe5c0,f,00000013,ff010000,0,1,1,0,0,1,1,1,0,0,1,0,0,1,1
790,790,0,0,0017f793,00,ff010014,00000023,ffffe3b0,1,00000060,ffffce0c,0,1,1,0,0,1,1,1,0,0,1,0,0,1,1
791,791,0,0,0017f793,00,ff010014,0000dc00,ffffe3b0,2,00000060,ffffce0d,0,1,1,0,0,1,1,1,0,0,1,0,0,1,1
792,792,0,0,00168693,00,ffffce0c,00000006,ffffe5c0,f,00000014,ff010000,0,1,1,0,0,1,1,1,0,0,1,0,0,1,1
793,793,0,0,0017f793,00,ff010014,00000024,ffffe3b0,1,00000060,ffffce0c,0,1,1,0,0,1,1,1,0,0,1,0,0,1,1
794,794,0,0,0017f793,00,ff010014,0000db00,ffffe3b0,2,00000060,ffffce0d,0,1,1,0,0,1,1,1,0,0,1,0,0,0,1
795,795,0,0,00168693,00,ffffce0c,00000006,ffffe5c0,f,00000001,ff010000,0,1,1,0,0,1,1,1,0,0,1,0,0,1,1
796,796,0,0,0017f793,00,ff010014,00000025,ffffe3b0,1,00000060,ffffce0c,0,1,1,0,0,1,1,1,0,0,1,0,0,0,1
797,797,0,0,0017f793,00,ff010014,0000da00,ffffe3b0,2,00000060,ffffce0d,0,1,1,0,0,1,1,1,0,0,1,0,0,1,1
798,798,0,0,00168693,00,ffffce0c,00000006,ffffe5c0,f,00000001,ff010000,0,1,1,0,0,1,1,1,0,0,1,0,0,1,1
799,799,0,0,0017f793,00,ff010014,00000026,ffffe3b0,1,00000060,ffffce0c,0,1,1,0,0,1,1,1,0,0,1,0,0,1,1
800,800,0,0,0017f793,00,ff010014,0000d900,ffffe3b0,2,00000060,ffffce0d,0,1,1,0,0,1,1,1,0,0,1,0,0,1,1
801,801,0,0,00168693,00,ffffce0c,00000006,ffffe5c0,f,00000000,ff010000,0,1,1,0,0,1,1,1,0,0,1,0,0,1,1
802,802,0,0,0017f793,00,ff010014,00000027,ffffe3b0,1,00000060,ffffce0c,0,1,1,0,0,1,1,1,0,0,1,0,0,0,1
803,803,0,0,0017f793,00,ff010014,0000d800,ffffe3b0,2,00000060,ffffce0d,0,1,1,0,0,1,1,1,0,0,1,0,0,1,1
804,804,0,0,00168693,00,ffffce0c,00000006,ffffe5c0,f,00000003,ff010000,0,1,1,0,0,1,1,1,0,0,1,0,0,1,1
805,805,0,0,0017f793,00,ff010014,00000028,ffffe3b0,1,00000060,ffffce0c,0,1,1,0,0,1,1,1,0,0,1,0,0,1,1
806,806,0,0,0017f793,00,ff010014,0000d700,ffffe3b0,2,00000060,ffffce0d,0,1,1,0,0,1,1,1,0,0,1,0,0,0,1
807,807,0,0,00168693,00,ffffce0c,00000006,ffffe5c0,f,000000fe,ff010000,0,1,1,0,0,1,1,1,0,0,1,0,0,1,1
808,808,0,0,0017f793,00,ff010014,00000029,ffffe3b0,1,00000060,ffffce0c,0,1,1,0,0,1,1,1,0,0,1,0,0,0,1
809,809,0,0,0017f793,00,ff010014,0000d600,ffffe3b0,2,00000060,ffffce0d,0,1,1,0,0,1,1,1,0,0,1,0,0,1,1
810,810,0,0,00168693,00,ffffce0c,00000006,ffffe5c0,f,000000fd,ff010000,0,1,1,0,0,1,1,1,0,0,1,0,0,1,1
811,811,0,0,0017f793,00,ff010014,0000002a,ffffe3b0,1,00000060,ffffce0c,0,1,1,0,0,1,1,1,0,0,1,0,0,0,1
812,812,0,0,0017f793,00,ff010014,0000d500,ffffe3b0,2,00000060,ffffce0d,0,1,1,0,0,1,1,1,0,0,1,0,0,1,1
813,813,0,0,00168693,00,ffffce0c,00000006,ffffe5c0,f,00000000,ff010000,0,1,1,0,0,1,1,1,0,0,1,0,0,1,1
814,814,0,0,0017f793,00,ff010014,0000002b,ffffe3b0,1,00000060,ffffce0c,0,1,1,0,0,1,1,1,0,0,1,0,0,1,1
815,815,0,0,0017f793,00,ff010014,0000d400,ffffe3b0,2,00000060,ffffce0d,0,1,1,0,0,1,1,1,0,0,1,0,0,1,1
816,816,0,0,00168693,00,ffffce0c,00000006,ffffe5c0,f,00000000,ff010000,0,1,1,0,0,1,1,1,0,0,1,0,0,1,1
817,817,0,0,0017f793,00,ff010014,0000002c,ffffe3b0,1,00000060,ffffce0c,0,1,1,0,0,1,1,1,0,0,1,0,0,1,1
818,818,0,0,0017f793,00,ff010014,0000d300,ffffe3b0,2,00000060,ffffce0d,0,1,1,0,0,1,1,1,0,0,1,0,0,1,1
819,819,0,0,00168693,00,ffffce0c,00000006,ffffe5c0,f,000000ff,ff010000,0,1,1,0,0,1,1,1,0,0,1,0,0,1,1
820,820,0,0,0017f793,00,ff010014,0000002d,ffffe3b0,1,00000060,ffffce0c,0,1,1,0,0,1,1,1,0,0,1,0,0,1,1
821,821,0,0,0017f793,00,ff010014,0000d200,ffffe3b0,2,00000060,ffffce0d,0,1,1,0,0,1,1,1,0,0,1,0,0,0,1
822,822,0,0,00168693,00,ffffce0c,00000006,ffffe5c0,f,000000ff,ff010000,0,1,1,0,0,1,1,1,0,0,1,0,0,1,1
823,823,0,0,0017f793,00,ff010014,0000002e,ffffe3b0,1,00000060,ffffce0c,0,1,1,0,0,1,1,1,0,0,1,0,0,1,1
824,824,0,0,0017f793,00,ff010014,0000d100,ffffe3b0,2,00000060,ffffce0d,0,1,1,0,0,1,1,1,0,0,1,0,0,1,1
825,825,0,0,00168693,00,ffffce0c,00000006,ffffe5c0,f,00000000,ff010000,0,1,1,0,0,1,1,1,0,0,1,0,0,1,1
826,826,0,0,0017f793,00,ff010014,0000002f,ffffe3b0,1,00000060,ffffce0c,0,1,1,0,0,1,1,1,0,0,1,0,0,0,1
827,827,0,0,0017f793,00,ff010014,0000d000,ffffe3b0,2,00000060,ffffce0d,0,1,1,0,0,1,1,1,0,0,1,0,0,1,1
828,828,0,0,00168693,00,ffffce0c,00000006,ffffe5c0,f,000000ff,ff010000,0,1,1,0,0,1,1,1,0,0,1,0,0,1,1
829,829,0,0,0017f793,00,ff010014,00000030,ffffe3b0,1,00000060,ffffce0c,0,1,1,0,0,1,1,1,0,0,1,0,0,1,1
830,830,0,0,0017f793,00,ff010014,0000cf00,ffffe3b0,2,00000060,ffffce0d,0,1,1,0,0,1,1,1,0,0,1,0,0,0,1
831,831,0,0,00168693,00,ffffce0c,00000006,ffffe5c0,f,000000ff,ff010000,0,1,1,0,0,1,1,1,0,0,1,0,0,1,1
832,832,0,0,0017f793,00,ff010014,00000031,ffffe3b0,1,00000060,ffffce0c,0,1,1,0,0,1,1,1,0,0,1,0,0,1,1
833,833,0,0,0017f793,00,ff010014,0000ce00,ffffe3b0,2,00000060,ffffce0d,0,1,1,0,0,1,1,1,0,0,1,0,0,0,1
834,834,0,0,00168693,00,ffffce0c,00000006,ffffe5c0,f,00000002,ff010000,0,1,1,0,0,1,1,1,0,0,1,0,0,1,1
835,835,0,0,0017f793,00,ff010014,00000032,ffffe3b0,1,00000060,ffffce0c,0,1,1,0,0,1,1,1,0,0,1,0,0,1,1
836,836,0,0,0017f793,00,ff010014,0000cd00,ffffe3b0,2,00000060,ffffce0d,0,1,1,0,0,1,1,1,0,0,1,0,0,1,1
837,837,0,0,00168693,00,ffffce0c,00000006,ffffe5c0,f,00000000,ff010000,0,1,1,0,0,1,1,1,0,0,1,0,0,1,1
838,838,0,0,0017f793,00,ff010014,00000033,ffffe3b0,1,00000060,ffffce0c,0,1,1,0,0,1,1,1,0,0,1,0,0,0,1
839,839,0,0,0017f793,00,ff010014,0000cc00,ffffe3b0,2,00000060,ffffce0d,0,1,1,0,0,1,1,1,0,0,1,0,0,1,1
840,840,0,0,00168693,00,ffffce0c,00000006,ffffe5c0,f,000000ff,ff010000,0,1,1,0,0,1,1,1,0,0,1,0,0,1,1
841,841,0,0,0017f793,00,ff010014,00000034,ffffe3b0,1,00000060,ffffce0c,0,1,1,0,0,1,1,1,0,0,1,0,0,1,1
842,842,0,0,0017f793,00,ff010014,0000cb00,ffffe3b0,2,00000060,ffffce0d,0,1,1,0,0,1,1,1,0,0,1,0,0,0,1
843,843,0,0,00168693,00,ffffce0c,00000006,ffffe5c0,f,000000ff,ff010000,0,1,1,0,0,1,1,1,0,0,1,0,0,1,1
844,844,0,0,0017f793,00,ff010014,00000035,ffffe3b0,1,00000060,ffffce0c,0,1,1,0,0,1,1,1,0,0,1,0,0,1,1
845,845,0,0,0017f793,00,ff010014,0000ca00,ffffe3b0,2,00000060,ffffce0d,0,1,1,0,0,1,1,1,0,0,1,0,0,0,1
846,846,0,0,00168693,00,ffffce0c,00000006,ffffe5c0,f,000000fe,ff010000,0,1,1,0,0,1,1,1,0,0,1,0,0,1,1
847,847,0,0,0017f793,00,ff010014,00000036,ffffe3b0,1,00000060,ffffce0c,0,1,1,0,0,1,1,1,0,0,1,0,0,0,1
848,848,0,0,0017f793,00,ff010014,0000c900,ffffe3b0,2,00000060,ffffce0d,0,1,1,0,0,1,1,1,0,0,1,0,0,0,1
849,849,0,0,00168693,00,ffffce0c,00000006,ffffe5c0,f,00000001,ff010000,0,1,1,0,0,1,1,1,0,0,1,0,0,1,1
850,850,0,0,0017f793,00,ff010014,00000037,ffffe3b0,1,00000060,ffffce0c,0,1,1,0,0,1,1,1,0,0,1,0,0,0,1
851,851,0,0,0017f793,00,ff010014,0000c800,ffffe3b0,2,00000060,ffffce0d,0,1,1,0,0,1,1,1,0,0,1,0,0,1,1
852,852,0,0,00168693,00,ffffce0c,00000006,ffffe5c0,f,00000008,ff010000,0,1,1,0,0,1,1,1,0,0,1,0,0,1,1
853,853,0,0,0017f793,00,ff010014,00000038,ffffe3b0,1,00000060,ffffce0c,0,1,1,0,0,1,1,1,0,0,1,0,0,1,1
854,854,0,0,0017f793,00,ff010014,0000c700,ffffe3b0,2,00000060,ffffce0d,0,1,1,0,0,1,1,1,0,0,1,0,0,0,1
855,855,0,0,00168693,00,ffffce0c,00000006,ffffe5c0,f,00000001,ff010000,0,1,1,0,0,1,1,1,0,0,1,0,0,1,1
856,856,0,0,0017f793,00,ff010014,00000039,ffffe3b0,1,00000060,ffffce0c,0,1,1,0,0,1,1,1,0,0,1,0,0,1,1
857,857,0,0,0017f793,00,ff010014,0000c600,ffffe3b0,2,00000060,ffffce0d,0,1,1,0,0,1,1,1,0,0,1,0,0,1,1
858,858,0,0,00168693,00,ffffce0c,00000006,ffffe5c0,f,000000fc,ff010000,0,1,1,0,0,1,1,1,0,0,1,0,0,1,1
859,859,0,0,0017f793,00,ff010014,0000003a,ffffe3b0,1,00000060,ffffce0c,0,1,1,0,0,1,1,1,0,0,1,0,0,0,1
860,860,0,0,0017f793,00,ff010014,0000c500,ffffe3b0,2,00000060,ffffce0d,0,1,1,0,0,1,1,1,0,0,1,0,0,0,1
861,861,0,0,00168693,00,ffffce0c,00000006,ffffe5c0,f,00000002,ff010000,0,1,1,0,0,1,1,1,0,0,1,0,0,1,1
862,862,0,0,0017f793,00,ff010014,0000003b,ffffe3b0,1,00000060,ffffce0c,0,1,1,0,0,1,1,1,0,0,1,0,0,1,1
863,863,0,0,0017f793,00,ff010014,0000c400,ffffe3b0,2,00000060,ffffce0d,0,1,1,0,0,1,1,1,0,0,1,0,0,1,1
864,864,0,0,00168693,00,ffffce0c,00000006,ffffe5c0,f,0000000d,ff010000,0,1,1,0,0,1,1,1,0,0,1,0,0,1,1
865,865,0,0,0017f793,00,ff010014,0000003c,ffffe3b0,1,00000060,ffffce0c,0,1,1,0,0,1,1,1,0,0,1,0,0,1,1
866,866,0,0,0017f793,00,ff010014,0000c300,ffffe3b0,2,00000060,ffffce0d,0,1,1,0,0,1,1,1,0,0,1,0,0,1,1
867,867,0,0,00168693,00,ffffce0c,00000006,ffffe5c0,f,00000002,ff010000,0,1,1,0,0,1,1,1,0,0,1,0,0,1,1
868,868,0,0,0017f793,00,ff010014,0000003d,ffffe3b0,1,00000060,ffffce0c,0,1,1,0,0,1,1,1,0,0,1,0,0,0,1
869,869,0,0,0017f793,00,ff010014,0000c200,ffffe3b0,2,00000060,ffffce0d,0,1,1,0,0,1,1,1,0,0,1,0,0,1,1
870,870,0,0,00168693,00,ffffce0c,00000006,ffffe5c0,f,00000000,ff010000,0,1,1,0,0,1,1,1,0,0,1,0,0,1,1
871,871,0,0,0017f793,00,ff010014,0000003e,ffffe3b0,1,00000060,ffffce0c,0,1,1,0,0,1,1,1,0,0,1,0,0,1,1
872,872,0,0,0017f793,00,ff010014,0000c100,ffffe3b0,2,00000060,ffffce0d,0,1,1,0,0,1,1,1,0,0,1,0,0,1,1
873,873,0,0,00168693,00,ffffce0c,00000006,ffffe5c0,f,000000b4,ff010000,0,1,1,0,0,1,1,1,0,0,1,0,0,1,1
874,874,0,0,0017f793,00,ff010014,0000003f,ffffe3b0,1,00000060,ffffce0c,0,1,1,0,0,1,1,1,0,0,1,0,0,0,1
875,875,0,0,0017f793,00,ff010014,0000c000,ffffe3b0,2,00000060,ffffce0d,0,1,1,0,0,1,1,1,0,0,1,0,0,1,1
876,876,0,0,00168693,00,ffffce0c,00000006,ffffe5c0,f,00000001,ff010000,0,1,1,0,0,1,1,1,0,0,1,0,0,1,1
877,877,0,0,0017f793,00,ff010014,00000040,ffffe3b0,1,00000060,ffffce0c,0,1,1,0,0,1,1,1,0,0,1,0,0,1,1
878,878,0,0,0017f793,00,ff010014,0000bf00,ffffe3b0,2,00000060,ffffce0d,0,1,1,0,0,1,1,1,0,0,1,0,0,1,1
879,879,0,0,00168693,00,ffffce0c,00000006,ffffe5c0,f,0000000e,ff010000,0,1,1,0,0,1,1,1,0,0,1,0,0,1,1
880,880,0,0,0017f793,00,ff010014,00000041,ffffe3b0,1,00000060,ffffce0c,0,1,1,0,0,1,1,1,0,0,1,0,0,1,1
881,881,0,0,0017f793,00,ff010014,0000be00,ffffe3b0,2,00000060,ffffce0d,0,1,1,0,0,1,1,1,0,0,1,0,0,0,1
882,882,0,0,00168693,00,ffffce0c,00000006,ffffe5c0,f,00000000,ff010000,0,1,1,0,0,1,1,1,0,0,1,0,0,1,1
883,883,0,0,0017f793,00,ff010014,00000042,ffffe3b0,1,00000060,ffffce0c,0,1,1,0,0,1,1,1,0,0,1,0,0,1,1
884,884,0,0,0017f793,00,ff010014,0000bd00,ffffe3b0,2,00000060,ffffce0d,0,1,1,0,0,1,1,1,0,0,1,0,0,1,1
885,885,0,0,00168693,00,ffffce0c,00000006,ffffe5c0,f,0000000e,ff010000,0,1,1,0,0,1,1,1,0,0,1,0,0,1,1
886,886,0,0,0017f793,00,ff010014,00000043,ffffe3b0,1,00000060,ffffce0c,0,1,1,0,0,1,1,1,0,0,1,0,0,0,1
887,887,0,0,0017f793,00,ff010014,0000bc00,ffffe3b0,2,00000060,ffffce0d,0,1,1,0,0,1,1,1,0,0,1,0,0,1,1
888,888,0,0,00168693,00,ffffce0c,00000006,ffffe5c0,f,00000040,ff010000,0,1,1,0,0,1,1,1,0,0,1,0,0,1,1
889,889,0,0,0017f793,00,ff010014,00000044,ffffe3b0,1,00000060,ffffce0c,0,1,1,0,0,1,1,1,0,0,1,0,0,1,1
890,890,0,0,0017f793,00,ff010014,0000bb00,ffffe3b0,2,00000060,ffffce0d,0,1,1,0,0,1,1,1,0,0,1,0,0,0,1
891,891,0,0,00168693,00,ffffce0c,00000006,ffffe5c0,f,0000000a,ff010000,0,1,1,0,0,1,1,1,0,0,1,0,0,1,1
892,892,0,0,0017f793,00,ff010014,00000045,ffffe3b0,1,00000060,ffffce0c,0,1,1,0,0,1,1,1,0,0,1,0,0,0,1
893,893,0,0,0017f793,00,ff010014,0000ba00,ffffe3b0,2,00000060,ffffce0d,0,1,1,0,0,1,1,1,0,0,1,0,0,1,1
894,894,0,0,00168693,00,ffffce0c,00000006,ffffe5c0,f,00000001,ff010000,0,1,1,0,0,1,1,1,0,0,1,0,0,1,1
895,895,0,0,0017f793,00,ff010014,00000046,ffffe3b0,1,00000060,ffffce0c,0,1,1,0,0,1,1,1,0,0,1,0,0,0,1
896,896,0,0,0017f793,00,ff010014,0000b900,ffffe3b0,2,00000060,ffffce0d,0,1,1,0,0,1,1,1,0,0,1,0,0,0,1
897,897,0,0,00168693,00,ffffce0c,00000006,ffffe5c0,f,00000000,ff010000,0,1,1,0,0,1,1,1,0,0,1,0,0,1,1
898,898,0,0,0017f793,00,ff010014,00000047,ffffe3b0,1,00000060,ffffce0c,0,1,1,0,0,1,1,1,0,0,1,0,0,0,1
899,899,0,0,0017f793,00,ff010014,0000b800,ffffe3b0,2,00000060,ffffce0d,0,1,1,0,0,1,1,1,0,0,1,0,0,0,1
900,900,0,0,00168693,00,ffffce0c,00000006,ffffe5c0,f,00000000,ff010000,0,1,1,0,0,1,1,1,0,0,1,0,0,1,1
901,901,0,0,0017f793,00,ff010014,00000048,ffffe3b0,1,00000060,ffffce0c,0,1,1,0,0,1,1,1,0,0,1,0,0,1,1
902,902,0,0,0017f793,00,ff010014,0000b700,ffffe3b0,2,00000060,ffffce0d,0,1,1,0,0,1,1,1,0,0,1,0,0,1,1
903,903,0,0,00168693,00,ffffce0c,00000006,ffffe5c0,f,00000000,ff010000,0,1,1,0,0,1,1,1,0,0,1,0,0,1,1
904,904,0,0,0017f793,00,ff010014,00000049,ffffe3b0,1,00000060,ffffce0c,0,1,1,0,0,1,1,1,0,0,1,0,0,0,1
905,905,0,0,0017f793,00,ff010014,0000b600,ffffe3b0,2,00000060,ffffce0d,0,1,1,0,0,1,1,1,0,0,1,0,0,1,1
906,906,0,0,00168693,00,ffffce0c,00000006,ffffe5c0,f,00000000,ff010000,0,1,1,0,0,1,1,1,0,0,1,0,0,1,1
907,907,0,0,0017f793,00,ff010014,0000004a,ffffe3b0,1,00000060,ffffce0c,0,1,1,0,0,1,1,1,0,0,1,0,0,0,1
908,908,0,0,0017f793,00,ff010014,0000b500,ffffe3b0,2,00000060,ffffce0d,0,1,1,0,0,1,1,1,0,0,1,0,0,0,1
909,909,0,0,00168693,00,ffffce0c,00000006,ffffe5c0,f,00000000,ff010000,0,1,1,0,0,1,1,1,0,0,1,0,0,1,1
910,910,0,0,0017f793,00,ff010014,0000004b,ffffe3b0,1,00000060,ffffce0c,0,1,1,0,0,1,1,1,0,0,1,0,0,0,1
911,911,0,0,0017f793,00,ff010014,0000b400,ffffe3b0,2,00000060,ffffce0d,0,1,1,0,0,1,1,1,0,0,1,0,0,0,1
912,912,0,0,00168693,00,ffffce0c,00000006,ffffe5c0,f,00000001,ff010000,0,1,1,0,0,1,1,1,0,0,1,0,0,1,1
913,913,0,0,0017f793,00,ff010014,0000004c,ffffe3b0,1,00000060,ffffce0c,0,1,1,0,0,1,1,1,0,0,1,0,0,1,1
914,914,0,0,0017f793,00,ff010014,0000b300,ffffe3b0,2,00000060,ffffce0d,0,1,1,0,0,1,1,1,0,0,1,0,0,0,1
915,915,0,0,00168693,00,ffffce0c,00000006,ffffe5c0,f,0000000e,ff010000,0,1,1,0,0,1,1,1,0,0,1,0,0,1,1
916,916,0,0,0017f793,00,ff010014,0000004d,ffffe3b0,1,00000060,ffffce0c,0,1,1,0,0,1,1,1,0,0,1,0,0,0,1
917,917,0,0,0017f793,00,ff010014,0000b200,ffffe3b0,2,00000060,ffffce0d,0,1,1,0,0,1,1,1,0,0,1,0,0,1,1
918,918,0,0,00168693,00,ffffce0c,00000006,ffffe5c0,f,00000000,ff010000,0,1,1,0,0,1,1,1,0,0,1,0,0,1,1
919,919,0,0,0017f793,00,ff010014,0000004e,ffffe3b0,1,00000060,ffffce0c,0,1,1,0,0,1,1,1,0,0,1,0,0,0,1
920,920,0,0,0017f793,00,ff010014,0000b100,ffffe3b0,2,00000060,ffffce0d,0,1,1,0,0,1,1,1,0,0,1,0,0,0,1
921,921,0,0,00168693,00,ffffce0c,00000006,ffffe5c0,f,00000000,ff010000,0,1,1,0,0,1,1,1,0,0,1,0,0,1,1
922,922,0,0,0017f793,00,ff010014,0000004f,ffffe3b0,1,00000060,ffffce0c,0,1,1,0,0,1,1,1,0,0,1,0,0,0,1
923,923,0,0,0017f793,00,ff010014,0000b000,ffffe3b0,2,00000060,ffffce0d,0,1,1,0,0,1,1,1,0,0,1,0,0,1,1
924,924,0,0,00168693,00,ffffce0c,00000006,ffffe5c0,f,00000000,ff010000,0,1,1,0,0,1,1,1,0,0,1,0,0,1,1
925,925,0,0,0017f793,00,ff010014,00000050,ffffe3b0,1,00000060,ffffce0c,0,1,1,0,0,1,1,1,0,0,1,0,0,1,1
926,926,0,0,0017f793,00,ff010014,0000af00,ffffe3b0,2,00000060,ffffce0d,0,1,1,0,0,1,1,1,0,0,1,0,0,1,1
927,927,0,0,00168693,00,ffffce0c,00000006,ffffe5c0,f,00000001,ff010000,0,1,1,0,0,1,1,1,0,0,1,0,0,1,1
928,928,0,0,0017f793,00,ff010014,00000051,ffffe3b0,1,00000060,ffffce0c,0,1,1,0,0,1,1,1,0,0,1,0,0,1,1
929,929,0,0,0017f793,00,ff010014,0000ae00,ffffe3b0,2,00000060,ffffce0d,0,1,1,0,0,1,1,1,0,0,1,0,0,1,1
930,930,0,0,00168693,00,ffffce0c,00000006,ffffe5c0,f,00000001,ff010000,0,1,1,0,0,1,1,1,0,0,1,0,0,1,1
931,931,0,0,0017f793,00,ff010014,00000052,ffffe3b0,1,00000060,ffffce0c,0,1,1,0,0,1,1,1,0,0,1,0,0,1,1
932,932,0,0,0017f793,00,ff010014,0000ad00,ffffe3b0,2,00000060,ffffce0d,0,1,1,0,0,1,1,1,0,0,1,0,0,1,1
933,933,0,0,00168693,00,ffffce0c,00000006,ffffe5c0,f,00000001,ff010000,0,1,1,0,0,1,1,1,0,0,1,0,0,1,1
934,934,0,0,0017f793,00,ff010014,00000053,ffffe3b0,1,00000060,ffffce0c,0,1,1,0,0,1,1,1,0,0,1,0,0,0,1
935,935,0,0,0017f793,00,ff010014,0000ac00,ffffe3b0,2,00000060,ffffce0d,0,1,1,0,0,1,1,1,0,0,1,0,0,0,1
936,936,0,0,00168693,00,ffffce0c,00000006,ffffe5c0,f,00000000,ff010000,0,1,1,0,0,1,1,1,0,0,1,0,0,1,1
937,937,0,0,0017f793,00,ff010014,00000054,ffffe3b0,1,00000060,ffffce0c,0,1,1,0,0,1,1,1,0,0,1,0,0,1,1
938,938,0,0,0017f793,00,ff010014,0000ab00,ffffe3b0,2,00000060,ffffce0d,0,1,1,0,0,1,1,1,0,0,1,0,0,0,1
939,939,0,0,00168693,00,ffffce0c,00000006,ffffe5c0,f,00000000,ff010000,0,1,1,0,0,1,1,1,0,0,1,0,0,1,1
940,940,0,0,0017f793,00,ff010014,00000055,ffffe3b0,1,00000060,ffffce0c,0,1,1,0,0,1,1,1,0,0,1,0,0,1,1
941,941,0,0,0017f793,00,ff010014,0000aa00,ffffe3b0,2,00000060,ffffce0d,0,1,1,0,0,1,1,1,0,0,1,0,0,1,1
942,942,0,0,00168693,00,ffffce0c,00000006,ffffe5c0,f,00000001,ff010000,0,1,1,0,0,1,1,1,0,0,1,0,0,1,1
943,943,0,0,0017f793,00,ff010014,00000056,ffffe3b0,1,00000060,ffffce0c,0,1,1,0,0,1,1,1,0,0,1,0,0,0,1
944,944,0,0,0017f793,00,ff010014,0000a900,ffffe3b0,2,00000060,ffffce0d,0,1,1,0,0,1,1,1,0,0,1,0,0,1,1
945,945,0,0,00168693,00,ffffce0c,00000006,ffffe5c0,f,000000f5,ff010000,0,1,1,0,0,1,1,1,0,0,1,0,0,1,1
946,946,0,0,0017f793,00,ff010014,00000057,ffffe3b0,1,00000060,ffffce0c,0,1,1,0,0,1,1,1,0,0,1,0,0,0,1
947,947,0,0,0017f793,00,ff010014,0000a800,ffffe3b0,2,00000060,ffffce0d,0,1,1,0,0,1,1,1,0,0,1,0,0,1,1
948,948,0,0,00168693,00,ffffce0c,00000006,ffffe5c0,f,00000000,ff010000,0,1,1,0,0,1,1,1,0,0,1,0,0,1,1
949,949,0,0,0017f793,00,ff010014,00000058,ffffe3b0,1,00000060,ffffce0c,0,1,1,0,0,1,1,1,0,0,1,0,0,1,1
950,950,0,0,0017f793,00,ff010014,0000a700,ffffe3b0,2,00000060,ffffce0d,0,1,1,0,0,1,1,1,0,0,1,0,0,1,1
951,951,0,0,00168693,00,ffffce0c,00000006,ffffe5c0,f,000000fa,ff010000,0,1,1,0,0,1,1,1,0,0,1,0,0,1,1
952,952,0,0,0017f793,00,ff010014,00000059,ffffe3b0,1,00000060,ffffce0c,0,1,1,0,0,1,1,1,0,0,1,0,0,1,1
953,953,0,0,0017f793,00,ff010014,0000a600,ffffe3b0,2,00000060,ffffce0d,0,1,1,0,0,1,1,1,0,0,1,0,0,0,1
954,954,0,0,00168693,00,ffffce0c,00000006,ffffe5c0,f,00000001,ff010000,0,1,1,0,0,1,1,1,0,0,1,0,0,1,1
955,955,0,0,0017f793,00,ff010014,0000005a,ffffe3b0,1,00000060,ffffce0c,0,1,1,0,0,1,1,1,0,0,1,0,0,1,1
956,956,0,0,0017f793,00,ff010014,0000a500,ffffe3b0,2,00000060,ffffce0d,0,1,1,0,0,1,1,1,0,0,1,0,0,1,1
957,957,0,0,00168693,00,ffffce0c,00000006,ffffe5c0,f,00000000,ff010000,0,1,1,0,0,1,1,1,0,0,1,0,0,1,1
958,958,0,0,0017f793,00,ff010014,0000005b,ffffe3b0,1,00000060,ffffce0c,0,1,1,0,0,1,1,1,0,0,1,0,0,1,1
959,959,0,0,0017f793,00,ff010014,0000a400,ffffe3b0,2,00000060,ffffce0d,0,1,1,0,0,1,1,1,0,0,1,0,0,1,1
960,960,0,0,00168693,00,ffffce0c,00000006,ffffe5c0,f,000000f0,ff010000,0,1,1,0,0,1,1,1,0,0,1,0,0,1,1
961,961,0,0,0017f793,00,ff010014,0000005c,ffffe3b0,1,00000060,ffffce0c,0,1,1,0,0,1,1,1,0,0,1,0,0,1,1
962,962,0,0,0017f793,00,ff010014,0000a300,ffffe3b0,2,00000060,ffffce0d,0,1,1,0,0,1,1,1,0,0,1,0,0,1,1
963,963,0,0,00168693,00,ffffce0c,00000006,ffffe5c0,f,000000f0,ff010000,0,1,1,0,0,1,1,1,0,0,1,0,0,1,1
964,964,0,0,0017f793,00,ff010014,0000005d,ffffe3b0,1,00000060,ffffce0c,0,1,1,0,0,1,1,1,0,0,1,0,0,0,1
965,965,0,0,0017f793,00,ff010014,0000a200,ffffe3b0,2,00000060,ffffce0d,0,1,1,0,0,1,1,1,0,0,1,0,0,0,1
966,966,0,0,00168693,00,ffffce0c,00000006,ffffe5c0,f,000000f0,ff010000,0,1,1,0,0,1,1,1,0,0,1,0,0,1,1
967,967,0,0,0017f793,00,ff010014,0000005e,ffffe3b0,1,00000060,ffffce0c,0,1,1,0,0,1,1,1,0,0,1,0,0,0,1
968,968,0,0,0017f793,00,ff010014,0000a100,ffffe3b0,2,00000060,ffffce0d,0,1,1,0,0,1,1,1,0,0,1,0,0,0,1
969,969,0,0,00168693,00,ffffce0c,00000006,ffffe5c0,f,00000001,ff010000,0,1,1,0,0,1,1,1,0,0,1,0,0,1,1
970,970,0,0,0017f793,00,ff010014,0000005f,ffffe3b0,1,00000060,ffffce0c,0,1,1,0,0,1,1,1,0,0,1,0,0,0,1
971,971,0,0,0017f793,00,ff010014,0000a000,ffffe3b0,2,00000060,ffffce0d,0,1,1,0,0,1,1,1,0,0,1,0,0,0,1
972,972,0,0,00168693,00,ffffce0c,00000006,ffffe5c0,f,00000000,ff010000,0,1,1,0,0,1,1,1,0,0,1,0,0,1,1
973,973,0,0,0017f793,00,ff010014,00000060,ffffe3b0,1,00000060,ffffce0c,0,1,1,0,0,1,1,1,0,0,1,0,0,1,1
974,974,0,0,0017f793,00,ff010014,00009f00,ffffe3b0,2,00000060,ffffce0d,0,1,1,0,0,1,1,1,0,0,1,0,0,0,1
975,975,0,0,00168693,00,ffffce0c,00000006,ffffe5c0,f,00000007,ff010000,0,1,1,0,0,1,1,1,0,0,1,0,0,1,1
976,976,0,0,0017f793,00,ff010014,00000061,ffffe3b0,1,00000060,ffffce0c,0,1,1,0,0,1,1,1,0,0,1,0,0,1,1
977,977,0,0,0017f793,00,ff010014,00009e00,ffffe3b0,2,00000060,ffffce0d,0,1,1,0,0,1,1,1,0,0,1,0,0,1,1
978,978,0,0,00168693,00,ffffce0c,00000006,ffffe5c0,f,00000008,ff010000,0,1,1,0,0,1,1,1,0,0,1,0,0,1,1
979,979,0,0,0017f793,00,ff010014,00000062,ffffe3b0,1,00000060,ffffce0c,0,1,1,0,0,1,1,1,0,0,1,0,0,0,1
980,980,0,0,0017f793,00,ff010014,00009d00,ffffe3b0,2,00000060,ffffce0d,0,1,1,0,0,1,1,1,0,0,1,0,0,0,1
981,981,0,0,00168693,00,ffffce0c,00000006,ffffe5c0,f,00000020,ff010000,0,1,1,0,0,1,1,1,0,0,1,0,0,1,1
982,982,0,0,0017f793,00,ff010014,00000063,ffffe3b0,1,00000060,ffffce0c,0,1,1,0,0,1,1,1,0,0,1,0,0,1,1
983,983,0,0,0017f793,00,ff010014,00009c00,ffffe3b0,2,00000060,ffffce0d,0,1,1,0,0,1,1,1,0,0,1,0,0,1,1
984,984,0,0,00168693,00,ffffce0c,00000006,ffffe5c0,f,00000025,ff010000,0,1,1,0,0,1,1,1,0,0,1,0,0,1,1
985,985,0,0,0017f793,00,ff010014,00000064,ffffe3b0,1,00000060,ffffce0c,0,1,1,0,0,1,1,1,0,0,1,0,0,0,1
986,986,0,0,0017f793,00,ff010014,00009b00,ffffe3b0,2,00000060,ffffce0d,0,1,1,0,0,1,1,1,0,0,1,0,0,0,1
987,987,0,0,00168693,00,ffffce0c,00000006,ffffe5c0,f,00000065,ff010000,0,1,1,0,0,1,1,1,0,0,1,0,0,1,1
988,988,0,0,0017f793,00,ff010014,00000065,ffffe3b0,1,00000060,ffffce0c,0,1,1,0,0,1,1,1,0,0,1,0,0,1,1
989,989,0,0,0017f793,00,ff010014,00009a00,ffffe3b0,2,00000060,ffffce0d,0,1,1,0,0,1,1,1,0,0,1,0,0,0,1
990,990,0,0,00168693,00,ffffce0c,00000006,ffffe5c0,f,00000020,ff010000,0,1,1,0,0,1,1,1,0,0,1,0,0,1,1
991,991,0,0,0017f793,00,ff010014,00000066,ffffe3b0,1,00000060,ffffce0c,0,1,1,0,0,1,1,1,0,0,1,0,0,0,1
992,992,0,0,0017f793,00,ff010014,00009900,ffffe3b0,2,00000060,ffffce0d,0,1,1,0,0,1,1,1,0,0,1,0,0,1,1
993,993,0,0,00168693,00,ffffce0c,00000006,ffffe5c0,f,00000020,ff010000,0,1,1,0,0,1,1,1,0,0,1,0,0,1,1
994,994,0,0,0017f793,00,ff010014,00000067,ffffe3b0,1,00000060,ffffce0c,0,1,1,0,0,1,1,1,0,0,1,0,0,0,1
995,995,0,0,0017f793,00,ff010014,00009800,ffffe3b0,2,00000060,ffffce0d,0,1,1,0,0,1,1,1,0,0,1,0,0,1,1
996,996,0,0,00168693,00,ffffce0c,00000006,ffffe5c0,f,00000020,ff010000,0,1,1,0,0,1,1,1,0,0,1,0,0,1,1
997,997,0,0,0017f793,00,ff010014,00000068,ffffe3b0,1,00000060,ffffce0c,0,1,1,0,0,1,1,1,0,0,1,0,0,1,1
998,998,0,0,0017f793,00,ff010014,00009700,ffffe3b0,2,00000060,ffffce0d,0,1,1,0,0,1,1,1,0,0,1,0,0,0,1
999,999,0,0,00168693,00,ffffce0c,00000006,ffffe5c0,f,0000004f,ff010000,0,1,1,0,0,1,1,1,0,0,1,0,0,1,1
1000,1000,0,0,0017f793,00,ff010014,00000069,ffffe3b0,1,00000060,ffffce0c,0,1,1,0,0,1,1,1,0,0,1,0,0,0,1
1001,1001,0,0,0017f793,00,ff010014,00009600,ffffe3b0,2,00000060,ffffce0d,0,1,1,0,0,1,1,1,0,0,1,0,0,1,1
1002,1002,0,0,00168693,00,ffffce0c,00000006,ffffe5c0,f,00000020,ff010000,0,1,1,0,0,1,1,1,0,0,1,0,0,1,1
1003,1003,0,0,0017f793,00,ff010014,0000006a,ffffe3b0,1,00000060,ffffce0c,0,1,1,0,0,1,1,1,0,0,1,0,0,1,1
1004,1004,0,0,0017f793,00,ff010014,00009500,ffffe3b0,2,00000060,ffffce0d,0,1,1,0,0,1,1,1,0,0,1,0,0,0,1
1005,1005,0,0,00168693,00,ffffce0c,00000006,ffffe5c0,f,00000020,ff010000,0,1,1,0,0,1,1,1,0,0,1,0,0,1,1
1006,1006,0,0,0017f793,00,ff010014,0000006b,ffffe3b0,1,00000060,ffffce0c,0,1,1,0,0,1,1,1,0,0,1,0,0,1,1
1007,1007,0,0,0017f793,00,ff010014,00009400,ffffe3b0,2,00000060,ffffce0d,0,1,1,0,0,1,1,1,0,0,1,0,0,1,1
1008,1008,0,0,00168693,00,ffffce0c,00000006,ffffe5c0,f,00000052,ff010000,0,1,1,0,0,1,1,1,0,0,1,0,0,1,1
1009,1009,0,0,0017f793,00,ff010014,0000006c,ffffe3b0,1,00000060,ffffce0c,0,1,1,0,0,1,1,1,0,0,1,0,0,0,1
1010,1010,0,0,0017f793,00,ff010014,00009300,ffffe3b0,2,00000060,ffffce0d,0,1,1,0,0,1,1,1,0,0,1,0,0,1,1
1011,1011,0,0,00168693,00,ffffce0c,00000006,ffffe5c0,f,0000006f,ff010000,0,1,1,0,0,1,1,1,0,0,1,0,0,1,1
1012,1012,0,0,0017f793,00,ff010014,0000006d,ffffe3b0,1,00000060,ffffce0c,0,1,1,0,0,1,1,1,0,0,1,0,0,1,1
1013,1013,0,0,0017f793,00,ff010014,00009200,ffffe3b0,2,00000060,ffffce0d,0,1,1,0,0,1,1,1,0,0,1,0,0,1,1
1014,1014,0,0,00168693,00,ffffce0c,00000006,ffffe5c0,f,00000052,ff010000,0,1,1,0,0,1,1,1,0,0,1,0,0,1,1
1015,1015,0,0,0017f793,00,ff010014,0000006e,ffffe3b0,1,00000060,ffffce0c,0,1,1,0,0,1,1,1,0,0,1,0,0,0,1
1016,1016,0,0,0017f793,00,ff010014,00009100,ffffe3b0,2,00000060,ffffce0d,0,1,1,0,0,1,1,1,0,0,1,0,0,1,1
1017,1017,0,0,00168693,00,ffffce0c,00000006,ffffe5c0,f,00000029,ff010000,0,1,1,0,0,1,1,1,0,0,1,0,0,1,1
1018,1018,0,0,0017f793,00,ff010014,0000006f,ffffe3b0,1,00000060,ffffce0c,0,1,1,0,0,1,1,1,0,0,1,0,0,0,1
1019,1019,0,0,0017f793,00,ff010014,00009000,ffffe3b0,2,00000060,ffffce0d,0,1,1,0,0,1,1,1,0,0,1,0,0,1,1
1020,1020,0,0,00168693,00,ffffce0c,00000006,ffffe5c0,f,00000000,ff010000,0,1,1,0,0,1,1,1,0,0,1,0,0,1,1
1021,1021,0,0,0017f793,00,ff010014,00000070,ffffe3b0,1,00000060,ffffce0c,0,1,1,0,0,1,1,1,0,0,1,0,0,1,1
1022,1022,0,0,0017f793,00,ff010014,00008f00,ffffe3b0,2,00000060,ffffce0d,0,1,1,0,0,1,1,1,0,0,1,0,0,0,1
1023,1023,0,0,00168693,00,ffffce0c,00000006,ffffe5c0,f,00000000,ff010000,0,1,1,0,0,1,1,1,0,0,1,0,0,1,1
1024,1024,0,0,0017f793,00,ff010014,00000071,ffffe3b0,1,00000060,ffffce0c,0,1,1,0,0,1,1,1,0,0,1,0,0,1,1
1025,1025,0,0,0017f793,00,ff010014,00008e00,ffffe3b0,2,00000060,ffffce0d,0,1,1,0,0,1,1,1,0,0,1,0,0,0,1
1026,1026,0,0,00168693,00,ffffce0c,00000006,ffffe5c0,f,00000000,ff010000,0,1,1,0,0,1,1,1,0,0,1,0,0,1,1
1027,1027,0,0,0017f793,00,ff010014,00000072,ffffe3b0,1,00000060,ffffce0c,0,1,1,0,0,1,1,1,0,0,1,0,0,1,1
1028,1028,0,0,0017f793,00,ff010014,00008d00,ffffe3b0,2,00000060,ffffce0d,0,1,1,0,0,1,1,1,0,0,1,0,0,0,1
1029,1029,0,0,00168693,00,ffffce0c,00000006,ffffe5c0,f,00000000,ff010000,0,1,1,0,0,1,1,1,0,0,1,0,0,1,1
1030,1030,0,0,0017f793,00,ff010014,00000073,ffffe3b0,1,00000060,ffffce0c,0,1,1,0,0,1,1,1,0,0,1,0,0,0,1
1031,1031,0,0,0017f793,00,ff010014,00008c00,ffffe3b0,2,00000060,ffffce0d,0,1,1,0,0,1,1,1,0,0,1,0,0,0,1
1032,1032,0,0,00168693,00,ffffce0c,00000006,ffffe5c0,f,00000000,ff010000,0,1,1,0,0,1,1,1,0,0,1,0,0,1,1
1033,1033,0,0,0017f793,00,ff010014,00000074,ffffe3b0,1,00000060,ffffce0c,0,1,1,0,0,1,1,1,0,0,1,0,0,1,1
1034,1034,0,0,0017f793,00,ff010014,00008b00,ffffe3b0,2,00000060,ffffce0d,0,1,1,0,0,1,1,1,0,0,1,0,0,0,1
1035,1035,0,0,00168693,00,ffffce0c,00000006,ffffe5c0,f,00000000,ff010000,0,1,1,0,0,1,1,1,0,0,1,0,0,1,1
1036,1036,0,0,0017f793,00,ff010014,00000075,ffffe3b0,1,00000060,ffffce0c,0,1,1,0,0,1,1,1,0,0,1,0,0,0,1
1037,1037,0,0,0017f793,00,ff010014,00008a00,ffffe3b0,2,00000060,ffffce0d,0,1,1,0,0,1,1,1,0,0,1,0,0,0,1
1038,1038,0,0,00168693,00,ffffce0c,00000006,ffffe5c0,f,00000000,ff010000,0,1,1,0,0,1,1,1,0,0,1,0,0,1,1
1039,1039,0,0,0017f793,00,ff010014,00000076,ffffe3b0,1,00000060,ffffce0c,0,1,1,0,0,1,1,1,0,0,1,0,0,0,1
1040,1040,0,0,0017f793,00,ff010014,00008900,ffffe3b0,2,00000060,ffffce0d,0,1,1,0,0,1,1,1,0,0,1,0,0,0,1
1041,1041,0,0,00168693,00,ffffce0c,00000006,ffffe5c0,f,00000000,ff010000,0,1,1,0,0,1,1,1,0,0,1,0,0,1,1
1042,1042,0,0,0017f793,00,ff010014,00000077,ffffe3b0,1,00000060,ffffce0c,0,1,1,0,0,1,1,1,0,0,1,0,0,0,1
1043,1043,0,0,0017f793,00,ff010014,00008800,ffffe3b0,2,00000060,ffffce0d,0,1,1,0,0,1,1,1,0,0,1,0,0,0,1
1044,1044,0,0,00168693,00,ffffce0c,00000006,ffffe5c0,f,00000000,ff010000,0,1,1,0,0,1,1,1,0,0,1,0,0,1,1
1045,1045,0,0,0017f793,00,ff010014,00000078,ffffe3b0,1,00000060,ffffce0c,0,1,1,0,0,1,1,1,0,0,1,0,0,1,1
1046,1046,0,0,0017f793,00,ff010014,00008700,ffffe3b0,2,00000060,ffffce0d,0,1,1,0,0,1,1,1,0,0,1,0,0,0,1
1047,1047,0,0,00168693,00,ffffce0c,00000006,ffffe5c0,f,00000000,ff010000,0,1,1,0,0,1,1,1,0,0,1,0,0,1,1
1048,1048,0,0,0017f793,00,ff010014,00000079,ffffe3b0,1,00000060,ffffce0c,0,1,1,0,0,1,1,1,0,0,1,0,0,1,1
1049,1049,0,0,0017f793,00,ff010014,00008600,ffffe3b0,2,00000060,ffffce0d,0,1,1,0,0,1,1,1,0,0,1,0,0,0,1
1050,1050,0,0,00168693,00,ffffce0c,00000006,ffffe5c0,f,00000053,ff010000,0,1,1,0,0,1,1,1,0,0,1,0,0,1,1
1051,1051,0,0,0017f793,00,ff010014,0000007a,ffffe3b0,1,00000060,ffffce0c,0,1,1,0,0,1,1,1,0,0,1,0,0,0,1
1052,1052,0,0,0017f793,00,ff010014,00008500,ffffe3b0,2,00000060,ffffce0d,0,1,1,0,0,1,1,1,0,0,1,0,0,0,1
1053,1053,0,0,00168693,00,ffffce0c,00000006,ffffe5c0,f,0000001a,ff010000,0,1,1,0,0,1,1,1,0,0,1,0,0,1,1
1054,1054,0,0,c01027f3,00,ff010000,00000006,ffffe4e0,f,00000060,ff010000,0,1,1,0,0,1,1,1,0,0,1,0,0,1,1
1055,1055,0,0,02812a03,00,ffffd070,0000000d,ffffdca0,f,00000060,ff010000,0,1,1,0,0,1,1,1,0,0,1,0,0,1,1
1056,1056,0,0,00054683,00,ff010014,0000000a,ffffdc84,f,00000060,ff010000,0,1,1,0,0,1,1,1,0,0,1,0,0,1,0
1057,1057,0,0,0207f793,00,ff010014,00000058,ffffdc84,f,0000000d,ff010000,0,1,1,0,0,1,1,1,0,0,1,0,0,1,0
1058,1058,0,0,0207f793,00,ff010014,0000006d,ffffdc84,f,00000000,ff010000,0,1,1,0,0,1,1,1,0,0,1,0,0,1,0
1059,1059,0,0,0207f793,00,ff010014,0000006f,ffffdc84,f,00000000,ff010000,0,1,1,0,0,1,1,1,0,0,1,0,0,1,0
1060,1060,0,0,0207f793,00,ff010014,00000064,ffffdc84,f,00000000,ff010000,0,1,1,0,0,1,1,1,0,0,1,0,0,1,0
1061,1061,0,0,0207f793,00,ff010014,00000065,ffffdc84,f,00000000,ff010000,0,1,1,0,0,1,1,1,0,0,1,0,0,1,0
1062,1062,0,0,0207f793,00,ff010014,0000006d,ffffdc84,f,00000000,ff010000,0,1,1,0,0,1,1,1,0,0,1,0,0,1,0
1063,1063,0,0,0207f793,00,ff010014,00000020,ffffdc84,f,00000000,ff010000,0,1,1,0,0,1,1,1,0,0,1,0,0,1,0
1064,1064,0,0,0207f793,00,ff010014,00000073,ffffdc84,f,00000000,ff010000,0,1,1,0,0,1,1,1,0,0,1,0,0,1,0
1065,1065,0,0,0207f793,00,ff010014,00000075,ffffdc84,f,00000000,ff010000,0,1,1,0,0,1,1,1,0,0,1,0,0,1,0
1066,1066,0,0,0207f793,00,ff010014,00000063,ffffdc84,f,00000000,ff010000,0,1,1,0,0,1,1,1,0,0,1,0,0,1,0
1067,1067,0,0,0207f793,00,ff010014,00000063,ffffdc84,f,00000000,ff010000,0,1,1,0,0,1,1,1,0,0,1,0,0,1,0
1068,1068,0,0,0207f793,00,ff010014,00000065,ffffdc84,f,00000000,ff010000,0,1,1,0,0,1,1,1,0,0,1,0,0,1,0
1069,1069,0,0,0207f793,00,ff010014,00000073,ffffdc84,f,00000000,ff010000,0,1,1,0,0,1,1,1,0,0,1,0,0,1,0
1070,1070,0,0,0207f793,00,ff010014,00000073,ffffdc84,f,00000000,ff010000,0,1,1,0,0,1,1,1,0,0,1,0,0,1,0
1071,1071,0,0,0207f793,00,ff010014,00000066,ffffdc84,f,00000000,ff010000,0,1,1,0,0,1,1,1,0,0,1,0,0,1,0
1072,1072,0,0,0207f793,00,ff010014,00000075,ffffdc84,f,00000000,ff010000,0,1,1,0,0,1,1,1,0,0,1,0,0,1,0
1073,1073,0,0,0207f793,00,ff010014,0000006c,ffffdc84,f,00000000,ff010000,0,1,1,0,0,1,1,1,0,0,1,0,0,1,0
1074,1074,0,0,0207f793,00,ff010014,0000006c,ffffdc84,f,00000000,ff010000,0,1,1,0,0,1,1,1,0,0,1,0,0,1,0
1075,1075,0,0,0207f793,00,ff010014,00000079,ffffdc84,f,00000000,ff010000,0,1,1,0,0,1,1,1,0,0,1,0,0,1,0
1076,1076,0,0,0207f793,00,ff010014,00000020,ffffdc84,f,00000000,ff010000,0,1,1,0,0,1,1,1,0,0,1,0,0,1,0
1077,1077,0,0,0207f793,00,ff010014,00000072,ffffdc84,f,00000000,ff010000,0,1,1,0,0,1,1,1,0,0,1,0,0,1,0
1078,1078,0,0,0207f793,00,ff010014,00000065,ffffdc84,f,00000000,ff010000,0,1,1,0,0,1,1,1,0,0,1,0,0,1,0
1079,1079,0,0,0207f793,00,ff010014,00000063,ffffdc84,f,00000000,ff010000,0,1,1,0,0,1,1,1,0,0,1,0,0,1,0
1080,1080,0,0,0207f793,00,ff010014,00000065,ffffdc84,f,00000000,ff010000,0,1,1,0,0,1,1,1,0,0,1,0,0,1,0
1081,1081,0,0,0207f793,00,ff010014,00000069,ffffdc84,f,00000000,ff010000,0,1,1,0,0,1,1,1,0,0,1,0,0,1,0
1082,1082,0,0,0207f793,00,ff010014,00000076,ffffdc84,f,00000000,ff010000,0,1,1,0,0,1,1,1,0,0,1,0,0,1,0
1083,1083,0,0,0207f793,00,ff010014,00000065,ffffdc84,f,00000000,ff010000,0,1,1,0,0,1,1,1,0,0,1,0,0,1,0
1084,1084,0,0,0207f793,00,ff010014,00000064,ffffdc84,f,00000000,ff010000,0,1,1,0,0,1,1,1,0,0,1,0,0,1,0
1085,1085,0,0,0207f793,00,ff010014,00000020,ffffdc84,f,00000000,ff010000,0,1,1,0,0,1,1,1,0,0,1,0,0,1,0
1086,1086,0,0,00050613,00,ff010014,00000031,ffffe060,f,00000000,ff010000,0,1,1,0,0,1,1,1,0,0,1,0,0,1,0
1087,1087,0,0,0207f793,00,ff010014,00000035,ffffe060,f,00000000,ff010000,0,1,1,0,0,1,1,1,0,0,1,0,0,1,0
1088,1088,0,0,0207f793,00,ff010014,00000036,ffffe060,f,00000000,ff010000,0,1,1,0,0,1,1,1,0,0,1,0,0,1,0
1089,1089,0,0,0207f793,00,ff010014,00000031,ffffe060,f,00000000,ff010000,0,1,1,0,0,1,1,1,0,0,1,0,0,1,0
1090,1090,0,0,0207f793,00,ff010014,00000036,ffffe060,f,00000000,ff010000,0,1,1,0,0,1,1,1,0,0,1,0,0,1,0
1091,1091,0,0,0207f793,00,ff010014,00000020,ffffdc84,f,00000000,ff010000,0,1,1,0,0,1,1,1,0,0,1,0,0,1,0
1092,1092,0,0,0207f793,00,ff010014,00000062,ffffdc84,f,00000000,ff010000,0,1,1,0,0,1,1,1,0,0,1,0,0,1,0
1093,1093,0,0,0207f793,00,ff010014,00000079,ffffdc84,f,00000000,ff010000,0,1,1,0,0,1,1,1,0,0,1,0,0,1,0
1094,1094,0,0,0207f793,00,ff010014,00000074,ffffdc84,f,00000000,ff010000,0,1,1,0,0,1,1,1,0,0,1,0,0,1,0
1095,1095,0,0,0207f793,00,ff010014,00000065,ffffdc84,f,00000000,ff010000,0,1,1,0,0,1,1,1,0,0,1,0,0,1,0
1096,1096,0,0,0207f793,00,ff010014,00000073,ffffdc84,f,00000000,ff010000,0,1,1,0,0,1,1,1,0,0,1,0,0,1,0
1097,1097,0,0,0207f793,00,ff010014,0000000d,ffffdca0,f,00000000,ff010000,0,1,1,0,0,1,1,1,0,0,1,0,0,1,0
1098,1098,0,0,0207f793,00,ff010014,0000000a,ffffdc84,f,00000000,ff010000,0,1,1,0,0,1,1,1,0,0,1,0,0,1,0
1099,1099,0,0,fe078ce3,00,ff010014,0000003a,ffffdc38,f,00000000,ff010000,0,1,1,0,0,1,1,1,0,0,1,0,0,1,0
1100,1100,0,0,fe078ce3,00,ff010014,00000020,ffffdc38,f,00000000,ff010000,0,1,1,0,0,1,1,1,0,0,1,0,0,1,0
1101,1101,0,0,0017f793,00,ffffd1bc,0000000d,ffffdc38,f,00000060,ff010000,0,1,1,0,0,1,1,1,0,0,1,0,0,1,1
1102,1102,0,0,200d7d13,00,ffffd024,00000073,ffffdc84,f,00000060,ff010000,0,1,1,0,0,1,1,1,0,0,1,0,0,1,0
1103,1103,0,0,0207f793,00,ff010014,00000074,ffffdc84,f,00000060,ff010000,0,1,1,0,0,1,1,1,0,0,1,0,0,1,0
1104,1104,0,0,0207f793,00,ff010014,00000061,ffffdc84,f,00000000,ff010000,0,1,1,0,0,1,1,1,0,0,1,0,0,1,0
1105,1105,0,0,0207f793,00,ff010014,00000072,ffffdc84,f,00000000,ff010000,0,1,1,0,0,1,1,1,0,0,1,0,0,1,0
1106,1106,0,0,0207f793,00,ff010014,00000074,ffffdc84,f,00000000,ff010000,0,1,1,0,0,1,1,1,0,0,1,0,0,1,0
1107,1107,0,0,0207f793,00,ff010014,00000020,ffffdc84,f,00000000,ff010000,0,1,1,0,0,1,1,1,0,0,1,0,0,1,0
1108,1108,0,0,0207f793,00,ff010014,00000040,ffffdc84,f,00000000,ff010000,0,1,1,0,0,1,1,1,0,0,1,0,0,1,0
1109,1109,0,0,0207f793,00,ff010014,00000061,ffffdc84,f,00000000,ff010000,0,1,1,0,0,1,1,1,0,0,1,0,0,1,0
1110,1110,0,0,0207f793,00,ff010014,00000064,ffffdc84,f,00000000,ff010000,0,1,1,0,0,1,1,1,0,0,1,0,0,1,0
1111,1111,0,0,0207f793,00,ff010014,00000064,ffffdc84,f,00000000,ff010000,0,1,1,0,0,1,1,1,0,0,1,0,0,1,0
1112,1112,0,0,0207f793,00,ff010014,00000072,ffffdc84,f,00000000,ff010000,0,1,1,0,0,1,1,1,0,0,1,0,0,1,0
1113,1113,0,0,0207f793,00,ff010014,0000000d,ffffdca0,f,00000000,ff010000,0,1,1,0,0,1,1,1,0,0,1,0,0,1,0
1114,1114,0,0,0207f793,00,ff010014,0000000a,ffffdc84,f,00000000,ff010000,0,1,1,0,0,1,1,1,0,0,1,0,0,1,0
1115,1115,0,0,0207f793,00,ff010014,00000061,ffffdc84,f,00000000,ff010000,0,1,1,0,0,1,1,1,0,0,1,0,0,1,0
1116,1116,0,0,0207f793,00,ff010014,00000064,ffffdc84,f,00000000,ff010000,0,1,1,0,0,1,1,1,0,0,1,0,0,1,0
1117,1117,0,0,0207f793,00,ff010014,00000064,ffffdc84,f,00000000,ff010000,0,1,1,0,0,1,1,1,0,0,1,0,0,1,0
1118,1118,0,0,0207f793,00,ff010014,00000072,ffffdc84,f,00000000,ff010000,0,1,1,0,0,1,1,1,0,0,1,0,0,1,0
1119,1119,0,0,0207f793,00,ff010014,0000003a,ffffdc84,f,00000000,ff010000,0,1,1,0,0,1,1,1,0,0,1,0,0,1,0
1120,1120,0,0,0207f793,00,ff010014,00000020,ffffdc84,f,00000000,ff010000,0,1,1,0,0,1,1,1,0,0,1,0,0,1,0
1121,1121,0,0,00d72023,00,ff010000,00000010,ffffe0a0,f,00000000,ffffce4c,0,1,1,0,0,1,1,1,0,0,1,0,0,1,0
1122,1122,0,0,01472783,00,ffffd197,00000006,ffffe0a4,f,00000000,ffffce48,0,1,1,0,0,1,1,1,0,0,1,0,0,1,0
1123,1123,0,0,0017f793,00,ff010000,00000030,ffffe16c,f,00000060,ff010000,0,1,1,0,0,1,1,1,0,0,1,0,0,1,1
1124,1124,0,0,01472783,00,ff010000,00000008,ffffe1bc,f,00000060,ff010000,0,1,1,0,0,1,1,1,0,0,1,0,0,1,1
1125,1125,0,0,08568c63,00,ff010014,00000020,ffffe1cc,f,00000060,ff010000,0,1,1,0,0,1,1,1,0,0,1,0,0,1,0
1126,1126,0,0,0207f793,00,ff010014,00000008,ffffe1dc,f,00000061,ff010000,0,1,1,0,0,1,1,1,0,0,1,0,0,1,0
1127,1127,0,0,0017f793,00,ff010000,00000066,ffffe16c,f,00000060,ff010000,0,1,1,0,0,1,1,1,0,0,1,0,0,1,1
1128,1128,0,0,01472783,00,ff010000,00000030,ffffe16c,f,00000060,ff010000,0,1,1,0,0,1,1,1,0,0,1,0,0,1,1
1129,1129,0,0,01472783,00,ff010000,00000030,ffffe16c,f,00000060,ff010000,0,1,1,0,0,1,1,1,0,0,1,0,0,1,1
1130,1130,0,0,01472783,00,ff010000,00000030,ffffe16c,f,00000060,ff010000,0,1,1,0,0,1,1,1,0,0,1,0,0,1,1
1131,1131,0,0,01472783,00,ff010000,00000030,ffffe16c,f,00000060,ff010000,0,1,1,0,0,1,1,1,0,0,1,0,0,1,1
1132,1132,0,0,01472783,00,ff010000,00000032,ffffe16c,f,00000060,ff010000,0,1,1,0,0,1,1,1,0,0,1,0,0,1,1
1133,1133,0,0,01472783,00,ff010000,00000030,ffffe16c,f,00000060,ff010000,0,1,1,0,0,1,1,1,0,0,1,0,0,1,1
1134,1134,0,0,01472783,00,ff010000,00000030,ffffe16c,f,00000060,ff010000,0,1,1,0,0,1,1,1,0,0,1,0,0,1,1
1135,1135,0,0,fe078ce3,00,ff010000,0000000d,ffffe128,f,00000060,ff010000,0,1,1,0,0,1,1,1,0,0,1,0,0,1,1
1136,1136,0,0,fbf78793,00,ff010014,0000000a,ffffe144,f,00000060,ff010000,0,1,1,0,0,1,1,1,0,0,1,0,0,1,0
1137,1137,0,0,0207f793,00,ffffce48,00000010,ffffd404,f,00000060,ffffce48,0,1,1,0,0,1,1,1,0,0,1,0,0,1,0
1138,1138,0,0,01472783,00,ffffd1c4,ffffdb18,ffffd410,f,00000060,ffffce4c,0,1,1,0,0,1,1,1,0,0,1,0,0,1,0
1139,1139,0,0,fe078ce3,00,ff010014,0000000d,ffffdc54,f,00000060,ff010000,0,1,1,0,0,1,1,1,0,0,1,0,0,1,0
1140,1140,0,0,fe078ce3,00,ff010014,0000000a,ffffdc38,f,00000000,ff010000,0,1,1,0,0,1,1,1,0,0,1,0,0,1,0
1141,1141,0,0,fef77ce3,00,ff010014,00000078,ffffd440,f,00000000,ff010004,0,1,1,0,0,1,1,1,0,0,1,0,0,1,1
1142,1142,0,0,fef77ce3,00,ff010004,0000000d,ffffd440,f,00000000,ff010000,0,1,1,0,0,1,1,1,0,0,1,0,0,1,1
1143,1143,0,0,fef77ce3,00,ff010014,0000000a,ffffd440,f,00000020,ff010000,0,1,1,0,0,1,1,1,0,0,1,0,0,1,0
1144,1144,0,0,fef77ce3,00,ff010014,0000000d,ffffd440,f,00000000,ff010000,0,1,1,0,0,1,1,1,0,0,1,0,0,1,0
1145,1145,0,0,fef77ce3,00,ff010014,0000000a,ffffd440,f,00000000,ff010000,0,1,1,0,0,1,1,1,0,0,1,0,0,1,0
1146,1146,0,0,fef77ce3,00,ff010014,00000044,ffffd440,f,00000000,ff010000,0,1,1,0,0,1,1,1,0,0,1,0,0,1,0
1147,1147,0,0,fef77ce3,00,ff010014,00000068,ffffd440,f,00000000,ff010000,0,1,1,0,0,1,1,1,0,0,1,0,0,1,0
1148,1148,0,0,fef77ce3,00,ff010014,00000072,ffffd440,f,00000000,ff010000,0,1,1,0,0,1,1,1,0,0,1,0,0,1,0
1149,1149,0,0,fef77ce3,00,ff010014,00000079,ffffd440,f,00000000,ff010000,0,1,1,0,0,1,1,1,0,0,1,0,0,1,0
1150,1150,0,0,fef77ce3,00,ff010014,00000073,ffffd440,f,00000000,ff010000,0,1,1,0,0,1,1,1,0,0,1,0,0,1,0
1151,1151,0,0,fef77ce3,00,ff010014,00000074,ffffd440,f,00000000,ff010000,0,1,1,0,0,1,1,1,0,0,1,0,0,1,0
1152,1152,0,0,fef77ce3,00,ff010014,0000006f,ffffd440,f,00000000,ff010000,0,1,1,0,0,1,1,1,0,0,1,0,0,1,0
1153,1153,0,0,fef77ce3,00,ff010014,0000006e,ffffd440,f,00000000,ff010000,0,1,1,0,0,1,1,1,0,0,1,0,0,1,0
1154,1154,0,0,fef77ce3,00,ff010014,00000065,ffffd440,f,00000000,ff010000,0,1,1,0,0,1,1,1,0,0,1,0,0,1,0
1155,1155,0,0,fef77ce3,00,ff010014,00000020,ffffd440,f,00000000,ff010000,0,1,1,0,0,1,1,1,0,0,1,0,0,1,0
1156,1156,0,0,fef77ce3,00,ff010014,00000042,ffffd440,f,00000000,ff010000,0,1,1,0,0,1,1,1,0,0,1,0,0,1,0
1157,1157,0,0,fef77ce3,00,ff010014,00000065,ffffd440,f,00000000,ff010000,0,1,1,0,0,1,1,1,0,0,1,0,0,1,0
1158,1158,0,0,fef77ce3,00,ff010014,0000006e,ffffd440,f,00000000,ff010000,0,1,1,0,0,1,1,1,0,0,1,0,0,1,0
1159,1159,0,0,fef77ce3,00,ff010014,00000063,ffffd440,f,00000000,ff010000,0,1,1,0,0,1,1,1,0,0,1,0,0,1,0
1160,1160,0,0,fef77ce3,00,ff010014,00000068,ffffd440,f,00000000,ff010000,0,1,1,0,0,1,1,1,0,0,1,0,0,1,0
1161,1161,0,0,fef77ce3,00,ff010014,0000006d,ffffd440,f,00000000,ff010000,0,1,1,0,0,1,1,1,0,0,1,0,0,1,0
1162,1162,0,0,fef77ce3,00,ff010014,00000061,ffffd440,f,00000000,ff010000,0,1,1,0,0,1,1,1,0,0,1,0,0,1,0
1163,1163,0,0,fef77ce3,00,ff010014,00000072,ffffd440,f,00000000,ff010000,0,1,1,0,0,1,1,1,0,0,1,0,0,1,0
1164,1164,0,0,fef77ce3,00,ff010014,0000006b,ffffd440,f,00000000,ff010000,0,1,1,0,0,1,1,1,0,0,1,0,0,1,0
1165,1165,0,0,fef77ce3,00,ff010014,0000002c,ffffd440,f,00000000,ff010000,0,1,1,0,0,1,1,1,0,0,1,0,0,1,0
1166,1166,0,0,fef77ce3,00,ff010014,00000020,ffffd440,f,00000000,ff010000,0,1,1,0,0,1,1,1,0,0,1,0,0,1,0
1167,1167,0,0,fef77ce3,00,ff010014,00000056,ffffd440,f,00000000,ff010000,0,1,1,0,0,1,1,1,0,0,1,0,0,1,0
1168,1168,0,0,fef77ce3,00,ff010014,00000065,ffffd440,f,00000000,ff010000,0,1,1,0,0,1,1,1,0,0,1,0,0,1,0
1169,1169,0,0,fef77ce3,00,ff010014,00000072,ffffd440,f,00000000,ff010000,0,1,1,0,0,1,1,1,0,0,1,0,0,1,0
1170,1170,0,0,fef77ce3,00,ff010014,00000073,ffffd440,f,00000000,ff010000,0,1,1,0,0,1,1,1,0,0,1,0,0,1,0
1171,1171,0,0,fef77ce3,00,ff010014,00000069,ffffd440,f,00000000,ff010000,0,1,1,0,0,1,1,1,0,0,1,0,0,1,0
1172,1172,0,0,fef77ce3,00,ff010014,0000006f,ffffd440,f,00000000,ff010000,0,1,1,0,0,1,1,1,0,0,1,0,0,1,0
1173,1173,0,0,fef77ce3,00,ff010014,0000006e,ffffd440,f,00000000,ff010000,0,1,1,0,0,1,1,1,0,0,1,0,0,1,0
1174,1174,0,0,fef77ce3,00,ff010014,00000020,ffffd440,f,00000000,ff010000,0,1,1,0,0,1,1,1,0,0,1,0,0,1,0
1175,1175,0,0,fef77ce3,00,ff010014,00000032,ffffd440,f,00000000,ff010000,0,1,1,0,0,1,1,1,0,0,1,0,0,1,0
1176,1176,0,0,fef77ce3,00,ff010014,0000002e,ffffd440,f,00000000,ff010000,0,1,1,0,0,1,1,1,0,0,1,0,0,1,0
1177,1177,0,0,fef77ce3,00,ff010014,00000031,ffffd440,f,00000000,ff010000,0,1,1,0,0,1,1,1,0,0,1,0,0,1,0
1178,1178,0,0,fef77ce3,00,ff010014,00000020,ffffd440,f,00000000,ff010000,0,1,1,0,0,1,1,1,0,0,1,0,0,1,0
1179,1179,0,0,fef77ce3,00,ff010014,00000028,ffffd440,f,00000000,ff010000,0,1,1,0,0,1,1,1,0,0,1,0,0,1,0
1180,1180,0,0,fef77ce3,00,ff010014,0000004c,ffffd440,f,00000000,ff010000,0,1,1,0,0,1,1,1,0,0,1,0,0,1,0
1181,1181,0,0,fef77ce3,00,ff010014,00000061,ffffd440,f,00000000,ff010000,0,1,1,0,0,1,1,1,0,0,1,0,0,1,0
1182,1182,0,0,fef77ce3,00,ff010014,0000006e,ffffd440,f,00000000,ff010000,0,1,1,0,0,1,1,1,0,0,1,0,0,1,0
1183,1183,0,0,fef77ce3,00,ff010014,00000067,ffffd440,f,00000000,ff010000,0,1,1,0,0,1,1,1,0,0,1,0,0,1,0
1184,1184,0,0,fef77ce3,00,ff010014,00000075,ffffd440,f,00000000,ff010000,0,1,1,0,0,1,1,1,0,0,1,0,0,1,0
1185,1185,0,0,fef77ce3,00,ff010014,00000061,ffffd440,f,00000000,ff010000,0,1,1,0,0,1,1,1,0,0,1,0,0,1,0
1186,1186,0,0,fef77ce3,00,ff010014,00000067,ffffd440,f,00000000,ff010000,0,1,1,0,0,1,1,1,0,0,1,0,0,1,0
1187,1187,0,0,fef77ce3,00,ff010014,00000065,ffffd440,f,00000000,ff010000,0,1,1,0,0,1,1,1,0,0,1,0,0,1,0
1188,1188,0,0,fef77ce3,00,ff010014,0000003a,ffffd440,f,00000000,ff010000,0,1,1,0,0,1,1,1,0,0,1,0,0,1,0
1189,1189,0,0,fef77ce3,00,ff010014,00000020,ffffd440,f,00000000,ff010000,0,1,1,0,0,1,1,1,0,0,1,0,0,1,0
1190,1190,0,0,fef77ce3,00,ff010014,00000043,ffffd440,f,00000000,ff010000,0,1,1,0,0,1,1,1,0,0,1,0,0,1,0
1191,1191,0,0,fef77ce3,00,ff010014,00000029,ffffd440,f,00000000,ff010000,0,1,1,0,0,1,1,1,0,0,1,0,0,1,0
1192,1192,0,0,fef77ce3,00,ff010014,0000000d,ffffd440,f,00000000,ff010000,0,1,1,0,0,1,1,1,0,0,1,0,0,1,0
1193,1193,0,0,fef77ce3,00,ff010014,0000000a,ffffd440,f,00000000,ff010000,0,1,1,0,0,1,1,1,0,0,1,0,0,1,0
1194,1194,0,0,fef77ce3,00,ff010014,0000000d,ffffd440,f,00000000,ff010000,0,1,1,0,0,1,1,1,0,0,1,0,0,1,0
1195,1195,0,0,fef77ce3,00,ff010014,0000000a,ffffd440,f,00000000,ff010000,0,1,1,0,0,1,1,1,0,0,1,0,0,1,0
1196,1196,0,0,fef77ce3,00,ff010014,00000050,ffffd440,f,00000000,ff010000,0,1,1,0,0,1,1,1,0,0,1,0,0,1,0
1197,1197,0,0,fef77ce3,00,ff010014,00000072,ffffd440,f,00000000,ff010000,0,1,1,0,0,1,1,1,0,0,1,0,0,1,0
1198,1198,0,0,fef77ce3,00,ff010014,0000006f,ffffd440,f,00000000,ff010000,0,1,1,0,0,1,1,1,0,0,1,0,0,1,0
1199,1199,0,0,fef77ce3,00,ff010014,00000067,ffffd440,f,00000000,ff010000,0,1,1,0,0,1,1,1,0,0,1,0,0,1,0
1200,1200,0,0,fef77ce3,00,ff010014,00000072,ffffd440,f,00000000,ff010000,0,1,1,0,0,1,1,1,0,0,1,0,0,1,0
1201,1201,0,0,fef77ce3,00,ff010014,00000061,ffffd440,f,00000000,ff010000,0,1,1,0,0,1,1,1,0,0,1,0,0,1,0
1202,1202,0,0,fef77ce3,00,ff010014,0000006d,ffffd440,f,00000000,ff010000,0,1,1,0,0,1,1,1,0,0,1,0,0,1,0
1203,1203,0,0,fef77ce3,00,ff010014,00000020,ffffd440,f,00000000,ff010000,0,1,1,0,0,1,1,1,0,0,1,0,0,1,0
1204,1204,0,0,fef77ce3,00,ff010014,00000063,ffffd440,f,00000000,ff010000,0,1,1,0,0,1,1,1,0,0,1,0,0,1,0
1205,1205,0,0,fef77ce3,00,ff010014,0000006f,ffffd440,f,00000000,ff010000,0,1,1,0,0,1,1,1,0,0,1,0,0,1,0
1206,1206,0,0,fef77ce3,00,ff010014,0000006d,ffffd440,f,00000000,ff010000,0,1,1,0,0,1,1,1,0,0,1,0,0,1,0
1207,1207,0,0,fef77ce3,00,ff010014,00000070,ffffd440,f,00000000,ff010000,0,1,1,0,0,1,1,1,0,0,1,0,0,1,0
1208,1208,0,0,fef77ce3,00,ff010014,00000069,ffffd440,f,00000000,ff010000,0,1,1,0,0,1,1,1,0,0,1,0,0,1,0
1209,1209,0,0,fef77ce3,00,ff010014,0000006c,ffffd440,f,00000000,ff010000,0,1,1,0,0,1,1,1,0,0,1,0,0,1,0
1210,1210,0,0,fef77ce3,00,ff010014,00000065,ffffd440,f,00000000,ff010000,0,1,1,0,0,1,1,1,0,0,1,0,0,1,0
1211,1211,0,0,fef77ce3,00,ff010014,00000064,ffffd440,f,00000000,ff010000,0,1,1,0,0,1,1,1,0,0,1,0,0,1,0
1212,1212,0,0,fef77ce3,00,ff010014,00000020,ffffd440,f,00000000,ff010000,0,1,1,0,0,1,1,1,0,0,1,0,0,1,0
1213,1213,0,0,fef77ce3,00,ff010014,00000077,ffffd440,f,00000000,ff010000,0,1,1,0,0,1,1,1,0,0,1,0,0,1,0
1214,1214,0,0,fef77ce3,00,ff010014,00000069,ffffd440,f,00000000,ff010000,0,1,1,0,0,1,1,1,0,0,1,0,0,1,0
1215,1215,0,0,fef77ce3,00,ff010014,00000074,ffffd440,f,00000000,ff010000,0,1,1,0,0,1,1,1,0,0,1,0,0,1,0
1216,1216,0,0,fef77ce3,00,ff010014,00000068,ffffd440,f,00000000,ff010000,0,1,1,0,0,1,1,1,0,0,1,0,0,1,0
1217,1217,0,0,fef77ce3,00,ff010014,0000006f,ffffd440,f,00000000,ff010000,0,1,1,0,0,1,1,1,0,0,1,0,0,1,0
1218,1218,0,0,fef77ce3,00,ff010014,00000075,ffffd440,f,00000000,ff010000,0,1,1,0,0,1,1,1,0,0,1,0,0,1,0
1219,1219,0,0,fef77ce3,00,ff010014,00000074,ffffd440,f,00000000,ff010000,0,1,1,0,0,1,1,1,0,0,1,0,0,1,0
1220,1220,0,0,fef77ce3,00,ff010014,00000020,ffffd440,f,00000000,ff010000,0,1,1,0,0,1,1,1,0,0,1,0,0,1,0
1221,1221,0,0,fef77ce3,00,ff010014,00000027,ffffd440,f,00000000,ff010000,0,1,1,0,0,1,1,1,0,0,1,0,0,1,0
1222,1222,0,0,fef77ce3,00,ff010014,00000072,ffffd440,f,00000000,ff010000,0,1,1,0,0,1,1,1,0,0,1,0,0,1,0
1223,1223,0,0,fef77ce3,00,ff010014,00000065,ffffd440,f,00000000,ff010000,0,1,1,0,0,1,1,1,0,0,1,0,0,1,0
1224,1224,0,0,fef77ce3,00,ff010014,00000067,ffffd440,f,00000000,ff010000,0,1,1,0,0,1,1,1,0,0,1,0,0,1,0
1225,1225,0,0,fef77ce3,00,ff010014,00000069,ffffd440,f,00000000,ff010000,0,1,1,0,0,1,1,1,0,0,1,0,0,1,0
1226,1226,0,0,fef77ce3,00,ff010014,00000073,ffffd440,f,00000000,ff010000,0,1,1,0,0,1,1,1,0,0,1,0,0,1,0
1227,1227,0,0,fef77ce3,00,ff010014,00000074,ffffd440,f,00000000,ff010000,0,1,1,0,0,1,1,1,0,0,1,0,0,1,0
1228,1228,0,0,fef77ce3,00,ff010014,00000065,ffffd440,f,00000000,ff010000,0,1,1,0,0,1,1,1,0,0,1,0,0,1,0
1229,1229,0,0,fef77ce3,00,ff010014,00000072,ffffd440,f,00000000,ff010000,0,1,1,0,0,1,1,1,0,0,1,0,0,1,0
1230,1230,0,0,fef77ce3,00,ff010014,00000027,ffffd440,f,00000000,ff010000,0,1,1,0,0,1,1,1,0,0,1,0,0,1,0
1231,1231,0,0,fef77ce3,00,ff010014,00000020,ffffd440,f,00000000,ff010000,0,1,1,0,0,1,1,1,0,0,1,0,0,1,0
1232,1232,0,0,fef77ce3,00,ff010014,00000061,ffffd440,f,00000000,ff010000,0,1,1,0,0,1,1,1,0,0,1,0,0,1,0
1233,1233,0,0,fef77ce3,00,ff010014,00000074,ffffd440,f,00000000,ff010000,0,1,1,0,0,1,1,1,0,0,1,0,0,1,0
1234,1234,0,0,fef77ce3,00,ff010014,00000074,ffffd440,f,00000000,ff010000,0,1,1,0,0,1,1,1,0,0,1,0,0,1,0
1235,1235,0,0,fef77ce3,00,ff010014,00000072,ffffd440,f,00000000,ff010000,0,1,1,0,0,1,1,1,0,0,1,0,0,1,0
1236,1236,0,0,fef77ce3,00,ff010014,00000069,ffffd440,f,00000000,ff010000,0,1,1,0,0,1,1,1,0,0,1,0,0,1,0
1237,1237,0,0,fef77ce3,00,ff010014,00000062,ffffd440,f,00000000,ff010000,0,1,1,0,0,1,1,1,0,0,1,0,0,1,0
1238,1238,0,0,fef77ce3,00,ff010014,00000075,ffffd440,f,00000000,ff010000,0,1,1,0,0,1,1,1,0,0,1,0,0,1,0
1239,1239,0,0,fef77ce3,00,ff010014,00000074,ffffd440,f,00000000,ff010000,0,1,1,0,0,1,1,1,0,0,1,0,0,1,0
1240,1240,0,0,fef77ce3,00,ff010014,00000065,ffffd440,f,00000000,ff010000,0,1,1,0,0,1,1,1,0,0,1,0,0,1,0
1241,1241,0,0,fef77ce3,00,ff010014,0000000d,ffffd440,f,00000000,ff010000,0,1,1,0,0,1,1,1,0,0,1,0,0,1,0
1242,1242,0,0,fef77ce3,00,ff010014,0000000a,ffffd440,f,00000000,ff010000,0,1,1,0,0,1,1,1,0,0,1,0,0,1,0
1243,1243,0,0,fef77ce3,00,ff010014,0000000d,ffffd440,f,00000000,ff010000,0,1,1,0,0,1,1,1,0,0,1,0,0,1,0
1244,1244,0,0,fef77ce3,00,ff010014,0000000a,ffffd440,f,00000000,ff010000,0,1,1,0,0,1,1,1,0,0,1,0,0,1,0
1245,1245,0,0,fef77ce3,00,ff010014,00000043,ffffd440,f,00000000,ff010000,0,1,1,0,0,1,1,1,0,0,1,0,0,1,0
1246,1246,0,0,fef77ce3,00,ff010014,0000006f,ffffd440,f,00000000,ff010000,0,1,1,0,0,1,1,1,0,0,1,0,0,1,0
1247,1247,0,0,fef77ce3,00,ff010014,0000006d,ffffd440,f,00000000,ff010000,0,1,1,0,0,1,1,1,0,0,1,0,0,1,0
1248,1248,0,0,fef77ce3,00,ff010014,00000070,ffffd440,f,00000000,ff010000,0,1,1,0,0,1,1,1,0,0,1,0,0,1,0
1249,1249,0,0,fef77ce3,00,ff010014,00000069,ffffd440,f,00000000,ff010000,0,1,1,0,0,1,1,1,0,0,1,0,0,1,0
1250,1250,0,0,fef77ce3,00,ff010014,0000006c,ffffd440,f,00000000,ff010000,0,1,1,0,0,1,1,1,0,0,1,0,0,1,0
1251,1251,0,0,fef77ce3,00,ff010014,00000065,ffffd440,f,00000000,ff010000,0,1,1,0,0,1,1,1,0,0,1,0,0,1,0
1252,1252,0,0,fef77ce3,00,ff010014,00000072,ffffd440,f,00000000,ff010000,0,1,1,0,0,1,1,1,0,0,1,0,0,1,0
1253,1253,0,0,fef77ce3,00,ff010014,00000020,ffffd440,f,00000000,ff010000,0,1,1,0,0,1,1,1,0,0,1,0,0,1,0
1254,1254,0,0,fef77ce3,00,ff010014,00000066,ffffd440,f,00000000,ff010000,0,1,1,0,0,1,1,1,0,0,1,0,0,1,0
1255,1255,0,0,fef77ce3,00,ff010014,0000006c,ffffd440,f,00000000,ff010000,0,1,1,0,0,1,1,1,0,0,1,0,0,1,0
1256,1256,0,0,fef77ce3,00,ff010014,00000061,ffffd440,f,00000000,ff010000,0,1,1,0,0,1,1,1,0,0,1,0,0,1,0
1257,1257,0,0,fef77ce3,00,ff010014,00000067,ffffd440,f,00000000,ff010000,0,1,1,0,0,1,1,1,0,0,1,0,0,1,0
1258,1258,0,0,fef77ce3,00,ff010014,00000073,ffffd440,f,00000000,ff010000,0,1,1,0,0,1,1,1,0,0,1,0,0,1,0
1259,1259,0,0,fef77ce3,00,ff010014,0000003a,ffffd440,f,00000000,ff010000,0,1,1,0,0,1,1,1,0,0,1,0,0,1,0
1260,1260,0,0,fef77ce3,00,ff010014,00000020,ffffd440,f,00000000,ff010000,0,1,1,0,0,1,1,1,0,0,1,0,0,1,0
1261,1261,0,0,fef77ce3,00,ff010014,0000002d,ffffd440,f,00000000,ff010000,0,1,1,0,0,1,1,1,0,0,1,0,0,1,0
1262,1262,0,0,fef77ce3,00,ff010014,0000004f,ffffd440,f,00000000,ff010000,0,1,1,0,0,1,1,1,0,0,1,0,0,1,0
1263,1263,0,0,fef77ce3,00,ff010014,00000032,ffffd440,f,00000000,ff010000,0,1,1,0,0,1,1,1,0,0,1,0,0,1,0
1264,1264,0,0,fef77ce3,00,ff010014,00000020,ffffd440,f,00000000,ff010000,0,1,1,0,0,1,1,1,0,0,1,0,0,1,0
1265,1265,0,0,fef77ce3,00,ff010014,00000020,ffffd440,f,00000000,ff010000,0,1,1,0,0,1,1,1,0,0,1,0,0,1,0
1266,1266,0,0,fef77ce3,00,ff010014,00000020,ffffd440,f,00000000,ff010000,0,1,1,0,0,1,1,1,0,0,1,0,0,1,0
1267,1267,0,0,fef77ce3,00,ff010014,0000000d,ffffd440,f,00000000,ff010000,0,1,1,0,0,1,1,1,0,0,1,0,0,1,0
1268,1268,0,0,fef77ce3,00,ff010014,0000000a,ffffd440,f,00000000,ff010000,0,1,1,0,0,1,1,1,0,0,1,0,0,1,0
1269,1269,0,0,fef77ce3,00,ff010014,00000048,ffffd440,f,00000000,ff010000,0,1,1,0,0,1,1,1,0,0,1,0,0,1,0
1270,1270,0,0,fef77ce3,00,ff010014,0000005a,ffffd440,f,00000000,ff010000,0,1,1,0,0,1,1,1,0,0,1,0,0,1,0
1271,1271,0,0,fef77ce3,00,ff010014,00000020,ffffd440,f,00000000,ff010000,0,1,1,0,0,1,1,1,0,0,1,0,0,1,0
1272,1272,0,0,fef77ce3,00,ff010014,00000031,ffffd440,f,00000000,ff010000,0,1,1,0,0,1,1,1,0,0,1,0,0,1,0
1273,1273,0,0,fef77ce3,00,ff010014,00000030,ffffd440,f,00000000,ff010000,0,1,1,0,0,1,1,1,0,0,1,0,0,1,0
1274,1274,0,0,fef77ce3,00,ff010014,00000030,ffffd440,f,00000000,ff010000,0,1,1,0,0,1,1,1,0,0,1,0,0,1,0
1275,1275,0,0,fef77ce3,00,ff010014,00000030,ffffd440,f,00000000,ff010000,0,1,1,0,0,1,1,1,0,0,1,0,0,1,0
1276,1276,0,0,fef77ce3,00,ff010014,00000030,ffffd440,f,00000000,ff010000,0,1,1,0,0,1,1,1,0,0,1,0,0,1,0
1277,1277,0,0,fef77ce3,00,ff010014,00000030,ffffd440,f,00000000,ff010000,0,1,1,0,0,1,1,1,0,0,1,0,0,1,0
1278,1278,0,0,fef77ce3,00,ff010014,00000030,ffffd440,f,00000000,ff010000,0,1,1,0,0,1,1,1,0,0,1,0,0,1,0
1279,1279,0,0,fef77ce3,00,ff010014,0000002c,ffffd440,f,00000000,ff010000,0,1,1,0,0,1,1,1,0,0,1,0,0,1,0
1280,1280,0,0,fef77ce3,00,ff010014,00000020,ffffd440,f,00000000,ff010000,0,1,1,0,0,1,1,1,0,0,1,0,0,1,0
1281,1281,0,0,fef77ce3,00,ff010014,00000043,ffffd440,f,00000000,ff010000,0,1,1,0,0,1,1,1,0,0,1,0,0,1,0
1282,1282,0,0,fef77ce3,00,ff010014,00000050,ffffd440,f,00000000,ff010000,0,1,1,0,0,1,1,1,0,0,1,0,0,1,0
1283,1283,0,0,fef77ce3,00,ff010014,00000055,ffffd440,f,00000000,ff010000,0,1,1,0,0,1,1,1,0,0,1,0,0,1,0
1284,1284,0,0,fef77ce3,00,ff010014,00000020,ffffd440,f,00000000,ff010000,0,1,1,0,0,1,1,1,0,0,1,0,0,1,0
1285,1285,0,0,fef77ce3,00,ff010014,0000004d,ffffd440,f,00000000,ff010000,0,1,1,0,0,1,1,1,0,0,1,0,0,1,0
1286,1286,0,0,fef77ce3,00,ff010014,00000048,ffffd440,f,00000000,ff010000,0,1,1,0,0,1,1,1,0,0,1,0,0,1,0
1287,1287,0,0,fef77ce3,00,ff010014,0000007a,ffffd440,f,00000000,ff010000,0,1,1,0,0,1,1,1,0,0,1,0,0,1,0
1288,1288,0,0,fef77ce3,00,ff010014,00000020,ffffd440,f,00000000,ff010000,0,1,1,0,0,1,1,1,0,0,1,0,0,1,0
1289,1289,0,0,fef77ce3,00,ff010014,00000033,ffffd440,f,00000000,ff010000,0,1,1,0,0,1,1,1,0,0,1,0,0,1,0
1290,1290,0,0,fef77ce3,00,ff010014,00000030,ffffd440,f,00000000,ff010000,0,1,1,0,0,1,1,1,0,0,1,0,0,1,0
1291,1291,0,0,fef77ce3,00,ff010014,0000002e,ffffd440,f,00000000,ff010000,0,1,1,0,0,1,1,1,0,0,1,0,0,1,0
1292,1292,0,0,fef77ce3,00,ff010014,00000030,ffffd440,f,00000000,ff010000,0,1,1,0,0,1,1,1,0,0,1,0,0,1,0
1293,1293,0,0,fef77ce3,00,ff010014,00000030,ffffd440,f,00000000,ff010000,0,1,1,0,0,1,1,1,0,0,1,0,0,1,0
1294,1294,0,0,fef77ce3,00,ff010014,00000030,ffffd440,f,00000000,ff010000,0,1,1,0,0,1,1,1,0,0,1,0,0,1,0
1295,1295,0,0,fef77ce3,00,ff010014,0000000d,ffffd440,f,00000000,ff010000,0,1,1,0,0,1,1,1,0,0,1,0,0,1,0
1296,1296,0,0,fef77ce3,00,ff010014,0000000a,ffffd440,f,00000000,ff010000,0,1,1,0,0,1,1,1,0,0,1,0,0,1,0
1297,1297,0,0,fef77ce3,00,ff010014,00000045,ffffd440,f,00000000,ff010000,0,1,1,0,0,1,1,1,0,0,1,0,0,1,0
1298,1298,0,0,fef77ce3,00,ff010014,00000078,ffffd440,f,00000000,ff010000,0,1,1,0,0,1,1,1,0,0,1,0,0,1,0
1299,1299,0,0,fef77ce3,00,ff010014,00000065,ffffd440,f,00000000,ff010000,0,1,1,0,0,1,1,1,0,0,1,0,0,1,0
1300,1300,0,0,fef77ce3,00,ff010014,00000063,ffffd440,f,00000000,ff010000,0,1,1,0,0,1,1,1,0,0,1,0,0,1,0
1301,1301,0,0,fef77ce3,00,ff010014,00000075,ffffd440,f,00000000,ff010000,0,1,1,0,0,1,1,1,0,0,1,0,0,1,0
1302,1302,0,0,fef77ce3,00,ff010014,00000074,ffffd440,f,00000000,ff010000,0,1,1,0,0,1,1,1,0,0,1,0,0,1,0
1303,1303,0,0,fef77ce3,00,ff010014,00000069,ffffd440,f,00000000,ff010000,0,1,1,0,0,1,1,1,0,0,1,0,0,1,0
1304,1304,0,0,fef77ce3,00,ff010014,0000006f,ffffd440,f,00000000,ff010000,0,1,1,0,0,1,1,1,0,0,1,0,0,1,0
1305,1305,0,0,fef77ce3,00,ff010014,0000006e,ffffd440,f,00000000,ff010000,0,1,1,0,0,1,1,1,0,0,1,0,0,1,0
1306,1306,0,0,fef77ce3,00,ff010014,00000020,ffffd440,f,00000000,ff010000,0,1,1,0,0,1,1,1,0,0,1,0,0,1,0
1307,1307,0,0,fef77ce3,00,ff010014,00000073,ffffd440,f,00000000,ff010000,0,1,1,0,0,1,1,1,0,0,1,0,0,1,0
1308,1308,0,0,fef77ce3,00,ff010014,00000074,ffffd440,f,00000000,ff010000,0,1,1,0,0,1,1,1,0,0,1,0,0,1,0
1309,1309,0,0,fef77ce3,00,ff010014,00000061,ffffd440,f,00000000,ff010000,0,1,1,0,0,1,1,1,0,0,1,0,0,1,0
1310,1310,0,0,fef77ce3,00,ff010014,00000072,ffffd440,f,00000000,ff010000,0,1,1,0,0,1,1,1,0,0,1,0,0,1,0
1311,1311,0,0,fef77ce3,00,ff010014,00000074,ffffd440,f,00000000,ff010000,0,1,1,0,0,1,1,1,0,0,1,0,0,1,0
1312,1312,0,0,fef77ce3,00,ff010014,00000073,ffffd440,f,00000000,ff010000,0,1,1,0,0,1,1,1,0,0,1,0,0,1,0
1313,1313,0,0,fef77ce3,00,ff010014,0000002c,ffffd440,f,00000000,ff010000,0,1,1,0,0,1,1,1,0,0,1,0,0,1,0
1314,1314,0,0,fef77ce3,00,ff010014,00000020,ffffd440,f,00000000,ff010000,0,1,1,0,0,1,1,1,0,0,1,0,0,1,0
1315,1315,0,0,fef77ce3,00,ff010014,00000035,ffffd440,f,00000000,ff010000,0,1,1,0,0,1,1,1,0,0,1,0,0,1,0
1316,1316,0,0,fef77ce3,00,ff010014,00000030,ffffd440,f,00000000,ff010000,0,1,1,0,0,1,1,1,0,0,1,0,0,1,0
1317,1317,0,0,fef77ce3,00,ff010014,00000030,ffffd440,f,00000000,ff010000,0,1,1,0,0,1,1,1,0,0,1,0,0,1,0
1318,1318,0,0,fef77ce3,00,ff010014,00000020,ffffd440,f,00000000,ff010000,0,1,1,0,0,1,1,1,0,0,1,0,0,1,0
1319,1319,0,0,fef77ce3,00,ff010014,00000072,ffffd440,f,00000000,ff010000,0,1,1,0,0,1,1,1,0,0,1,0,0,1,0
1320,1320,0,0,fef77ce3,00,ff010014,00000075,ffffd440,f,00000000,ff010000,0,1,1,0,0,1,1,1,0,0,1,0,0,1,0
1321,1321,0,0,fef77ce3,00,ff010014,0000006e,ffffd440,f,00000000,ff010000,0,1,1,0,0,1,1,1,0,0,1,0,0,1,0
1322,1322,0,0,fef77ce3,00,ff010014,00000073,ffffd440,f,00000000,ff010000,0,1,1,0,0,1,1,1,0,0,1,0,0,1,0
1323,1323,0,0,fef77ce3,00,ff010014,00000020,ffffd440,f,00000000,ff010000,0,1,1,0,0,1,1,1,0,0,1,0,0,1,0
1324,1324,0,0,fef77ce3,00,ff010014,00000074,ffffd440,f,00000000,ff010000,0,1,1,0,0,1,1,1,0,0,1,0,0,1,0
1325,1325,0,0,fef77ce3,00,ff010014,00000068,ffffd440,f,00000000,ff010000,0,1,1,0,0,1,1,1,0,0,1,0,0,1,0
1326,1326,0,0,fef77ce3,00,ff010014,00000072,ffffd440,f,00000000,ff010000,0,1,1,0,0,1,1,1,0,0,1,0,0,1,0
1327,1327,0,0,fef77ce3,00,ff010014,0000006f,ffffd440,f,00000000,ff010000,0,1,1,0,0,1,1,1,0,0,1,0,0,1,0
1328,1328,0,0,fef77ce3,00,ff010014,00000075,ffffd440,f,00000000,ff010000,0,1,1,0,0,1,1,1,0,0,1,0,0,1,0
1329,1329,0,0,fef77ce3,00,ff010014,00000067,ffffd440,f,00000000,ff010000,0,1,1,0,0,1,1,1,0,0,1,0,0,1,0
1330,1330,0,0,fef77ce3,00,ff010014,00000068,ffffd440,f,00000000,ff010000,0,1,1,0,0,1,1,1,0,0,1,0,0,1,0
1331,1331,0,0,fef77ce3,00,ff010014,00000020,ffffd440,f,00000000,ff010000,0,1,1,0,0,1,1,1,0,0,1,0,0,1,0
1332,1332,0,0,fef77ce3,00,ff010014,00000044,ffffd440,f,00000000,ff010000,0,1,1,0,0,1,1,1,0,0,1,0,0,1,0
1333,1333,0,0,fef77ce3,00,ff010014,00000068,ffffd440,f,00000000,ff010000,0,1,1,0,0,1,1,1,0,0,1,0,0,1,0
1334,1334,0,0,fef77ce3,00,ff010014,00000072,ffffd440,f,00000000,ff010000,0,1,1,0,0,1,1,1,0,0,1,0,0,1,0
1335,1335,0,0,fef77ce3,00,ff010014,00000079,ffffd440,f,00000000,ff010000,0,1,1,0,0,1,1,1,0,0,1,0,0,1,0
1336,1336,0,0,fef77ce3,00,ff010014,00000073,ffffd440,f,00000000,ff010000,0,1,1,0,0,1,1,1,0,0,1,0,0,1,0
1337,1337,0,0,fef77ce3,00,ff010014,00000074,ffffd440,f,00000000,ff010000,0,1,1,0,0,1,1,1,0,0,1,0,0,1,0
1338,1338,0,0,fef77ce3,00,ff010014,0000006f,ffffd440,f,00000000,ff010000,0,1,1,0,0,1,1,1,0,0,1,0,0,1,0
1339,1339,0,0,fef77ce3,00,ff010014,0000006e,ffffd440,f,00000000,ff010000,0,1,1,0,0,1,1,1,0,0,1,0,0,1,0
1340,1340,0,0,fef77ce3,00,ff010014,00000065,ffffd440,f,00000000,ff010000,0,1,1,0,0,1,1,1,0,0,1,0,0,1,0
1341,1341,0,0,fef77ce3,00,ff010014,0000000d,ffffd440,f,00000000,ff010000,0,1,1,0,0,1,1,1,0,0,1,0,0,1,0
1342,1342,0,0,fef77ce3,00,ff010014,0000000a,ffffd440,f,00000000,ff010000,0,1,1,0,0,1,1,1,0,0,1,0,0,1,0
1343,1343,0,0,fef77ce3,00,ff010000,00000045,ffffd440,f,00000000,ff010000,0,1,1,0,0,1,1,1,0,0,1,0,0,1,1
1344,1344,0,0,fef77ce3,00,ff010014,00000078,ffffd440,f,00000000,ff010000,0,1,1,0,0,1,1,1,0,0,1,0,0,1,0
1345,1345,0,0,fef77ce3,00,ff010014,00000065,ffffd440,f,00000000,ff010000,0,1,1,0,0,1,1,1,0,0,1,0,0,1,0
1346,1346,0,0,fef77ce3,00,ff010014,00000063,ffffd440,f,00000000,ff010000,0,1,1,0,0,1,1,1,0,0,1,0,0,1,0
1347,1347,0,0,fef77ce3,00,ff010014,00000075,ffffd440,f,00000000,ff010000,0,1,1,0,0,1,1,1,0,0,1,0,0,1,0
1348,1348,0,0,fef77ce3,00,ff010014,00000074,ffffd440,f,00000000,ff010000,0,1,1,0,0,1,1,1,0,0,1,0,0,1,0
1349,1349,0,0,fef77ce3,00,ff010014,00000069,ffffd440,f,00000000,ff010000,0,1,1,0,0,1,1,1,0,0,1,0,0,1,0
1350,1350,0,0,fef77ce3,00,ff010014,0000006f,ffffd440,f,00000000,ff010000,0,1,1,0,0,1,1,1,0,0,1,0,0,1,0
1351,1351,0,0,fef77ce3,00,ff010014,0000006e,ffffd440,f,00000000,ff010000,0,1,1,0,0,1,1,1,0,0,1,0,0,1,0
1352,1352,0,0,fef77ce3,00,ff010014,00000020,ffffd440,f,00000000,ff010000,0,1,1,0,0,1,1,1,0,0,1,0,0,1,0
1353,1353,0,0,fef77ce3,00,ff010014,00000065,ffffd440,f,00000000,ff010000,0,1,1,0,0,1,1,1,0,0,1,0,0,1,0
1354,1354,0,0,fef77ce3,00,ff010014,0000006e,ffffd440,f,00000000,ff010000,0,1,1,0,0,1,1,1,0,0,1,0,0,1,0
1355,1355,0,0,fef77ce3,00,ff010014,00000064,ffffd440,f,00000000,ff010000,0,1,1,0,0,1,1,1,0,0,1,0,0,1,0
1356,1356,0,0,fef77ce3,00,ff010014,00000073,ffffd440,f,00000000,ff010000,0,1,1,0,0,1,1,1,0,0,1,0,0,1,0
1357,1357,0,0,fef77ce3,00,ff010014,0000000d,ffffd440,f,00000000,ff010000,0,1,1,0,0,1,1,1,0,0,1,0,0,1,0
1358,1358,0,0,fef77ce3,00,ff010014,0000000a,ffffd440,f,00000000,ff010000,0,1,1,0,0,1,1,1,0,0,1,0,0,1,0
1359,1359,0,0,fef77ce3,00,ff010014,0000000d,ffffd440,f,00000000,ff010000,0,1,1,0,0,1,1,1,0,0,1,0,0,1,0
1360,1360,0,0,fef77ce3,00,ff010014,0000000a,ffffd440,f,00000000,ff010000,0,1,1,0,0,1,1,1,0,0,1,0,0,1,0
1361,1361,0,0,fef77ce3,00,ff010014,00000046,ffffd440,f,00000000,ff010000,0,1,1,0,0,1,1,1,0,0,1,0,0,1,0
1362,1362,0,0,fef77ce3,00,ff010014,00000069,ffffd440,f,00000000,ff010000,0,1,1,0,0,1,1,1,0,0,1,0,0,1,0
1363,1363,0,0,fef77ce3,00,ff010014,0000006e,ffffd440,f,00000000,ff010000,0,1,1,0,0,1,1,1,0,0,1,0,0,1,0
1364,1364,0,0,fef77ce3,00,ff010014,00000061,ffffd440,f,00000000,ff010000,0,1,1,0,0,1,1,1,0,0,1,0,0,1,0
1365,1365,0,0,fef77ce3,00,ff010014,0000006c,ffffd440,f,00000000,ff010000,0,1,1,0,0,1,1,1,0,0,1,0,0,1,0
1366,1366,0,0,fef77ce3,00,ff010014,00000020,ffffd440,f,00000000,ff010000,0,1,1,0,0,1,1,1,0,0,1,0,0,1,0
1367,1367,0,0,fef77ce3,00,ff010014,00000076,ffffd440,f,00000000,ff010000,0,1,1,0,0,1,1,1,0,0,1,0,0,1,0
1368,1368,0,0,fef77ce3,00,ff010014,00000061,ffffd440,f,00000000,ff010000,0,1,1,0,0,1,1,1,0,0,1,0,0,1,0
1369,1369,0,0,fef77ce3,00,ff010014,0000006c,ffffd440,f,00000000,ff010000,0,1,1,0,0,1,1,1,0,0,1,0,0,1,0
1370,1370,0,0,fef77ce3,00,ff010014,00000075,ffffd440,f,00000000,ff010000,0,1,1,0,0,1,1,1,0,0,1,0,0,1,0
1371,1371,0,0,fef77ce3,00,ff010014,00000065,ffffd440,f,00000000,ff010000,0,1,1,0,0,1,1,1,0,0,1,0,0,1,0
1372,1372,0,0,fef77ce3,00,ff010014,00000073,ffffd440,f,00000000,ff010000,0,1,1,0,0,1,1,1,0,0,1,0,0,1,0
1373,1373,0,0,fef77ce3,00,ff010014,00000020,ffffd440,f,00000000,ff010000,0,1,1,0,0,1,1,1,0,0,1,0,0,1,0
1374,1374,0,0,fef77ce3,00,ff010014,0000006f,ffffd440,f,00000000,ff010000,0,1,1,0,0,1,1,1,0,0,1,0,0,1,0
1375,1375,0,0,fef77ce3,00,ff010014,00000066,ffffd440,f,00000000,ff010000,0,1,1,0,0,1,1,1,0,0,1,0,0,1,0
1376,1376,0,0,fef77ce3,00,ff010014,00000020,ffffd440,f,00000000,ff010000,0,1,1,0,0,1,1,1,0,0,1,0,0,1,0
1377,1377,0,0,fef77ce3,00,ff010014,00000074,ffffd440,f,00000000,ff010000,0,1,1,0,0,1,1,1,0,0,1,0,0,1,0
1378,1378,0,0,fef77ce3,00,ff010014,00000068,ffffd440,f,00000000,ff010000,0,1,1,0,0,1,1,1,0,0,1,0,0,1,0
1379,1379,0,0,fef77ce3,00,ff010014,00000065,ffffd440,f,00000000,ff010000,0,1,1,0,0,1,1,1,0,0,1,0,0,1,0
1380,1380,0,0,fef77ce3,00,ff010014,00000020,ffffd440,f,00000000,ff010000,0,1,1,0,0,1,1,1,0,0,1,0,0,1,0
1381,1381,0,0,fef77ce3,00,ff010014,00000076,ffffd440,f,00000000,ff010000,0,1,1,0,0,1,1,1,0,0,1,0,0,1,0
1382,1382,0,0,fef77ce3,00,ff010014,00000061,ffffd440,f,00000000,ff010000,0,1,1,0,0,1,1,1,0,0,1,0,0,1,0
1383,1383,0,0,fef77ce3,00,ff010014,00000072,ffffd440,f,00000000,ff010000,0,1,1,0,0,1,1,1,0,0,1,0,0,1,0
1384,1384,0,0,fef77ce3,00,ff010014,00000069,ffffd440,f,00000000,ff010000,0,1,1,0,0,1,1,1,0,0,1,0,0,1,0
1385,1385,0,0,fef77ce3,00,ff010014,00000061,ffffd440,f,00000000,ff010000,0,1,1,0,0,1,1,1,0,0,1,0,0,1,0
1386,1386,0,0,fef77ce3,00,ff010014,00000062,ffffd440,f,00000000,ff010000,0,1,1,0,0,1,1,1,0,0,1,0,0,1,0
1387,1387,0,0,fef77ce3,00,ff010014,0000006c,ffffd440,f,00000000,ff010000,0,1,1,0,0,1,1,1,0,0,1,0,0,1,0
1388,1388,0,0,fef77ce3,00,ff010014,00000065,ffffd440,f,00000000,ff010000,0,1,1,0,0,1,1,1,0,0,1,0,0,1,0
1389,1389,0,0,fef77ce3,00,ff010014,00000073,ffffd440,f,00000000,ff010000,0,1,1,0,0,1,1,1,0,0,1,0,0,1,0
1390,1390,0,0,fef77ce3,00,ff010014,00000020,ffffd440,f,00000000,ff010000,0,1,1,0,0,1,1,1,0,0,1,0,0,1,0
1391,1391,0,0,fef77ce3,00,ff010014,00000075,ffffd440,f,00000000,ff010000,0,1,1,0,0,1,1,1,0,0,1,0,0,1,0
1392,1392,0,0,fef77ce3,00,ff010014,00000073,ffffd440,f,00000000,ff010000,0,1,1,0,0,1,1,1,0,0,1,0,0,1,0
1393,1393,0,0,fef77ce3,00,ff010014,00000065,ffffd440,f,00000000,ff010000,0,1,1,0,0,1,1,1,0,0,1,0,0,1,0
1394,1394,0,0,fef77ce3,00,ff010014,00000064,ffffd440,f,00000000,ff010000,0,1,1,0,0,1,1,1,0,0,1,0,0,1,0
1395,1395,0,0,fef77ce3,00,ff010014,00000020,ffffd440,f,00000000,ff010000,0,1,1,0,0,1,1,1,0,0,1,0,0,1,0
1396,1396,0,0,fef77ce3,00,ff010014,00000069,ffffd440,f,00000000,ff010000,0,1,1,0,0,1,1,1,0,0,1,0,0,1,0
1397,1397,0,0,fef77ce3,00,ff010014,0000006e,ffffd440,f,00000000,ff010000,0,1,1,0,0,1,1,1,0,0,1,0,0,1,0
1398,1398,0,0,fef77ce3,00,ff010014,00000020,ffffd440,f,00000000,ff010000,0,1,1,0,0,1,1,1,0,0,1,0,0,1,0
1399,1399,0,0,fef77ce3,00,ff010014,00000074,ffffd440,f,00000000,ff010000,0,1,1,0,0,1,1,1,0,0,1,0,0,1,0
1400,1400,0,0,fef77ce3,00,ff010014,00000068,ffffd440,f,00000000,ff010000,0,1,1,0,0,1,1,1,0,0,1,0,0,1,0
1401,1401,0,0,fef77ce3,00,ff010014,00000065,ffffd440,f,00000000,ff010000,0,1,1,0,0,1,1,1,0,0,1,0,0,1,0
1402,1402,0,0,fef77ce3,00,ff010014,00000020,ffffd440,f,00000000,ff010000,0,1,1,0,0,1,1,1,0,0,1,0,0,1,0
1403,1403,0,0,fef77ce3,00,ff010014,00000062,ffffd440,f,00000000,ff010000,0,1,1,0,0,1,1,1,0,0,1,0,0,1,0
1404,1404,0,0,fef77ce3,00,ff010014,00000065,ffffd440,f,00000000,ff010000,0,1,1,0,0,1,1,1,0,0,1,0,0,1,0
1405,1405,0,0,fef77ce3,00,ff010014,0000006e,ffffd440,f,00000000,ff010000,0,1,1,0,0,1,1,1,0,0,1,0,0,1,0
1406,1406,0,0,fef77ce3,00,ff010014,00000063,ffffd440,f,00000000,ff010000,0,1,1,0,0,1,1,1,0,0,1,0,0,1,0
1407,1407,0,0,fef77ce3,00,ff010014,00000068,ffffd440,f,00000000,ff010000,0,1,1,0,0,1,1,1,0,0,1,0,0,1,0
1408,1408,0,0,fef77ce3,00,ff010014,0000006d,ffffd440,f,00000000,ff010000,0,1,1,0,0,1,1,1,0,0,1,0,0,1,0
1409,1409,0,0,fef77ce3,00,ff010014,00000061,ffffd440,f,00000000,ff010000,0,1,1,0,0,1,1,1,0,0,1,0,0,1,0
1410,1410,0,0,fef77ce3,00,ff010014,00000072,ffffd440,f,00000000,ff010000,0,1,1,0,0,1,1,1,0,0,1,0,0,1,0
1411,1411,0,0,fef77ce3,00,ff010014,0000006b,ffffd440,f,00000000,ff010000,0,1,1,0,0,1,1,1,0,0,1,0,0,1,0
1412,1412,0,0,fef77ce3,00,ff010014,0000003a,ffffd440,f,00000000,ff010000,0,1,1,0,0,1,1,1,0,0,1,0,0,1,0
1413,1413,0,0,fef77ce3,00,ff010014,0000000d,ffffd440,f,00000000,ff010000,0,1,1,0,0,1,1,1,0,0,1,0,0,1,0
1414,1414,0,0,fef77ce3,00,ff010014,0000000a,ffffd440,f,00000000,ff010000,0,1,1,0,0,1,1,1,0,0,1,0,0,1,0
1415,1415,0,0,fef77ce3,00,ff010014,0000000d,ffffd440,f,00000000,ff010000,0,1,1,0,0,1,1,1,0,0,1,0,0,1,0
1416,1416,0,0,fef77ce3,00,ff010014,0000000a,ffffd440,f,00000000,ff010000,0,1,1,0,0,1,1,1,0,0,1,0,0,1,0
1417,1417,0,0,fef77ce3,00,ff010014,00000049,ffffd440,f,00000000,ff010000,0,1,1,0,0,1,1,1,0,0,1,0,0,1,0
1418,1418,0,0,fef77ce3,00,ff010014,0000006e,ffffd440,f,00000000,ff010000,0,1,1,0,0,1,1,1,0,0,1,0,0,1,0
1419,1419,0,0,fef77ce3,00,ff010014,00000074,ffffd440,f,00000000,ff010000,0,1,1,0,0,1,1,1,0,0,1,0,0,1,0
1420,1420,0,0,fef77ce3,00,ff010014,0000005f,ffffd440,f,00000000,ff010000,0,1,1,0,0,1,1,1,0,0,1,0,0,1,0
1421,1421,0,0,fef77ce3,00,ff010014,00000047,ffffd440,f,00000000,ff010000,0,1,1,0,0,1,1,1,0,0,1,0,0,1,0
1422,1422,0,0,fef77ce3,00,ff010014,0000006c,ffffd440,f,00000000,ff010000,0,1,1,0,0,1,1,1,0,0,1,0,0,1,0
1423,1423,0,0,fef77ce3,00,ff010014,0000006f,ffffd440,f,00000000,ff010000,0,1,1,0,0,1,1,1,0,0,1,0,0,1,0
1424,1424,0,0,fef77ce3,00,ff010014,00000062,ffffd440,f,00000000,ff010000,0,1,1,0,0,1,1,1,0,0,1,0,0,1,0
1425,1425,0,0,fef77ce3,00,ff010014,0000003a,ffffd440,f,00000000,ff010000,0,1,1,0,0,1,1,1,0,0,1,0,0,1,0
1426,1426,0,0,fef77ce3,00,ff010014,00000020,ffffd440,f,00000000,ff010000,0,1,1,0,0,1,1,1,0,0,1,0,0,1,0
1427,1427,0,0,fef77ce3,00,ff010014,00000020,ffffd440,f,00000000,ff010000,0,1,1,0,0,1,1,1,0,0,1,0,0,1,0
1428,1428,0,0,fef77ce3,00,ff010014,00000020,ffffd440,f,00000000,ff010000,0,1,1,0,0,1,1,1,0,0,1,0,0,1,0
1429,1429,0,0,fef77ce3,00,ff010014,00000020,ffffd440,f,00000000,ff010000,0,1,1,0,0,1,1,1,0,0,1,0,0,1,0
1430,1430,0,0,fef77ce3,00,ff010014,00000020,ffffd440,f,00000000,ff010000,0,1,1,0,0,1,1,1,0,0,1,0,0,1,0
1431,1431,0,0,fef77ce3,00,ff010014,00000020,ffffd440,f,00000000,ff010000,0,1,1,0,0,1,1,1,0,0,1,0,0,1,0
1432,1432,0,0,fef77ce3,00,ff010014,00000020,ffffd440,f,00000000,ff010000,0,1,1,0,0,1,1,1,0,0,1,0,0,1,0
1433,1433,0,0,fef77ce3,00,ff010014,00000020,ffffd440,f,00000000,ff010000,0,1,1,0,0,1,1,1,0,0,1,0,0,1,0
1434,1434,0,0,fef77ce3,00,ff010014,00000020,ffffd440,f,00000000,ff010000,0,1,1,0,0,1,1,1,0,0,1,0,0,1,0
1435,1435,0,0,fef77ce3,00,ff010014,00000020,ffffd440,f,00000000,ff010000,0,1,1,0,0,1,1,1,0,0,1,0,0,1,0
1436,1436,0,0,fef77ce3,00,ff010014,00000020,ffffd440,f,00000000,ff010000,0,1,1,0,0,1,1,1,0,0,1,0,0,1,0
1437,1437,0,0,fef77ce3,00,ff010014,00000020,ffffd440,f,00000000,ff010000,0,1,1,0,0,1,1,1,0,0,1,0,0,1,0
1438,1438,0,0,fef77ce3,00,ff010014,00000035,ffffd440,f,00000000,ff010000,0,1,1,0,0,1,1,1,0,0,1,0,0,1,0
1439,1439,0,0,fef77ce3,00,ff010014,0000000d,ffffd440,f,00000000,ff010000,0,1,1,0,0,1,1,1,0,0,1,0,0,1,0
1440,1440,0,0,fef77ce3,00,ff010014,0000000a,ffffd440,f,00000000,ff010000,0,1,1,0,0,1,1,1,0,0,1,0,0,1,0
1441,1441,0,0,fef77ce3,00,ff010014,00000020,ffffd440,f,00000000,ff010000,0,1,1,0,0,1,1,1,0,0,1,0,0,1,0
1442,1442,0,0,fef77ce3,00,ff010014,00000020,ffffd440,f,00000000,ff010000,0,1,1,0,0,1,1,1,0,0,1,0,0,1,0
1443,1443,0,0,fef77ce3,00,ff010014,00000020,ffffd440,f,00000000,ff010000,0,1,1,0,0,1,1,1,0,0,1,0,0,1,0
1444,1444,0,0,fef77ce3,00,ff010014,00000020,ffffd440,f,00000000,ff010000,0,1,1,0,0,1,1,1,0,0,1,0,0,1,0
1445,1445,0,0,fef77ce3,00,ff010014,00000020,ffffd440,f,00000000,ff010000,0,1,1,0,0,1,1,1,0,0,1,0,0,1,0
1446,1446,0,0,fef77ce3,00,ff010014,00000020,ffffd440,f,00000000,ff010000,0,1,1,0,0,1,1,1,0,0,1,0,0,1,0
1447,1447,0,0,fef77ce3,00,ff010014,00000020,ffffd440,f,00000000,ff010000,0,1,1,0,0,1,1,1,0,0,1,0,0,1,0
1448,1448,0,0,fef77ce3,00,ff010014,00000020,ffffd440,f,00000000,ff010000,0,1,1,0,0,1,1,1,0,0,1,0,0,1,0
1449,1449,0,0,fef77ce3,00,ff010014,00000073,ffffd440,f,00000000,ff010000,0,1,1,0,0,1,1,1,0,0,1,0,0,1,0
1450,1450,0,0,fef77ce3,00,ff010014,00000068,ffffd440,f,00000000,ff010000,0,1,1,0,0,1,1,1,0,0,1,0,0,1,0
1451,1451,0,0,fef77ce3,00,ff010014,0000006f,ffffd440,f,00000000,ff010000,0,1,1,0,0,1,1,1,0,0,1,0,0,1,0
1452,1452,0,0,fef77ce3,00,ff010014,00000075,ffffd440,f,00000000,ff010000,0,1,1,0,0,1,1,1,0,0,1,0,0,1,0
1453,1453,0,0,fef77ce3,00,ff010014,0000006c,ffffd440,f,00000000,ff010000,0,1,1,0,0,1,1,1,0,0,1,0,0,1,0
1454,1454,0,0,fef77ce3,00,ff010014,00000064,ffffd440,f,00000000,ff010000,0,1,1,0,0,1,1,1,0,0,1,0,0,1,0
1455,1455,0,0,fef77ce3,00,ff010014,00000020,ffffd440,f,00000000,ff010000,0,1,1,0,0,1,1,1,0,0,1,0,0,1,0
1456,1456,0,0,fef77ce3,00,ff010014,00000062,ffffd440,f,00000000,ff010000,0,1,1,0,0,1,1,1,0,0,1,0,0,1,0
1457,1457,0,0,fef77ce3,00,ff010014,00000065,ffffd440,f,00000000,ff010000,0,1,1,0,0,1,1,1,0,0,1,0,0,1,0
1458,1458,0,0,fef77ce3,00,ff010014,0000003a,ffffd440,f,00000000,ff010000,0,1,1,0,0,1,1,1,0,0,1,0,0,1,0
1459,1459,0,0,fef77ce3,00,ff010014,00000020,ffffd440,f,00000000,ff010000,0,1,1,0,0,1,1,1,0,0,1,0,0,1,0
1460,1460,0,0,fef77ce3,00,ff010014,00000020,ffffd440,f,00000000,ff010000,0,1,1,0,0,1,1,1,0,0,1,0,0,1,0
1461,1461,0,0,fef77ce3,00,ff010014,00000020,ffffd440,f,00000000,ff010000,0,1,1,0,0,1,1,1,0,0,1,0,0,1,0
1462,1462,0,0,fef77ce3,00,ff010014,00000035,ffffd440,f,00000000,ff010000,0,1,1,0,0,1,1,1,0,0,1,0,0,1,0
1463,1463,0,0,fef77ce3,00,ff010014,0000000d,ffffd440,f,00000000,ff010000,0,1,1,0,0,1,1,1,0,0,1,0,0,1,0
1464,1464,0,0,fef77ce3,00,ff010014,0000000a,ffffd440,f,00000000,ff010000,0,1,1,0,0,1,1,1,0,0,1,0,0,1,0
1465,1465,0,0,fef77ce3,00,ff010014,00000042,ffffd440,f,00000000,ff010000,0,1,1,0,0,1,1,1,0,0,1,0,0,1,0
1466,1466,0,0,fef77ce3,00,ff010014,0000006f,ffffd440,f,00000000,ff010000,0,1,1,0,0,1,1,1,0,0,1,0,0,1,0
1467,1467,0,0,fef77ce3,00,ff010014,0000006f,ffffd440,f,00000000,ff010000,0,1,1,0,0,1,1,1,0,0,1,0,0,1,0
1468,1468,0,0,fef77ce3,00,ff010014,0000006c,ffffd440,f,00000000,ff010000,0,1,1,0,0,1,1,1,0,0,1,0,0,1,0
1469,1469,0,0,fef77ce3,00,ff010014,0000005f,ffffd440,f,00000000,ff010000,0,1,1,0,0,1,1,1,0,0,1,0,0,1,0
1470,1470,0,0,fef77ce3,00,ff010014,00000047,ffffd440,f,00000000,ff010000,0,1,1,0,0,1,1,1,0,0,1,0,0,1,0
1471,1471,0,0,fef77ce3,00,ff010014,0000006c,ffffd440,f,00000000,ff010000,0,1,1,0,0,1,1,1,0,0,1,0,0,1,0
1472,1472,0,0,fef77ce3,00,ff010014,0000006f,ffffd440,f,00000000,ff010000,0,1,1,0,0,1,1,1,0,0,1,0,0,1,0
1473,1473,0,0,fef77ce3,00,ff010014,00000062,ffffd440,f,00000000,ff010000,0,1,1,0,0,1,1,1,0,0,1,0,0,1,0
1474,1474,0,0,fef77ce3,00,ff010014,0000003a,ffffd440,f,00000000,ff010000,0,1,1,0,0,1,1,1,0,0,1,0,0,1,0
1475,1475,0,0,fef77ce3,00,ff010014,00000020,ffffd440,f,00000000,ff010000,0,1,1,0,0,1,1,1,0,0,1,0,0,1,0
1476,1476,0,0,fef77ce3,00,ff010014,00000020,ffffd440,f,00000000,ff010000,0,1,1,0,0,1,1,1,0,0,1,0,0,1,0
1477,1477,0,0,fef77ce3,00,ff010014,00000020,ffffd440,f,00000000,ff010000,0,1,1,0,0,1,1,1,0,0,1,0,0,1,0
1478,1478,0,0,fef77ce3,00,ff010014,00000020,ffffd440,f,00000000,ff010000,0,1,1,0,0,1,1,1,0,0,1,0,0,1,0
1479,1479,0,0,fef77ce3,00,ff010014,00000020,ffffd440,f,00000000,ff010000,0,1,1,0,0,1,1,1,0,0,1,0,0,1,0
1480,1480,0,0,fef77ce3,00,ff010014,00000020,ffffd440,f,00000000,ff010000,0,1,1,0,0,1,1,1,0,0,1,0,0,1,0
1481,1481,0,0,fef77ce3,00,ff010014,00000020,ffffd440,f,00000000,ff010000,0,1,1,0,0,1,1,1,0,0,1,0,0,1,0
1482,1482,0,0,fef77ce3,00,ff010014,00000020,ffffd440,f,00000000,ff010000,0,1,1,0,0,1,1,1,0,0,1,0,0,1,0
1483,1483,0,0,fef77ce3,00,ff010014,00000020,ffffd440,f,00000000,ff010000,0,1,1,0,0,1,1,1,0,0,1,0,0,1,0
1484,1484,0,0,fef77ce3,00,ff010014,00000020,ffffd440,f,00000000,ff010000,0,1,1,0,0,1,1,1,0,0,1,0,0,1,0
1485,1485,0,0,fef77ce3,00,ff010014,00000020,ffffd440,f,00000000,ff010000,0,1,1,0,0,1,1,1,0,0,1,0,0,1,0
1486,1486,0,0,fef77ce3,00,ff010014,00000031,ffffd440,f,00000000,ff010000,0,1,1,0,0,1,1,1,0,0,1,0,0,1,0
1487,1487,0,0,fef77ce3,00,ff010014,0000000d,ffffd440,f,00000000,ff010000,0,1,1,0,0,1,1,1,0,0,1,0,0,1,0
1488,1488,0,0,fef77ce3,00,ff010014,0000000a,ffffd440,f,00000000,ff010000,0,1,1,0,0,1,1,1,0,0,1,0,0,1,0
1489,1489,0,0,fef77ce3,00,ff010014,00000020,ffffd440,f,00000000,ff010000,0,1,1,0,0,1,1,1,0,0,1,0,0,1,0
1490,1490,0,0,fef77ce3,00,ff010014,00000020,ffffd440,f,00000000,ff010000,0,1,1,0,0,1,1,1,0,0,1,0,0,1,0
1491,1491,0,0,fef77ce3,00,ff010014,00000020,ffffd440,f,00000000,ff010000,0,1,1,0,0,1,1,1,0,0,1,0,0,1,0
1492,1492,0,0,fef77ce3,00,ff010014,00000020,ffffd440,f,00000000,ff010000,0,1,1,0,0,1,1,1,0,0,1,0,0,1,0
1493,1493,0,0,fef77ce3,00,ff010014,00000020,ffffd440,f,00000000,ff010000,0,1,1,0,0,1,1,1,0,0,1,0,0,1,0
1494,1494,0,0,fef77ce3,00,ff010014,00000020,ffffd440,f,00000000,ff010000,0,1,1,0,0,1,1,1,0,0,1,0,0,1,0
1495,1495,0,0,fef77ce3,00,ff010014,00000020,ffffd440,f,00000000,ff010000,0,1,1,0,0,1,1,1,0,0,1,0,0,1,0
1496,1496,0,0,fef77ce3,00,ff010014,00000020,ffffd440,f,00000000,ff010000,0,1,1,0,0,1,1,1,0,0,1,0,0,1,0
1497,1497,0,0,fef77ce3,00,ff010014,00000073,ffffd440,f,00000000,ff010000,0,1,1,0,0,1,1,1,0,0,1,0,0,1,0
1498,1498,0,0,fef77ce3,00,ff010014,00000068,ffffd440,f,00000000,ff010000,0,1,1,0,0,1,1,1,0,0,1,0,0,1,0
1499,1499,0,0,fef77ce3,00,ff010014,0000006f,ffffd440,f,00000000,ff010000,0,1,1,0,0,1,1,1,0,0,1,0,0,1,0
1500,1500,0,0,fef77ce3,00,ff010014,00000075,ffffd440,f,00000000,ff010000,0,1,1,0,0,1,1,1,0,0,1,0,0,1,0
1501,1501,0,0,fef77ce3,00,ff010014,0000006c,ffffd440,f,00000000,ff010000,0,1,1,0,0,1,1,1,0,0,1,0,0,1,0
1502,1502,0,0,fef77ce3,00,ff010014,00000064,ffffd440,f,00000000,ff010000,0,1,1,0,0,1,1,1,0,0,1,0,0,1,0
1503,1503,0,0,fef77ce3,00,ff010014,00000020,ffffd440,f,00000000,ff010000,0,1,1,0,0,1,1,1,0,0,1,0,0,1,0
1504,1504,0,0,fef77ce3,00,ff010014,00000062,ffffd440,f,00000000,ff010000,0,1,1,0,0,1,1,1,0,0,1,0,0,1,0
1505,1505,0,0,fef77ce3,00,ff010014,00000065,ffffd440,f,00000000,ff010000,0,1,1,0,0,1,1,1,0,0,1,0,0,1,0
1506,1506,0,0,fef77ce3,00,ff010014,0000003a,ffffd440,f,00000000,ff010000,0,1,1,0,0,1,1,1,0,0,1,0,0,1,0
1507,1507,0,0,fef77ce3,00,ff010014,00000020,ffffd440,f,00000000,ff010000,0,1,1,0,0,1,1,1,0,0,1,0,0,1,0
1508,1508,0,0,fef77ce3,00,ff010014,00000020,ffffd440,f,00000000,ff010000,0,1,1,0,0,1,1,1,0,0,1,0,0,1,0
1509,1509,0,0,fef77ce3,00,ff010014,00000020,ffffd440,f,00000000,ff010000,0,1,1,0,0,1,1,1,0,0,1,0,0,1,0
1510,1510,0,0,fef77ce3,00,ff010014,00000031,ffffd440,f,00000000,ff010000,0,1,1,0,0,1,1,1,0,0,1,0,0,1,0
1511,1511,0,0,fef77ce3,00,ff010014,0000000d,ffffd440,f,00000000,ff010000,0,1,1,0,0,1,1,1,0,0,1,0,0,1,0
1512,1512,0,0,fef77ce3,00,ff010014,0000000a,ffffd440,f,00000000,ff010000,0,1,1,0,0,1,1,1,0,0,1,0,0,1,0
1513,1513,0,0,fef77ce3,00,ff010014,00000043,ffffd440,f,00000000,ff010000,0,1,1,0,0,1,1,1,0,0,1,0,0,1,0
1514,1514,0,0,fef77ce3,00,ff010014,00000068,ffffd440,f,00000000,ff010000,0,1,1,0,0,1,1,1,0,0,1,0,0,1,0
1515,1515,0,0,fef77ce3,00,ff010014,0000005f,ffffd440,f,00000000,ff010000,0,1,1,0,0,1,1,1,0,0,1,0,0,1,0
1516,1516,0,0,fef77ce3,00,ff010014,00000031,ffffd440,f,00000000,ff010000,0,1,1,0,0,1,1,1,0,0,1,0,0,1,0
1517,1517,0,0,fef77ce3,00,ff010014,0000005f,ffffd440,f,00000000,ff010000,0,1,1,0,0,1,1,1,0,0,1,0,0,1,0
1518,1518,0,0,fef77ce3,00,ff010014,00000047,ffffd440,f,00000000,ff010000,0,1,1,0,0,1,1,1,0,0,1,0,0,1,0
1519,1519,0,0,fef77ce3,00,ff010014,0000006c,ffffd440,f,00000000,ff010000,0,1,1,0,0,1,1,1,0,0,1,0,0,1,0
1520,1520,0,0,fef77ce3,00,ff010014,0000006f,ffffd440,f,00000000,ff010000,0,1,1,0,0,1,1,1,0,0,1,0,0,1,0
1521,1521,0,0,fef77ce3,00,ff010014,00000062,ffffd440,f,00000000,ff010000,0,1,1,0,0,1,1,1,0,0,1,0,0,1,0
1522,1522,0,0,fef77ce3,00,ff010014,0000003a,ffffd440,f,00000000,ff010000,0,1,1,0,0,1,1,1,0,0,1,0,0,1,0
1523,1523,0,0,fef77ce3,00,ff010014,00000020,ffffd440,f,00000000,ff010000,0,1,1,0,0,1,1,1,0,0,1,0,0,1,0
1524,1524,0,0,fef77ce3,00,ff010014,00000020,ffffd440,f,00000000,ff010000,0,1,1,0,0,1,1,1,0,0,1,0,0,1,0
1525,1525,0,0,fef77ce3,00,ff010014,00000020,ffffd440,f,00000000,ff010000,0,1,1,0,0,1,1,1,0,0,1,0,0,1,0
1526,1526,0,0,fef77ce3,00,ff010014,00000020,ffffd440,f,00000000,ff010000,0,1,1,0,0,1,1,1,0,0,1,0,0,1,0
1527,1527,0,0,fef77ce3,00,ff010014,00000020,ffffd440,f,00000000,ff010000,0,1,1,0,0,1,1,1,0,0,1,0,0,1,0
1528,1528,0,0,fef77ce3,00,ff010014,00000020,ffffd440,f,00000000,ff010000,0,1,1,0,0,1,1,1,0,0,1,0,0,1,0
1529,1529,0,0,fef77ce3,00,ff010014,00000020,ffffd440,f,00000000,ff010000,0,1,1,0,0,1,1,1,0,0,1,0,0,1,0
1530,1530,0,0,fef77ce3,00,ff010014,00000020,ffffd440,f,00000000,ff010000,0,1,1,0,0,1,1,1,0,0,1,0,0,1,0
1531,1531,0,0,fef77ce3,00,ff010014,00000020,ffffd440,f,00000000,ff010000,0,1,1,0,0,1,1,1,0,0,1,0,0,1,0
1532,1532,0,0,fef77ce3,00,ff010014,00000020,ffffd440,f,00000000,ff010000,0,1,1,0,0,1,1,1,0,0,1,0,0,1,0
1533,1533,0,0,fef77ce3,00,ff010014,00000020,ffffd440,f,00000000,ff010000,0,1,1,0,0,1,1,1,0,0,1,0,0,1,0
1534,1534,0,0,fef77ce3,00,ff010014,00000041,ffffd440,f,00000000,ff010000,0,1,1,0,0,1,1,1,0,0,1,0,0,1,0
1535,1535,0,0,fef77ce3,00,ff010014,0000000d,ffffd440,f,00000000,ff010000,0,1,1,0,0,1,1,1,0,0,1,0,0,1,0
1536,1536,0,0,fef77ce3,00,ff010014,0000000a,ffffd440,f,00000000,ff010000,0,1,1,0,0,1,1,1,0,0,1,0,0,1,0
1537,1537,0,0,fef77ce3,00,ff010014,00000020,ffffd440,f,00000000,ff010000,0,1,1,0,0,1,1,1,0,0,1,0,0,1,0
1538,1538,0,0,fef77ce3,00,ff010014,00000020,ffffd440,f,00000000,ff010000,0,1,1,0,0,1,1,1,0,0,1,0,0,1,0
1539,1539,0,0,fef77ce3,00,ff010014,00000020,ffffd440,f,00000000,ff010000,0,1,1,0,0,1,1,1,0,0,1,0,0,1,0
1540,1540,0,0,fef77ce3,00,ff010014,00000020,ffffd440,f,00000000,ff010000,0,1,1,0,0,1,1,1,0,0,1,0,0,1,0
1541,1541,0,0,fef77ce3,00,ff010014,00000020,ffffd440,f,00000000,ff010000,0,1,1,0,0,1,1,1,0,0,1,0,0,1,0
1542,1542,0,0,fef77ce3,00,ff010014,00000020,ffffd440,f,00000000,ff010000,0,1,1,0,0,1,1,1,0,0,1,0,0,1,0
1543,1543,0,0,fef77ce3,00,ff010014,00000020,ffffd440,f,00000000,ff010000,0,1,1,0,0,1,1,1,0,0,1,0,0,1,0
1544,1544,0,0,fef77ce3,00,ff010014,00000020,ffffd440,f,00000000,ff010000,0,1,1,0,0,1,1,1,0,0,1,0,0,1,0
1545,1545,0,0,fef77ce3,00,ff010014,00000073,ffffd440,f,00000000,ff010000,0,1,1,0,0,1,1,1,0,0,1,0,0,1,0
1546,1546,0,0,fef77ce3,00,ff010014,00000068,ffffd440,f,00000000,ff010000,0,1,1,0,0,1,1,1,0,0,1,0,0,1,0
1547,1547,0,0,fef77ce3,00,ff010014,0000006f,ffffd440,f,00000000,ff010000,0,1,1,0,0,1,1,1,0,0,1,0,0,1,0
1548,1548,0,0,fef77ce3,00,ff010014,00000075,ffffd440,f,00000000,ff010000,0,1,1,0,0,1,1,1,0,0,1,0,0,1,0
1549,1549,0,0,fef77ce3,00,ff010014,0000006c,ffffd440,f,00000000,ff010000,0,1,1,0,0,1,1,1,0,0,1,0,0,1,0
1550,1550,0,0,fef77ce3,00,ff010014,00000064,ffffd440,f,00000000,ff010000,0,1,1,0,0,1,1,1,0,0,1,0,0,1,0
1551,1551,0,0,fef77ce3,00,ff010014,00000020,ffffd440,f,00000000,ff010000,0,1,1,0,0,1,1,1,0,0,1,0,0,1,0
1552,1552,0,0,fef77ce3,00,ff010014,00000062,ffffd440,f,00000000,ff010000,0,1,1,0,0,1,1,1,0,0,1,0,0,1,0
1553,1553,0,0,fef77ce3,00,ff010014,00000065,ffffd440,f,00000000,ff010000,0,1,1,0,0,1,1,1,0,0,1,0,0,1,0
1554,1554,0,0,fef77ce3,00,ff010014,0000003a,ffffd440,f,00000000,ff010000,0,1,1,0,0,1,1,1,0,0,1,0,0,1,0
1555,1555,0,0,fef77ce3,00,ff010014,00000020,ffffd440,f,00000000,ff010000,0,1,1,0,0,1,1,1,0,0,1,0,0,1,0
1556,1556,0,0,fef77ce3,00,ff010014,00000020,ffffd440,f,00000000,ff010000,0,1,1,0,0,1,1,1,0,0,1,0,0,1,0
1557,1557,0,0,fef77ce3,00,ff010014,00000020,ffffd440,f,00000000,ff010000,0,1,1,0,0,1,1,1,0,0,1,0,0,1,0
1558,1558,0,0,fef77ce3,00,ff010014,00000041,ffffd440,f,00000000,ff010000,0,1,1,0,0,1,1,1,0,0,1,0,0,1,0
1559,1559,0,0,fef77ce3,00,ff010014,0000000d,ffffd440,f,00000000,ff010000,0,1,1,0,0,1,1,1,0,0,1,0,0,1,0
1560,1560,0,0,fef77ce3,00,ff010014,0000000a,ffffd440,f,00000000,ff010000,0,1,1,0,0,1,1,1,0,0,1,0,0,1,0
1561,1561,0,0,fef77ce3,00,ff010014,00000043,ffffd440,f,00000000,ff010000,0,1,1,0,0,1,1,1,0,0,1,0,0,1,0
1562,1562,0,0,fef77ce3,00,ff010014,00000068,ffffd440,f,00000000,ff010000,0,1,1,0,0,1,1,1,0,0,1,0,0,1,0
1563,1563,0,0,fef77ce3,00,ff010014,0000005f,ffffd440,f,00000000,ff010000,0,1,1,0,0,1,1,1,0,0,1,0,0,1,0
1564,1564,0,0,fef77ce3,00,ff010014,00000032,ffffd440,f,00000000,ff010000,0,1,1,0,0,1,1,1,0,0,1,0,0,1,0
1565,1565,0,0,fef77ce3,00,ff010014,0000005f,ffffd440,f,00000000,ff010000,0,1,1,0,0,1,1,1,0,0,1,0,0,1,0
1566,1566,0,0,fef77ce3,00,ff010014,00000047,ffffd440,f,00000000,ff010000,0,1,1,0,0,1,1,1,0,0,1,0,0,1,0
1567,1567,0,0,fef77ce3,00,ff010014,0000006c,ffffd440,f,00000000,ff010000,0,1,1,0,0,1,1,1,0,0,1,0,0,1,0
1568,1568,0,0,fef77ce3,00,ff010014,0000006f,ffffd440,f,00000000,ff010000,0,1,1,0,0,1,1,1,0,0,1,0,0,1,0
1569,1569,0,0,fef77ce3,00,ff010014,00000062,ffffd440,f,00000000,ff010000,0,1,1,0,0,1,1,1,0,0,1,0,0,1,0
1570,1570,0,0,fef77ce3,00,ff010014,0000003a,ffffd440,f,00000000,ff010000,0,1,1,0,0,1,1,1,0,0,1,0,0,1,0
1571,1571,0,0,fef77ce3,00,ff010014,00000020,ffffd440,f,00000000,ff010000,0,1,1,0,0,1,1,1,0,0,1,0,0,1,0
1572,1572,0,0,fef77ce3,00,ff010014,00000020,ffffd440,f,00000000,ff010000,0,1,1,0,0,1,1,1,0,0,1,0,0,1,0
1573,1573,0,0,fef77ce3,00,ff010014,00000020,ffffd440,f,00000000,ff010000,0,1,1,0,0,1,1,1,0,0,1,0,0,1,0
1574,1574,0,0,fef77ce3,00,ff010014,00000020,ffffd440,f,00000000,ff010000,0,1,1,0,0,1,1,1,0,0,1,0,0,1,0
1575,1575,0,0,fef77ce3,00,ff010014,00000020,ffffd440,f,00000000,ff010000,0,1,1,0,0,1,1,1,0,0,1,0,0,1,0
1576,1576,0,0,fef77ce3,00,ff010014,00000020,ffffd440,f,00000000,ff010000,0,1,1,0,0,1,1,1,0,0,1,0,0,1,0
1577,1577,0,0,fef77ce3,00,ff010014,00000020,ffffd440,f,00000000,ff010000,0,1,1,0,0,1,1,1,0,0,1,0,0,1,0
1578,1578,0,0,fef77ce3,00,ff010014,00000020,ffffd440,f,00000000,ff010000,0,1,1,0,0,1,1,1,0,0,1,0,0,1,0
1579,1579,0,0,fef77ce3,00,ff010014,00000020,ffffd440,f,00000000,ff010000,0,1,1,0,0,1,1,1,0,0,1,0,0,1,0
1580,1580,0,0,fef77ce3,00,ff010014,00000020,ffffd440,f,00000000,ff010000,0,1,1,0,0,1,1,1,0,0,1,0,0,1,0
1581,1581,0,0,fef77ce3,00,ff010014,00000020,ffffd440,f,00000000,ff010000,0,1,1,0,0,1,1,1,0,0,1,0,0,1,0
1582,1582,0,0,fef77ce3,00,ff010014,00000042,ffffd440,f,00000000,ff010000,0,1,1,0,0,1,1,1,0,0,1,0,0,1,0
1583,1583,0,0,fef77ce3,00,ff010014,0000000d,ffffd440,f,00000000,ff010000,0,1,1,0,0,1,1,1,0,0,1,0,0,1,0
1584,1584,0,0,fef77ce3,00,ff010014,0000000a,ffffd440,f,00000000,ff010000,0,1,1,0,0,1,1,1,0,0,1,0,0,1,0
1585,1585,0,0,fef77ce3,00,ff010014,00000020,ffffd440,f,00000000,ff010000,0,1,1,0,0,1,1,1,0,0,1,0,0,1,0
1586,1586,0,0,fef77ce3,00,ff010014,00000020,ffffd440,f,00000000,ff010000,0,1,1,0,0,1,1,1,0,0,1,0,0,1,0
1587,1587,0,0,fef77ce3,00,ff010014,00000020,ffffd440,f,00000000,ff010000,0,1,1,0,0,1,1,1,0,0,1,0,0,1,0
1588,1588,0,0,fef77ce3,00,ff010014,00000020,ffffd440,f,00000000,ff010000,0,1,1,0,0,1,1,1,0,0,1,0,0,1,0
1589,1589,0,0,fef77ce3,00,ff010014,00000020,ffffd440,f,00000000,ff010000,0,1,1,0,0,1,1,1,0,0,1,0,0,1,0
1590,1590,0,0,fef77ce3,00,ff010014,00000020,ffffd440,f,00000000,ff010000,0,1,1,0,0,1,1,1,0,0,1,0,0,1,0
1591,1591,0,0,fef77ce3,00,ff010014,00000020,ffffd440,f,00000000,ff010000,0,1,1,0,0,1,1,1,0,0,1,0,0,1,0
1592,1592,0,0,fef77ce3,00,ff010014,00000020,ffffd440,f,00000000,ff010000,0,1,1,0,0,1,1,1,0,0,1,0,0,1,0
1593,1593,0,0,fef77ce3,00,ff010014,00000073,ffffd440,f,00000000,ff010000,0,1,1,0,0,1,1,1,0,0,1,0,0,1,0
1594,1594,0,0,fef77ce3,00,ff010014,00000068,ffffd440,f,00000000,ff010000,0,1,1,0,0,1,1,1,0,0,1,0,0,1,0
1595,1595,0,0,fef77ce3,00,ff010014,0000006f,ffffd440,f,00000000,ff010000,0,1,1,0,0,1,1,1,0,0,1,0,0,1,0
1596,1596,0,0,fef77ce3,00,ff010014,00000075,ffffd440,f,00000000,ff010000,0,1,1,0,0,1,1,1,0,0,1,0,0,1,0
1597,1597,0,0,fef77ce3,00,ff010014,0000006c,ffffd440,f,00000000,ff010000,0,1,1,0,0,1,1,1,0,0,1,0,0,1,0
1598,1598,0,0,fef77ce3,00,ff010014,00000064,ffffd440,f,00000000,ff010000,0,1,1,0,0,1,1,1,0,0,1,0,0,1,0
1599,1599,0,0,fef77ce3,00,ff010014,00000020,ffffd440,f,00000000,ff010000,0,1,1,0,0,1,1,1,0,0,1,0,0,1,0
1600,1600,0,0,fef77ce3,00,ff010014,00000062,ffffd440,f,00000000,ff010000,0,1,1,0,0,1,1,1,0,0,1,0,0,1,0
1601,1601,0,0,fef77ce3,00,ff010014,00000065,ffffd440,f,00000000,ff010000,0,1,1,0,0,1,1,1,0,0,1,0,0,1,0
1602,1602,0,0,fef77ce3,00,ff010014,0000003a,ffffd440,f,00000000,ff010000,0,1,1,0,0,1,1,1,0,0,1,0,0,1,0
1603,1603,0,0,fef77ce3,00,ff010014,00000020,ffffd440,f,00000000,ff010000,0,1,1,0,0,1,1,1,0,0,1,0,0,1,0
1604,1604,0,0,fef77ce3,00,ff010014,00000020,ffffd440,f,00000000,ff010000,0,1,1,0,0,1,1,1,0,0,1,0,0,1,0
1605,1605,0,0,fef77ce3,00,ff010014,00000020,ffffd440,f,00000000,ff010000,0,1,1,0,0,1,1,1,0,0,1,0,0,1,0
1606,1606,0,0,fef77ce3,00,ff010014,00000042,ffffd440,f,00000000,ff010000,0,1,1,0,0,1,1,1,0,0,1,0,0,1,0
1607,1607,0,0,fef77ce3,00,ff010014,0000000d,ffffd440,f,00000000,ff010000,0,1,1,0,0,1,1,1,0,0,1,0,0,1,0
1608,1608,0,0,fef77ce3,00,ff010014,0000000a,ffffd440,f,00000000,ff010000,0,1,1,0,0,1,1,1,0,0,1,0,0,1,0
1609,1609,0,0,fef77ce3,00,ff010014,00000041,ffffd440,f,00000000,ff010000,0,1,1,0,0,1,1,1,0,0,1,0,0,1,0
1610,1610,0,0,fef77ce3,00,ff010014,00000072,ffffd440,f,00000000,ff010000,0,1,1,0,0,1,1,1,0,0,1,0,0,1,0
1611,1611,0,0,fef77ce3,00,ff010014,00000072,ffffd440,f,00000000,ff010000,0,1,1,0,0,1,1,1,0,0,1,0,0,1,0
1612,1612,0,0,fef77ce3,00,ff010014,0000005f,ffffd440,f,00000000,ff010000,0,1,1,0,0,1,1,1,0,0,1,0,0,1,0
1613,1613,0,0,fef77ce3,00,ff010014,00000031,ffffd440,f,00000000,ff010000,0,1,1,0,0,1,1,1,0,0,1,0,0,1,0
1614,1614,0,0,fef77ce3,00,ff010014,0000005f,ffffd440,f,00000000,ff010000,0,1,1,0,0,1,1,1,0,0,1,0,0,1,0
1615,1615,0,0,fef77ce3,00,ff010014,00000047,ffffd440,f,00000000,ff010000,0,1,1,0,0,1,1,1,0,0,1,0,0,1,0
1616,1616,0,0,fef77ce3,00,ff010014,0000006c,ffffd440,f,00000000,ff010000,0,1,1,0,0,1,1,1,0,0,1,0,0,1,0
1617,1617,0,0,fef77ce3,00,ff010014,0000006f,ffffd440,f,00000000,ff010000,0,1,1,0,0,1,1,1,0,0,1,0,0,1,0
1618,1618,0,0,fef77ce3,00,ff010014,00000062,ffffd440,f,00000000,ff010000,0,1,1,0,0,1,1,1,0,0,1,0,0,1,0
1619,1619,0,0,fef77ce3,00,ff010014,0000005b,ffffd440,f,00000000,ff010000,0,1,1,0,0,1,1,1,0,0,1,0,0,1,0
1620,1620,0,0,fef77ce3,00,ff010014,00000038,ffffd440,f,00000000,ff010000,0,1,1,0,0,1,1,1,0,0,1,0,0,1,0
1621,1621,0,0,fef77ce3,00,ff010014,0000005d,ffffd440,f,00000000,ff010000,0,1,1,0,0,1,1,1,0,0,1,0,0,1,0
1622,1622,0,0,fef77ce3,00,ff010014,0000003a,ffffd440,f,00000000,ff010000,0,1,1,0,0,1,1,1,0,0,1,0,0,1,0
1623,1623,0,0,fef77ce3,00,ff010014,00000020,ffffd440,f,00000000,ff010000,0,1,1,0,0,1,1,1,0,0,1,0,0,1,0
1624,1624,0,0,fef77ce3,00,ff010014,00000020,ffffd440,f,00000000,ff010000,0,1,1,0,0,1,1,1,0,0,1,0,0,1,0
1625,1625,0,0,fef77ce3,00,ff010014,00000020,ffffd440,f,00000000,ff010000,0,1,1,0,0,1,1,1,0,0,1,0,0,1,0
1626,1626,0,0,fef77ce3,00,ff010014,00000020,ffffd440,f,00000000,ff010000,0,1,1,0,0,1,1,1,0,0,1,0,0,1,0
1627,1627,0,0,fef77ce3,00,ff010014,00000020,ffffd440,f,00000000,ff010000,0,1,1,0,0,1,1,1,0,0,1,0,0,1,0
1628,1628,0,0,fef77ce3,00,ff010014,00000020,ffffd440,f,00000000,ff010000,0,1,1,0,0,1,1,1,0,0,1,0,0,1,0
1629,1629,0,0,fef77ce3,00,ff010014,00000020,ffffd440,f,00000000,ff010000,0,1,1,0,0,1,1,1,0,0,1,0,0,1,0
1630,1630,0,0,fef77ce3,00,ff010014,00000037,ffffd440,f,00000000,ff010000,0,1,1,0,0,1,1,1,0,0,1,0,0,1,0
1631,1631,0,0,fef77ce3,00,ff010014,0000000d,ffffd440,f,00000000,ff010000,0,1,1,0,0,1,1,1,0,0,1,0,0,1,0
1632,1632,0,0,fef77ce3,00,ff010014,0000000a,ffffd440,f,00000000,ff010000,0,1,1,0,0,1,1,1,0,0,1,0,0,1,0
1633,1633,0,0,fef77ce3,00,ff010014,00000020,ffffd440,f,00000000,ff010000,0,1,1,0,0,1,1,1,0,0,1,0,0,1,0
1634,1634,0,0,fef77ce3,00,ff010014,00000020,ffffd440,f,00000000,ff010000,0,1,1,0,0,1,1,1,0,0,1,0,0,1,0
1635,1635,0,0,fef77ce3,00,ff010014,00000020,ffffd440,f,00000000,ff010000,0,1,1,0,0,1,1,1,0,0,1,0,0,1,0
1636,1636,0,0,fef77ce3,00,ff010014,00000020,ffffd440,f,00000000,ff010000,0,1,1,0,0,1,1,1,0,0,1,0,0,1,0
1637,1637,0,0,fef77ce3,00,ff010014,00000020,ffffd440,f,00000000,ff010000,0,1,1,0,0,1,1,1,0,0,1,0,0,1,0
1638,1638,0,0,fef77ce3,00,ff010014,00000020,ffffd440,f,00000000,ff010000,0,1,1,0,0,1,1,1,0,0,1,0,0,1,0
1639,1639,0,0,fef77ce3,00,ff010014,00000020,ffffd440,f,00000000,ff010000,0,1,1,0,0,1,1,1,0,0,1,0,0,1,0
1640,1640,0,0,fef77ce3,00,ff010014,00000020,ffffd440,f,00000000,ff010000,0,1,1,0,0,1,1,1,0,0,1,0,0,1,0
1641,1641,0,0,fef77ce3,00,ff010014,00000073,ffffd440,f,00000000,ff010000,0,1,1,0,0,1,1,1,0,0,1,0,0,1,0
1642,1642,0,0,fef77ce3,00,ff010014,00000068,ffffd440,f,00000000,ff010000,0,1,1,0,0,1,1,1,0,0,1,0,0,1,0
1643,1643,0,0,fef77ce3,00,ff010014,0000006f,ffffd440,f,00000000,ff010000,0,1,1,0,0,1,1,1,0,0,1,0,0,1,0
1644,1644,0,0,fef77ce3,00,ff010014,00000075,ffffd440,f,00000000,ff010000,0,1,1,0,0,1,1,1,0,0,1,0,0,1,0
1645,1645,0,0,fef77ce3,00,ff010014,0000006c,ffffd440,f,00000000,ff010000,0,1,1,0,0,1,1,1,0,0,1,0,0,1,0
1646,1646,0,0,fef77ce3,00,ff010014,00000064,ffffd440,f,00000000,ff010000,0,1,1,0,0,1,1,1,0,0,1,0,0,1,0
1647,1647,0,0,fef77ce3,00,ff010014,00000020,ffffd440,f,00000000,ff010000,0,1,1,0,0,1,1,1,0,0,1,0,0,1,0
1648,1648,0,0,fef77ce3,00,ff010014,00000062,ffffd440,f,00000000,ff010000,0,1,1,0,0,1,1,1,0,0,1,0,0,1,0
1649,1649,0,0,fef77ce3,00,ff010014,00000065,ffffd440,f,00000000,ff010000,0,1,1,0,0,1,1,1,0,0,1,0,0,1,0
1650,1650,0,0,fef77ce3,00,ff010014,0000003a,ffffd440,f,00000000,ff010000,0,1,1,0,0,1,1,1,0,0,1,0,0,1,0
1651,1651,0,0,fef77ce3,00,ff010014,00000020,ffffd440,f,00000000,ff010000,0,1,1,0,0,1,1,1,0,0,1,0,0,1,0
1652,1652,0,0,fef77ce3,00,ff010014,00000020,ffffd440,f,00000000,ff010000,0,1,1,0,0,1,1,1,0,0,1,0,0,1,0
1653,1653,0,0,fef77ce3,00,ff010014,00000020,ffffd440,f,00000000,ff010000,0,1,1,0,0,1,1,1,0,0,1,0,0,1,0
1654,1654,0,0,fef77ce3,00,ff010014,00000037,ffffd440,f,00000000,ff010000,0,1,1,0,0,1,1,1,0,0,1,0,0,1,0
1655,1655,0,0,fef77ce3,00,ff010014,0000000d,ffffd440,f,00000000,ff010000,0,1,1,0,0,1,1,1,0,0,1,0,0,1,0
1656,1656,0,0,fef77ce3,00,ff010014,0000000a,ffffd440,f,00000000,ff010000,0,1,1,0,0,1,1,1,0,0,1,0,0,1,0
1657,1657,0,0,fef77ce3,00,ff010014,00000041,ffffd440,f,00000000,ff010000,0,1,1,0,0,1,1,1,0,0,1,0,0,1,0
1658,1658,0,0,fef77ce3,00,ff010014,00000072,ffffd440,f,00000000,ff010000,0,1,1,0,0,1,1,1,0,0,1,0,0,1,0
1659,1659,0,0,fef77ce3,00,ff010014,00000072,ffffd440,f,00000000,ff010000,0,1,1,0,0,1,1,1,0,0,1,0,0,1,0
1660,1660,0,0,fef77ce3,00,ff010014,0000005f,ffffd440,f,00000000,ff010000,0,1,1,0,0,1,1,1,0,0,1,0,0,1,0
1661,1661,0,0,fef77ce3,00,ff010014,00000032,ffffd440,f,00000000,ff010000,0,1,1,0,0,1,1,1,0,0,1,0,0,1,0
1662,1662,0,0,fef77ce3,00,ff010014,0000005f,ffffd440,f,00000000,ff010000,0,1,1,0,0,1,1,1,0,0,1,0,0,1,0
1663,1663,0,0,fef77ce3,00,ff010014,00000047,ffffd440,f,00000000,ff010000,0,1,1,0,0,1,1,1,0,0,1,0,0,1,0
1664,1664,0,0,fef77ce3,00,ff010014,0000006c,ffffd440,f,00000000,ff010000,0,1,1,0,0,1,1,1,0,0,1,0,0,1,0
1665,1665,0,0,fef77ce3,00,ff010014,0000006f,ffffd440,f,00000000,ff010000,0,1,1,0,0,1,1,1,0,0,1,0,0,1,0
1666,1666,0,0,fef77ce3,00,ff010014,00000062,ffffd440,f,00000000,ff010000,0,1,1,0,0,1,1,1,0,0,1,0,0,1,0
1667,1667,0,0,fef77ce3,00,ff010014,0000005b,ffffd440,f,00000000,ff010000,0,1,1,0,0,1,1,1,0,0,1,0,0,1,0
1668,1668,0,0,fef77ce3,00,ff010014,00000038,ffffd440,f,00000000,ff010000,0,1,1,0,0,1,1,1,0,0,1,0,0,1,0
1669,1669,0,0,fef77ce3,00,ff010014,0000005d,ffffd440,f,00000000,ff010000,0,1,1,0,0,1,1,1,0,0,1,0,0,1,0
1670,1670,0,0,fef77ce3,00,ff010014,0000005b,ffffd440,f,00000000,ff010000,0,1,1,0,0,1,1,1,0,0,1,0,0,1,0
1671,1671,0,0,fef77ce3,00,ff010014,00000037,ffffd440,f,00000000,ff010000,0,1,1,0,0,1,1,1,0,0,1,0,0,1,0
1672,1672,0,0,fef77ce3,00,ff010014,0000005d,ffffd440,f,00000000,ff010000,0,1,1,0,0,1,1,1,0,0,1,0,0,1,0
1673,1673,0,0,fef77ce3,00,ff010014,0000003a,ffffd440,f,00000000,ff010000,0,1,1,0,0,1,1,1,0,0,1,0,0,1,0
1674,1674,0,0,fef77ce3,00,ff010014,00000020,ffffd440,f,00000000,ff010000,0,1,1,0,0,1,1,1,0,0,1,0,0,1,0
1675,1675,0,0,fef77ce3,00,ff010014,00000020,ffffd440,f,00000000,ff010000,0,1,1,0,0,1,1,1,0,0,1,0,0,1,0
1676,1676,0,0,fef77ce3,00,ff010014,00000020,ffffd440,f,00000000,ff010000,0,1,1,0,0,1,1,1,0,0,1,0,0,1,0
1677,1677,0,0,fef77ce3,00,ff010014,00000020,ffffd440,f,00000000,ff010000,0,1,1,0,0,1,1,1,0,0,1,0,0,1,0
1678,1678,0,0,fef77ce3,00,ff010014,00000035,ffffd440,f,00000000,ff010000,0,1,1,0,0,1,1,1,0,0,1,0,0,1,0
1679,1679,0,0,fef77ce3,00,ff010014,00000031,ffffd440,f,00000000,ff010000,0,1,1,0,0,1,1,1,0,0,1,0,0,1,0
1680,1680,0,0,fef77ce3,00,ff010014,00000030,ffffd440,f,00000000,ff010000,0,1,1,0,0,1,1,1,0,0,1,0,0,1,0
1681,1681,0,0,fef77ce3,00,ff010014,0000000d,ffffd440,f,00000000,ff010000,0,1,1,0,0,1,1,1,0,0,1,0,0,1,0
1682,1682,0,0,fef77ce3,00,ff010014,0000000a,ffffd440,f,00000000,ff010000,0,1,1,0,0,1,1,1,0,0,1,0,0,1,0
1683,1683,0,0,fef77ce3,00,ff010014,00000020,ffffd440,f,00000000,ff010000,0,1,1,0,0,1,1,1,0,0,1,0,0,1,0
1684,1684,0,0,fef77ce3,00,ff010014,00000020,ffffd440,f,00000000,ff010000,0,1,1,0,0,1,1,1,0,0,1,0,0,1,0
1685,1685,0,0,fef77ce3,00,ff010014,00000020,ffffd440,f,00000000,ff010000,0,1,1,0,0,1,1,1,0,0,1,0,0,1,0
1686,1686,0,0,fef77ce3,00,ff010014,00000020,ffffd440,f,00000000,ff010000,0,1,1,0,0,1,1,1,0,0,1,0,0,1,0
1687,1687,0,0,fef77ce3,00,ff010014,00000020,ffffd440,f,00000000,ff010000,0,1,1,0,0,1,1,1,0,0,1,0,0,1,0
1688,1688,0,0,fef77ce3,00,ff010014,00000020,ffffd440,f,00000000,ff010000,0,1,1,0,0,1,1,1,0,0,1,0,0,1,0
1689,1689,0,0,fef77ce3,00,ff010014,00000020,ffffd440,f,00000000,ff010000,0,1,1,0,0,1,1,1,0,0,1,0,0,1,0
1690,1690,0,0,fef77ce3,00,ff010014,00000020,ffffd440,f,00000000,ff010000,0,1,1,0,0,1,1,1,0,0,1,0,0,1,0
1691,1691,0,0,fef77ce3,00,ff010014,00000073,ffffd440,f,00000000,ff010000,0,1,1,0,0,1,1,1,0,0,1,0,0,1,0
1692,1692,0,0,fef77ce3,00,ff010014,00000068,ffffd440,f,00000000,ff010000,0,1,1,0,0,1,1,1,0,0,1,0,0,1,0
1693,1693,0,0,fef77ce3,00,ff010014,0000006f,ffffd440,f,00000000,ff010000,0,1,1,0,0,1,1,1,0,0,1,0,0,1,0
1694,1694,0,0,fef77ce3,00,ff010014,00000075,ffffd440,f,00000000,ff010000,0,1,1,0,0,1,1,1,0,0,1,0,0,1,0
1695,1695,0,0,fef77ce3,00,ff010014,0000006c,ffffd440,f,00000000,ff010000,0,1,1,0,0,1,1,1,0,0,1,0,0,1,0
1696,1696,0,0,fef77ce3,00,ff010014,00000064,ffffd440,f,00000000,ff010000,0,1,1,0,0,1,1,1,0,0,1,0,0,1,0
1697,1697,0,0,fef77ce3,00,ff010014,00000020,ffffd440,f,00000000,ff010000,0,1,1,0,0,1,1,1,0,0,1,0,0,1,0
1698,1698,0,0,fef77ce3,00,ff010014,00000062,ffffd440,f,00000000,ff010000,0,1,1,0,0,1,1,1,0,0,1,0,0,1,0
1699,1699,0,0,fef77ce3,00,ff010014,00000065,ffffd440,f,00000000,ff010000,0,1,1,0,0,1,1,1,0,0,1,0,0,1,0
1700,1700,0,0,fef77ce3,00,ff010014,0000003a,ffffd440,f,00000000,ff010000,0,1,1,0,0,1,1,1,0,0,1,0,0,1,0
1701,1701,0,0,fef77ce3,00,ff010014,00000020,ffffd440,f,00000000,ff010000,0,1,1,0,0,1,1,1,0,0,1,0,0,1,0
1702,1702,0,0,fef77ce3,00,ff010014,00000020,ffffd440,f,00000000,ff010000,0,1,1,0,0,1,1,1,0,0,1,0,0,1,0
1703,1703,0,0,fef77ce3,00,ff010014,00000020,ffffd440,f,00000000,ff010000,0,1,1,0,0,1,1,1,0,0,1,0,0,1,0
1704,1704,0,0,fef77ce3,00,ff010014,0000004e,ffffd440,f,00000000,ff010000,0,1,1,0,0,1,1,1,0,0,1,0,0,1,0
1705,1705,0,0,fef77ce3,00,ff010014,00000075,ffffd440,f,00000000,ff010000,0,1,1,0,0,1,1,1,0,0,1,0,0,1,0
1706,1706,0,0,fef77ce3,00,ff010014,0000006d,ffffd440,f,00000000,ff010000,0,1,1,0,0,1,1,1,0,0,1,0,0,1,0
1707,1707,0,0,fef77ce3,00,ff010014,00000062,ffffd440,f,00000000,ff010000,0,1,1,0,0,1,1,1,0,0,1,0,0,1,0
1708,1708,0,0,fef77ce3,00,ff010014,00000065,ffffd440,f,00000000,ff010000,0,1,1,0,0,1,1,1,0,0,1,0,0,1,0
1709,1709,0,0,fef77ce3,00,ff010014,00000072,ffffd440,f,00000000,ff010000,0,1,1,0,0,1,1,1,0,0,1,0,0,1,0
1710,1710,0,0,fef77ce3,00,ff010014,0000005f,ffffd440,f,00000000,ff010000,0,1,1,0,0,1,1,1,0,0,1,0,0,1,0
1711,1711,0,0,fef77ce3,00,ff010014,0000004f,ffffd440,f,00000000,ff010000,0,1,1,0,0,1,1,1,0,0,1,0,0,1,0
1712,1712,0,0,fef77ce3,00,ff010014,00000066,ffffd440,f,00000000,ff010000,0,1,1,0,0,1,1,1,0,0,1,0,0,1,0
1713,1713,0,0,fef77ce3,00,ff010014,0000005f,ffffd440,f,00000000,ff010000,0,1,1,0,0,1,1,1,0,0,1,0,0,1,0
1714,1714,0,0,fef77ce3,00,ff010014,00000052,ffffd440,f,00000000,ff010000,0,1,1,0,0,1,1,1,0,0,1,0,0,1,0
1715,1715,0,0,fef77ce3,00,ff010014,00000075,ffffd440,f,00000000,ff010000,0,1,1,0,0,1,1,1,0,0,1,0,0,1,0
1716,1716,0,0,fef77ce3,00,ff010014,0000006e,ffffd440,f,00000000,ff010000,0,1,1,0,0,1,1,1,0,0,1,0,0,1,0
1717,1717,0,0,fef77ce3,00,ff010014,00000073,ffffd440,f,00000000,ff010000,0,1,1,0,0,1,1,1,0,0,1,0,0,1,0
1718,1718,0,0,fef77ce3,00,ff010014,00000020,ffffd440,f,00000000,ff010000,0,1,1,0,0,1,1,1,0,0,1,0,0,1,0
1719,1719,0,0,fef77ce3,00,ff010014,0000002b,ffffd440,f,00000000,ff010000,0,1,1,0,0,1,1,1,0,0,1,0,0,1,0
1720,1720,0,0,fef77ce3,00,ff010014,00000020,ffffd440,f,00000000,ff010000,0,1,1,0,0,1,1,1,0,0,1,0,0,1,0
1721,1721,0,0,fef77ce3,00,ff010014,00000031,ffffd440,f,00000000,ff010000,0,1,1,0,0,1,1,1,0,0,1,0,0,1,0
1722,1722,0,0,fef77ce3,00,ff010014,00000030,ffffd440,f,00000000,ff010000,0,1,1,0,0,1,1,1,0,0,1,0,0,1,0
1723,1723,0,0,fef77ce3,00,ff010014,0000000d,ffffd440,f,00000000,ff010000,0,1,1,0,0,1,1,1,0,0,1,0,0,1,0
1724,1724,0,0,fef77ce3,00,ff010014,0000000a,ffffd440,f,00000000,ff010000,0,1,1,0,0,1,1,1,0,0,1,0,0,1,0
1725,1725,0,0,fef77ce3,00,ff010014,00000050,ffffd440,f,00000000,ff010000,0,1,1,0,0,1,1,1,0,0,1,0,0,1,0
1726,1726,0,0,fef77ce3,00,ff010014,00000074,ffffd440,f,00000000,ff010000,0,1,1,0,0,1,1,1,0,0,1,0,0,1,0
1727,1727,0,0,fef77ce3,00,ff010014,00000072,ffffd440,f,00000000,ff010000,0,1,1,0,0,1,1,1,0,0,1,0,0,1,0
1728,1728,0,0,fef77ce3,00,ff010014,0000005f,ffffd440,f,00000000,ff010000,0,1,1,0,0,1,1,1,0,0,1,0,0,1,0
1729,1729,0,0,fef77ce3,00,ff010014,00000047,ffffd440,f,00000000,ff010000,0,1,1,0,0,1,1,1,0,0,1,0,0,1,0
1730,1730,0,0,fef77ce3,00,ff010014,0000006c,ffffd440,f,00000000,ff010000,0,1,1,0,0,1,1,1,0,0,1,0,0,1,0
1731,1731,0,0,fef77ce3,00,ff010014,0000006f,ffffd440,f,00000000,ff010000,0,1,1,0,0,1,1,1,0,0,1,0,0,1,0
1732,1732,0,0,fef77ce3,00,ff010014,00000062,ffffd440,f,00000000,ff010000,0,1,1,0,0,1,1,1,0,0,1,0,0,1,0
1733,1733,0,0,fef77ce3,00,ff010014,0000002d,ffffd440,f,00000000,ff010000,0,1,1,0,0,1,1,1,0,0,1,0,0,1,0
1734,1734,0,0,fef77ce3,00,ff010014,0000003e,ffffd440,f,00000000,ff010000,0,1,1,0,0,1,1,1,0,0,1,0,0,1,0
1735,1735,0,0,fef77ce3,00,ff010014,0000000d,ffffd440,f,00000000,ff010000,0,1,1,0,0,1,1,1,0,0,1,0,0,1,0
1736,1736,0,0,fef77ce3,00,ff010014,0000000a,ffffd440,f,00000000,ff010000,0,1,1,0,0,1,1,1,0,0,1,0,0,1,0
1737,1737,0,0,fef77ce3,00,ff010014,00000020,ffffd440,f,00000000,ff010000,0,1,1,0,0,1,1,1,0,0,1,0,0,1,0
1738,1738,0,0,fef77ce3,00,ff010014,00000020,ffffd440,f,00000000,ff010000,0,1,1,0,0,1,1,1,0,0,1,0,0,1,0
1739,1739,0,0,fef77ce3,00,ff010014,00000050,ffffd440,f,00000000,ff010000,0,1,1,0,0,1,1,1,0,0,1,0,0,1,0
1740,1740,0,0,fef77ce3,00,ff010014,00000074,ffffd440,f,00000000,ff010000,0,1,1,0,0,1,1,1,0,0,1,0,0,1,0
1741,1741,0,0,fef77ce3,00,ff010014,00000072,ffffd440,f,00000000,ff010000,0,1,1,0,0,1,1,1,0,0,1,0,0,1,0
1742,1742,0,0,fef77ce3,00,ff010014,0000005f,ffffd440,f,00000000,ff010000,0,1,1,0,0,1,1,1,0,0,1,0,0,1,0
1743,1743,0,0,fef77ce3,00,ff010014,00000043,ffffd440,f,00000000,ff010000,0,1,1,0,0,1,1,1,0,0,1,0,0,1,0
1744,1744,0,0,fef77ce3,00,ff010014,0000006f,ffffd440,f,00000000,ff010000,0,1,1,0,0,1,1,1,0,0,1,0,0,1,0
1745,1745,0,0,fef77ce3,00,ff010014,0000006d,ffffd440,f,00000000,ff010000,0,1,1,0,0,1,1,1,0,0,1,0,0,1,0
1746,1746,0,0,fef77ce3,00,ff010014,00000070,ffffd440,f,00000000,ff010000,0,1,1,0,0,1,1,1,0,0,1,0,0,1,0
1747,1747,0,0,fef77ce3,00,ff010014,0000003a,ffffd440,f,00000000,ff010000,0,1,1,0,0,1,1,1,0,0,1,0,0,1,0
1748,1748,0,0,fef77ce3,00,ff010014,00000020,ffffd440,f,00000000,ff010000,0,1,1,0,0,1,1,1,0,0,1,0,0,1,0
1749,1749,0,0,fef77ce3,00,ff010014,00000020,ffffd440,f,00000000,ff010000,0,1,1,0,0,1,1,1,0,0,1,0,0,1,0
1750,1750,0,0,fef77ce3,00,ff010014,00000020,ffffd440,f,00000000,ff010000,0,1,1,0,0,1,1,1,0,0,1,0,0,1,0
1751,1751,0,0,fef77ce3,00,ff010014,00000020,ffffd440,f,00000000,ff010000,0,1,1,0,0,1,1,1,0,0,1,0,0,1,0
1752,1752,0,0,fef77ce3,00,ff010014,00000020,ffffd440,f,00000000,ff010000,0,1,1,0,0,1,1,1,0,0,1,0,0,1,0
1753,1753,0,0,fef77ce3,00,ff010014,00000020,ffffd440,f,00000000,ff010000,0,1,1,0,0,1,1,1,0,0,1,0,0,1,0
1754,1754,0,0,fef77ce3,00,ff010014,00000020,ffffd440,f,00000000,ff010000,0,1,1,0,0,1,1,1,0,0,1,0,0,1,0
1755,1755,0,0,fef77ce3,00,ff010014,00000020,ffffd440,f,00000000,ff010000,0,1,1,0,0,1,1,1,0,0,1,0,0,1,0
1756,1756,0,0,fef77ce3,00,ff010014,00000020,ffffd440,f,00000000,ff010000,0,1,1,0,0,1,1,1,0,0,1,0,0,1,0
1757,1757,0,0,fef77ce3,00,ff010014,00000020,ffffd440,f,00000000,ff010000,0,1,1,0,0,1,1,1,0,0,1,0,0,1,0
1758,1758,0,0,fef77ce3,00,ff010014,0000002d,ffffd440,f,00000000,ff010000,0,1,1,0,0,1,1,1,0,0,1,0,0,1,0
1759,1759,0,0,fef77ce3,00,ff010000,00000032,ffffd440,f,00000000,ff010000,0,1,1,0,0,1,1,1,0,0,1,0,0,1,1
1760,1760,0,0,fef77ce3,00,ff010014,00000036,ffffd440,f,00000000,ff010000,0,1,1,0,0,1,1,1,0,0,1,0,0,1,0
1761,1761,0,0,fef77ce3,00,ff010014,00000038,ffffd440,f,00000000,ff010000,0,1,1,0,0,1,1,1,0,0,1,0,0,1,0
1762,1762,0,0,fef77ce3,00,ff010014,00000034,ffffd440,f,00000000,ff010000,0,1,1,0,0,1,1,1,0,0,1,0,0,1,0
1763,1763,0,0,fef77ce3,00,ff010014,00000031,ffffd440,f,00000000,ff010000,0,1,1,0,0,1,1,1,0,0,1,0,0,1,0
1764,1764,0,0,fef77ce3,00,ff010014,00000039,ffffd440,f,00000000,ff010000,0,1,1,0,0,1,1,1,0,0,1,0,0,1,0
1765,1765,0,0,fef77ce3,00,ff010014,00000038,ffffd440,f,00000000,ff010000,0,1,1,0,0,1,1,1,0,0,1,0,0,1,0
1766,1766,0,0,fef77ce3,00,ff010014,00000035,ffffd440,f,00000000,ff010000,0,1,1,0,0,1,1,1,0,0,1,0,0,1,0
1767,1767,0,0,fef77ce3,00,ff010014,00000036,ffffd440,f,00000000,ff010000,0,1,1,0,0,1,1,1,0,0,1,0,0,1,0
1768,1768,0,0,fef77ce3,00,ff010014,0000000d,ffffd440,f,00000000,ff010000,0,1,1,0,0,1,1,1,0,0,1,0,0,1,0
1769,1769,0,0,fef77ce3,00,ff010014,0000000a,ffffd440,f,00000000,ff010000,0,1,1,0,0,1,1,1,0,0,1,0,0,1,0
1770,1770,0,0,fef77ce3,00,ff010014,00000020,ffffd440,f,00000000,ff010000,0,1,1,0,0,1,1,1,0,0,1,0,0,1,0
1771,1771,0,0,fef77ce3,00,ff010014,00000020,ffffd440,f,00000000,ff010000,0,1,1,0,0,1,1,1,0,0,1,0,0,1,0
1772,1772,0,0,fef77ce3,00,ff010014,00000020,ffffd440,f,00000000,ff010000,0,1,1,0,0,1,1,1,0,0,1,0,0,1,0
1773,1773,0,0,fef77ce3,00,ff010014,00000020,ffffd440,f,00000000,ff010000,0,1,1,0,0,1,1,1,0,0,1,0,0,1,0
1774,1774,0,0,fef77ce3,00,ff010014,00000020,ffffd440,f,00000000,ff010000,0,1,1,0,0,1,1,1,0,0,1,0,0,1,0
1775,1775,0,0,fef77ce3,00,ff010014,00000020,ffffd440,f,00000000,ff010000,0,1,1,0,0,1,1,1,0,0,1,0,0,1,0
1776,1776,0,0,fef77ce3,00,ff010014,00000020,ffffd440,f,00000000,ff010000,0,1,1,0,0,1,1,1,0,0,1,0,0,1,0
1777,1777,0,0,fef77ce3,00,ff010014,00000020,ffffd440,f,00000000,ff010000,0,1,1,0,0,1,1,1,0,0,1,0,0,1,0
1778,1778,0,0,fef77ce3,00,ff010014,00000073,ffffd440,f,00000000,ff010000,0,1,1,0,0,1,1,1,0,0,1,0,0,1,0
1779,1779,0,0,fef77ce3,00,ff010014,00000068,ffffd440,f,00000000,ff010000,0,1,1,0,0,1,1,1,0,0,1,0,0,1,0
1780,1780,0,0,fef77ce3,00,ff010014,0000006f,ffffd440,f,00000000,ff010000,0,1,1,0,0,1,1,1,0,0,1,0,0,1,0
1781,1781,0,0,fef77ce3,00,ff010014,00000075,ffffd440,f,00000000,ff010000,0,1,1,0,0,1,1,1,0,0,1,0,0,1,0
1782,1782,0,0,fef77ce3,00,ff010014,0000006c,ffffd440,f,00000000,ff010000,0,1,1,0,0,1,1,1,0,0,1,0,0,1,0
1783,1783,0,0,fef77ce3,00,ff010014,00000064,ffffd440,f,00000000,ff010000,0,1,1,0,0,1,1,1,0,0,1,0,0,1,0
1784,1784,0,0,fef77ce3,00,ff010014,00000020,ffffd440,f,00000000,ff010000,0,1,1,0,0,1,1,1,0,0,1,0,0,1,0
1785,1785,0,0,fef77ce3,00,ff010014,00000062,ffffd440,f,00000000,ff010000,0,1,1,0,0,1,1,1,0,0,1,0,0,1,0
1786,1786,0,0,fef77ce3,00,ff010014,00000065,ffffd440,f,00000000,ff010000,0,1,1,0,0,1,1,1,0,0,1,0,0,1,0
1787,1787,0,0,fef77ce3,00,ff010014,0000003a,ffffd440,f,00000000,ff010000,0,1,1,0,0,1,1,1,0,0,1,0,0,1,0
1788,1788,0,0,fef77ce3,00,ff010014,00000020,ffffd440,f,00000000,ff010000,0,1,1,0,0,1,1,1,0,0,1,0,0,1,0
1789,1789,0,0,fef77ce3,00,ff010014,00000020,ffffd440,f,00000000,ff010000,0,1,1,0,0,1,1,1,0,0,1,0,0,1,0
1790,1790,0,0,fef77ce3,00,ff010014,00000020,ffffd440,f,00000000,ff010000,0,1,1,0,0,1,1,1,0,0,1,0,0,1,0
1791,1791,0,0,fef77ce3,00,ff010014,00000028,ffffd440,f,00000000,ff010000,0,1,1,0,0,1,1,1,0,0,1,0,0,1,0
1792,1792,0,0,fef77ce3,00,ff010014,00000069,ffffd440,f,00000000,ff010000,0,1,1,0,0,1,1,1,0,0,1,0,0,1,0
1793,1793,0,0,fef77ce3,00,ff010014,0000006d,ffffd440,f,00000000,ff010000,0,1,1,0,0,1,1,1,0,0,1,0,0,1,0
1794,1794,0,0,fef77ce3,00,ff010014,00000070,ffffd440,f,00000000,ff010000,0,1,1,0,0,1,1,1,0,0,1,0,0,1,0
1795,1795,0,0,fef77ce3,00,ff010014,0000006c,ffffd440,f,00000000,ff010000,0,1,1,0,0,1,1,1,0,0,1,0,0,1,0
1796,1796,0,0,fef77ce3,00,ff010014,00000065,ffffd440,f,00000000,ff010000,0,1,1,0,0,1,1,1,0,0,1,0,0,1,0
1797,1797,0,0,fef77ce3,00,ff010014,0000006d,ffffd440,f,00000000,ff010000,0,1,1,0,0,1,1,1,0,0,1,0,0,1,0
1798,1798,0,0,fef77ce3,00,ff010014,00000065,ffffd440,f,00000000,ff010000,0,1,1,0,0,1,1,1,0,0,1,0,0,1,0
1799,1799,0,0,fef77ce3,00,ff010014,0000006e,ffffd440,f,00000000,ff010000,0,1,1,0,0,1,1,1,0,0,1,0,0,1,0
1800,1800,0,0,fef77ce3,00,ff010014,00000074,ffffd440,f,00000000,ff010000,0,1,1,0,0,1,1,1,0,0,1,0,0,1,0
1801,1801,0,0,fef77ce3,00,ff010014,00000061,ffffd440,f,00000000,ff010000,0,1,1,0,0,1,1,1,0,0,1,0,0,1,0
1802,1802,0,0,fef77ce3,00,ff010014,00000074,ffffd440,f,00000000,ff010000,0,1,1,0,0,1,1,1,0,0,1,0,0,1,0
1803,1803,0,0,fef77ce3,00,ff010014,00000069,ffffd440,f,00000000,ff010000,0,1,1,0,0,1,1,1,0,0,1,0,0,1,0
1804,1804,0,0,fef77ce3,00,ff010014,0000006f,ffffd440,f,00000000,ff010000,0,1,1,0,0,1,1,1,0,0,1,0,0,1,0
1805,1805,0,0,fef77ce3,00,ff010014,0000006e,ffffd440,f,00000000,ff010000,0,1,1,0,0,1,1,1,0,0,1,0,0,1,0
1806,1806,0,0,fef77ce3,00,ff010014,0000002d,ffffd440,f,00000000,ff010000,0,1,1,0,0,1,1,1,0,0,1,0,0,1,0
1807,1807,0,0,fef77ce3,00,ff010014,00000064,ffffd440,f,00000000,ff010000,0,1,1,0,0,1,1,1,0,0,1,0,0,1,0
1808,1808,0,0,fef77ce3,00,ff010014,00000065,ffffd440,f,00000000,ff010000,0,1,1,0,0,1,1,1,0,0,1,0,0,1,0
1809,1809,0,0,fef77ce3,00,ff010014,00000070,ffffd440,f,00000000,ff010000,0,1,1,0,0,1,1,1,0,0,1,0,0,1,0
1810,1810,0,0,fef77ce3,00,ff010014,00000065,ffffd440,f,00000000,ff010000,0,1,1,0,0,1,1,1,0,0,1,0,0,1,0
1811,1811,0,0,fef77ce3,00,ff010014,0000006e,ffffd440,f,00000000,ff010000,0,1,1,0,0,1,1,1,0,0,1,0,0,1,0
1812,1812,0,0,fef77ce3,00,ff010014,00000064,ffffd440,f,00000000,ff010000,0,1,1,0,0,1,1,1,0,0,1,0,0,1,0
1813,1813,0,0,fef77ce3,00,ff010014,00000065,ffffd440,f,00000000,ff010000,0,1,1,0,0,1,1,1,0,0,1,0,0,1,0
1814,1814,0,0,fef77ce3,00,ff010014,0000006e,ffffd440,f,00000000,ff010000,0,1,1,0,0,1,1,1,0,0,1,0,0,1,0
1815,1815,0,0,fef77ce3,00,ff010014,00000074,ffffd440,f,00000000,ff010000,0,1,1,0,0,1,1,1,0,0,1,0,0,1,0
1816,1816,0,0,fef77ce3,00,ff010014,00000029,ffffd440,f,00000000,ff010000,0,1,1,0,0,1,1,1,0,0,1,0,0,1,0
1817,1817,0,0,fef77ce3,00,ff010014,0000000d,ffffd440,f,00000000,ff010000,0,1,1,0,0,1,1,1,0,0,1,0,0,1,0
1818,1818,0,0,fef77ce3,00,ff010014,0000000a,ffffd440,f,00000000,ff010000,0,1,1,0,0,1,1,1,0,0,1,0,0,1,0
1819,1819,0,0,fef77ce3,00,ff010014,00000020,ffffd440,f,00000000,ff010000,0,1,1,0,0,1,1,1,0,0,1,0,0,1,0
1820,1820,0,0,fef77ce3,00,ff010014,00000020,ffffd440,f,00000000,ff010000,0,1,1,0,0,1,1,1,0,0,1,0,0,1,0
1821,1821,0,0,fef77ce3,00,ff010014,00000044,ffffd440,f,00000000,ff010000,0,1,1,0,0,1,1,1,0,0,1,0,0,1,0
1822,1822,0,0,fef77ce3,00,ff010014,00000069,ffffd440,f,00000000,ff010000,0,1,1,0,0,1,1,1,0,0,1,0,0,1,0
1823,1823,0,0,fef77ce3,00,ff010014,00000073,ffffd440,f,00000000,ff010000,0,1,1,0,0,1,1,1,0,0,1,0,0,1,0
1824,1824,0,0,fef77ce3,00,ff010014,00000063,ffffd440,f,00000000,ff010000,0,1,1,0,0,1,1,1,0,0,1,0,0,1,0
1825,1825,0,0,fef77ce3,00,ff010014,00000072,ffffd440,f,00000000,ff010000,0,1,1,0,0,1,1,1,0,0,1,0,0,1,0
1826,1826,0,0,fef77ce3,00,ff010014,0000003a,ffffd440,f,00000000,ff010000,0,1,1,0,0,1,1,1,0,0,1,0,0,1,0
1827,1827,0,0,fef77ce3,00,ff010014,00000020,ffffd440,f,00000000,ff010000,0,1,1,0,0,1,1,1,0,0,1,0,0,1,0
1828,1828,0,0,fef77ce3,00,ff010014,00000020,ffffd440,f,00000000,ff010000,0,1,1,0,0,1,1,1,0,0,1,0,0,1,0
1829,1829,0,0,fef77ce3,00,ff010014,00000020,ffffd440,f,00000000,ff010000,0,1,1,0,0,1,1,1,0,0,1,0,0,1,0
1830,1830,0,0,fef77ce3,00,ff010014,00000020,ffffd440,f,00000000,ff010000,0,1,1,0,0,1,1,1,0,0,1,0,0,1,0
1831,1831,0,0,fef77ce3,00,ff010014,00000020,ffffd440,f,00000000,ff010000,0,1,1,0,0,1,1,1,0,0,1,0,0,1,0
1832,1832,0,0,fef77ce3,00,ff010014,00000020,ffffd440,f,00000000,ff010000,0,1,1,0,0,1,1,1,0,0,1,0,0,1,0
1833,1833,0,0,fef77ce3,00,ff010014,00000020,ffffd440,f,00000000,ff010000,0,1,1,0,0,1,1,1,0,0,1,0,0,1,0
1834,1834,0,0,fef77ce3,00,ff010014,00000020,ffffd440,f,00000000,ff010000,0,1,1,0,0,1,1,1,0,0,1,0,0,1,0
1835,1835,0,0,fef77ce3,00,ff010014,00000020,ffffd440,f,00000000,ff010000,0,1,1,0,0,1,1,1,0,0,1,0,0,1,0
1836,1836,0,0,fef77ce3,00,ff010014,00000020,ffffd440,f,00000000,ff010000,0,1,1,0,0,1,1,1,0,0,1,0,0,1,0
1837,1837,0,0,fef77ce3,00,ff010014,00000020,ffffd440,f,00000000,ff010000,0,1,1,0,0,1,1,1,0,0,1,0,0,1,0
1838,1838,0,0,fef77ce3,00,ff010014,00000020,ffffd440,f,00000000,ff010000,0,1,1,0,0,1,1,1,0,0,1,0,0,1,0
1839,1839,0,0,fef77ce3,00,ff010014,00000020,ffffd440,f,00000000,ff010000,0,1,1,0,0,1,1,1,0,0,1,0,0,1,0
1840,1840,0,0,fef77ce3,00,ff010014,00000030,ffffd440,f,00000000,ff010000,0,1,1,0,0,1,1,1,0,0,1,0,0,1,0
1841,1841,0,0,fef77ce3,00,ff010014,0000000d,ffffd440,f,00000000,ff010000,0,1,1,0,0,1,1,1,0,0,1,0,0,1,0
1842,1842,0,0,fef77ce3,00,ff010014,0000000a,ffffd440,f,00000000,ff010000,0,1,1,0,0,1,1,1,0,0,1,0,0,1,0
1843,1843,0,0,fef77ce3,00,ff010014,00000020,ffffd440,f,00000000,ff010000,0,1,1,0,0,1,1,1,0,0,1,0,0,1,0
1844,1844,0,0,fef77ce3,00,ff010014,00000020,ffffd440,f,00000000,ff010000,0,1,1,0,0,1,1,1,0,0,1,0,0,1,0
1845,1845,0,0,fef77ce3,00,ff010014,00000020,ffffd440,f,00000000,ff010000,0,1,1,0,0,1,1,1,0,0,1,0,0,1,0
1846,1846,0,0,fef77ce3,00,ff010014,00000020,ffffd440,f,00000000,ff010000,0,1,1,0,0,1,1,1,0,0,1,0,0,1,0
1847,1847,0,0,fef77ce3,00,ff010014,00000020,ffffd440,f,00000000,ff010000,0,1,1,0,0,1,1,1,0,0,1,0,0,1,0
1848,1848,0,0,fef77ce3,00,ff010014,00000020,ffffd440,f,00000000,ff010000,0,1,1,0,0,1,1,1,0,0,1,0,0,1,0
1849,1849,0,0,fef77ce3,00,ff010014,00000020,ffffd440,f,00000000,ff010000,0,1,1,0,0,1,1,1,0,0,1,0,0,1,0
1850,1850,0,0,fef77ce3,00,ff010014,00000020,ffffd440,f,00000000,ff010000,0,1,1,0,0,1,1,1,0,0,1,0,0,1,0
1851,1851,0,0,fef77ce3,00,ff010014,00000073,ffffd440,f,00000000,ff010000,0,1,1,0,0,1,1,1,0,0,1,0,0,1,0
1852,1852,0,0,fef77ce3,00,ff010014,00000068,ffffd440,f,00000000,ff010000,0,1,1,0,0,1,1,1,0,0,1,0,0,1,0
1853,1853,0,0,fef77ce3,00,ff010014,0000006f,ffffd440,f,00000000,ff010000,0,1,1,0,0,1,1,1,0,0,1,0,0,1,0
1854,1854,0,0,fef77ce3,00,ff010014,00000075,ffffd440,f,00000000,ff010000,0,1,1,0,0,1,1,1,0,0,1,0,0,1,0
1855,1855,0,0,fef77ce3,00,ff010014,0000006c,ffffd440,f,00000000,ff010000,0,1,1,0,0,1,1,1,0,0,1,0,0,1,0
1856,1856,0,0,fef77ce3,00,ff010014,00000064,ffffd440,f,00000000,ff010000,0,1,1,0,0,1,1,1,0,0,1,0,0,1,0
1857,1857,0,0,fef77ce3,00,ff010014,00000020,ffffd440,f,00000000,ff010000,0,1,1,0,0,1,1,1,0,0,1,0,0,1,0
1858,1858,0,0,fef77ce3,00,ff010014,00000062,ffffd440,f,00000000,ff010000,0,1,1,0,0,1,1,1,0,0,1,0,0,1,0
1859,1859,0,0,fef77ce3,00,ff010014,00000065,ffffd440,f,00000000,ff010000,0,1,1,0,0,1,1,1,0,0,1,0,0,1,0
1860,1860,0,0,fef77ce3,00,ff010014,0000003a,ffffd440,f,00000000,ff010000,0,1,1,0,0,1,1,1,0,0,1,0,0,1,0
1861,1861,0,0,fef77ce3,00,ff010014,00000020,ffffd440,f,00000000,ff010000,0,1,1,0,0,1,1,1,0,0,1,0,0,1,0
1862,1862,0,0,fef77ce3,00,ff010014,00000020,ffffd440,f,00000000,ff010000,0,1,1,0,0,1,1,1,0,0,1,0,0,1,0
1863,1863,0,0,fef77ce3,00,ff010014,00000020,ffffd440,f,00000000,ff010000,0,1,1,0,0,1,1,1,0,0,1,0,0,1,0
1864,1864,0,0,fef77ce3,00,ff010014,00000030,ffffd440,f,00000000,ff010000,0,1,1,0,0,1,1,1,0,0,1,0,0,1,0
1865,1865,0,0,fef77ce3,00,ff010014,0000000d,ffffd440,f,00000000,ff010000,0,1,1,0,0,1,1,1,0,0,1,0,0,1,0
1866,1866,0,0,fef77ce3,00,ff010014,0000000a,ffffd440,f,00000000,ff010000,0,1,1,0,0,1,1,1,0,0,1,0,0,1,0
1867,1867,0,0,fef77ce3,00,ff010014,00000020,ffffd440,f,00000000,ff010000,0,1,1,0,0,1,1,1,0,0,1,0,0,1,0
1868,1868,0,0,fef77ce3,00,ff010014,00000020,ffffd440,f,00000000,ff010000,0,1,1,0,0,1,1,1,0,0,1,0,0,1,0
1869,1869,0,0,fef77ce3,00,ff010014,00000045,ffffd440,f,00000000,ff010000,0,1,1,0,0,1,1,1,0,0,1,0,0,1,0
1870,1870,0,0,fef77ce3,00,ff010014,0000006e,ffffd440,f,00000000,ff010000,0,1,1,0,0,1,1,1,0,0,1,0,0,1,0
1871,1871,0,0,fef77ce3,00,ff010014,00000075,ffffd440,f,00000000,ff010000,0,1,1,0,0,1,1,1,0,0,1,0,0,1,0
1872,1872,0,0,fef77ce3,00,ff010014,0000006d,ffffd440,f,00000000,ff010000,0,1,1,0,0,1,1,1,0,0,1,0,0,1,0
1873,1873,0,0,fef77ce3,00,ff010014,0000005f,ffffd440,f,00000000,ff010000,0,1,1,0,0,1,1,1,0,0,1,0,0,1,0
1874,1874,0,0,fef77ce3,00,ff010014,00000043,ffffd440,f,00000000,ff010000,0,1,1,0,0,1,1,1,0,0,1,0,0,1,0
1875,1875,0,0,fef77ce3,00,ff010014,0000006f,ffffd440,f,00000000,ff010000,0,1,1,0,0,1,1,1,0,0,1,0,0,1,0
1876,1876,0,0,fef77ce3,00,ff010014,0000006d,ffffd440,f,00000000,ff010000,0,1,1,0,0,1,1,1,0,0,1,0,0,1,0
1877,1877,0,0,fef77ce3,00,ff010014,00000070,ffffd440,f,00000000,ff010000,0,1,1,0,0,1,1,1,0,0,1,0,0,1,0
1878,1878,0,0,fef77ce3,00,ff010014,0000003a,ffffd440,f,00000000,ff010000,0,1,1,0,0,1,1,1,0,0,1,0,0,1,0
1879,1879,0,0,fef77ce3,00,ff010014,00000020,ffffd440,f,00000000,ff010000,0,1,1,0,0,1,1,1,0,0,1,0,0,1,0
1880,1880,0,0,fef77ce3,00,ff010014,00000020,ffffd440,f,00000000,ff010000,0,1,1,0,0,1,1,1,0,0,1,0,0,1,0
1881,1881,0,0,fef77ce3,00,ff010014,00000020,ffffd440,f,00000000,ff010000,0,1,1,0,0,1,1,1,0,0,1,0,0,1,0
1882,1882,0,0,fef77ce3,00,ff010014,00000020,ffffd440,f,00000000,ff010000,0,1,1,0,0,1,1,1,0,0,1,0,0,1,0
1883,1883,0,0,fef77ce3,00,ff010014,00000020,ffffd440,f,00000000,ff010000,0,1,1,0,0,1,1,1,0,0,1,0,0,1,0
1884,1884,0,0,fef77ce3,00,ff010014,00000020,ffffd440,f,00000000,ff010000,0,1,1,0,0,1,1,1,0,0,1,0,0,1,0
1885,1885,0,0,fef77ce3,00,ff010014,00000020,ffffd440,f,00000000,ff010000,0,1,1,0,0,1,1,1,0,0,1,0,0,1,0
1886,1886,0,0,fef77ce3,00,ff010014,00000020,ffffd440,f,00000000,ff010000,0,1,1,0,0,1,1,1,0,0,1,0,0,1,0
1887,1887,0,0,fef77ce3,00,ff010014,00000020,ffffd440,f,00000000,ff010000,0,1,1,0,0,1,1,1,0,0,1,0,0,1,0
1888,1888,0,0,fef77ce3,00,ff010014,00000032,ffffd440,f,00000000,ff010000,0,1,1,0,0,1,1,1,0,0,1,0,0,1,0
1889,1889,0,0,fef77ce3,00,ff010014,0000000d,ffffd440,f,00000000,ff010000,0,1,1,0,0,1,1,1,0,0,1,0,0,1,0
1890,1890,0,0,fef77ce3,00,ff010014,0000000a,ffffd440,f,00000000,ff010000,0,1,1,0,0,1,1,1,0,0,1,0,0,1,0
1891,1891,0,0,fef77ce3,00,ff010014,00000020,ffffd440,f,00000000,ff010000,0,1,1,0,0,1,1,1,0,0,1,0,0,1,0
1892,1892,0,0,fef77ce3,00,ff010014,00000020,ffffd440,f,00000000,ff010000,0,1,1,0,0,1,1,1,0,0,1,0,0,1,0
1893,1893,0,0,fef77ce3,00,ff010014,00000020,ffffd440,f,00000000,ff010000,0,1,1,0,0,1,1,1,0,0,1,0,0,1,0
1894,1894,0,0,fef77ce3,00,ff010014,00000020,ffffd440,f,00000000,ff010000,0,1,1,0,0,1,1,1,0,0,1,0,0,1,0
1895,1895,0,0,fef77ce3,00,ff010014,00000020,ffffd440,f,00000000,ff010000,0,1,1,0,0,1,1,1,0,0,1,0,0,1,0
1896,1896,0,0,fef77ce3,00,ff010014,00000020,ffffd440,f,00000000,ff010000,0,1,1,0,0,1,1,1,0,0,1,0,0,1,0
1897,1897,0,0,fef77ce3,00,ff010014,00000020,ffffd440,f,00000000,ff010000,0,1,1,0,0,1,1,1,0,0,1,0,0,1,0
1898,1898,0,0,fef77ce3,00,ff010014,00000020,ffffd440,f,00000000,ff010000,0,1,1,0,0,1,1,1,0,0,1,0,0,1,0
1899,1899,0,0,fef77ce3,00,ff010014,00000073,ffffd440,f,00000000,ff010000,0,1,1,0,0,1,1,1,0,0,1,0,0,1,0
1900,1900,0,0,fef77ce3,00,ff010014,00000068,ffffd440,f,00000000,ff010000,0,1,1,0,0,1,1,1,0,0,1,0,0,1,0
1901,1901,0,0,fef77ce3,00,ff010014,0000006f,ffffd440,f,00000000,ff010000,0,1,1,0,0,1,1,1,0,0,1,0,0,1,0
1902,1902,0,0,fef77ce3,00,ff010014,00000075,ffffd440,f,00000000,ff010000,0,1,1,0,0,1,1,1,0,0,1,0,0,1,0
1903,1903,0,0,fef77ce3,00,ff010014,0000006c,ffffd440,f,00000000,ff010000,0,1,1,0,0,1,1,1,0,0,1,0,0,1,0
1904,1904,0,0,fef77ce3,00,ff010014,00000064,ffffd440,f,00000000,ff010000,0,1,1,0,0,1,1,1,0,0,1,0,0,1,0
1905,1905,0,0,fef77ce3,00,ff010014,00000020,ffffd440,f,00000000,ff010000,0,1,1,0,0,1,1,1,0,0,1,0,0,1,0
1906,1906,0,0,fef77ce3,00,ff010014,00000062,ffffd440,f,00000000,ff010000,0,1,1,0,0,1,1,1,0,0,1,0,0,1,0
1907,1907,0,0,fef77ce3,00,ff010014,00000065,ffffd440,f,00000000,ff010000,0,1,1,0,0,1,1,1,0,0,1,0,0,1,0
1908,1908,0,0,fef77ce3,00,ff010014,0000003a,ffffd440,f,00000000,ff010000,0,1,1,0,0,1,1,1,0,0,1,0,0,1,0
1909,1909,0,0,fef77ce3,00,ff010014,00000020,ffffd440,f,00000000,ff010000,0,1,1,0,0,1,1,1,0,0,1,0,0,1,0
1910,1910,0,0,fef77ce3,00,ff010014,00000020,ffffd440,f,00000000,ff010000,0,1,1,0,0,1,1,1,0,0,1,0,0,1,0
1911,1911,0,0,fef77ce3,00,ff010014,00000020,ffffd440,f,00000000,ff010000,0,1,1,0,0,1,1,1,0,0,1,0,0,1,0
1912,1912,0,0,fef77ce3,00,ff010014,00000032,ffffd440,f,00000000,ff010000,0,1,1,0,0,1,1,1,0,0,1,0,0,1,0
1913,1913,0,0,fef77ce3,00,ff010014,0000000d,ffffd440,f,00000000,ff010000,0,1,1,0,0,1,1,1,0,0,1,0,0,1,0
1914,1914,0,0,fef77ce3,00,ff010014,0000000a,ffffd440,f,00000000,ff010000,0,1,1,0,0,1,1,1,0,0,1,0,0,1,0
1915,1915,0,0,fef77ce3,00,ff010014,00000020,ffffd440,f,00000000,ff010000,0,1,1,0,0,1,1,1,0,0,1,0,0,1,0
1916,1916,0,0,fef77ce3,00,ff010014,00000020,ffffd440,f,00000000,ff010000,0,1,1,0,0,1,1,1,0,0,1,0,0,1,0
1917,1917,0,0,fef77ce3,00,ff010014,00000049,ffffd440,f,00000000,ff010000,0,1,1,0,0,1,1,1,0,0,1,0,0,1,0
1918,1918,0,0,fef77ce3,00,ff010014,0000006e,ffffd440,f,00000000,ff010000,0,1,1,0,0,1,1,1,0,0,1,0,0,1,0
1919,1919,0,0,fef77ce3,00,ff010014,00000074,ffffd440,f,00000000,ff010000,0,1,1,0,0,1,1,1,0,0,1,0,0,1,0
1920,1920,0,0,fef77ce3,00,ff010014,0000005f,ffffd440,f,00000000,ff010000,0,1,1,0,0,1,1,1,0,0,1,0,0,1,0
1921,1921,0,0,fef77ce3,00,ff010014,00000043,ffffd440,f,00000000,ff010000,0,1,1,0,0,1,1,1,0,0,1,0,0,1,0
1922,1922,0,0,fef77ce3,00,ff010014,0000006f,ffffd440,f,00000000,ff010000,0,1,1,0,0,1,1,1,0,0,1,0,0,1,0
1923,1923,0,0,fef77ce3,00,ff010014,0000006d,ffffd440,f,00000000,ff010000,0,1,1,0,0,1,1,1,0,0,1,0,0,1,0
1924,1924,0,0,fef77ce3,00,ff010014,00000070,ffffd440,f,00000000,ff010000,0,1,1,0,0,1,1,1,0,0,1,0,0,1,0
1925,1925,0,0,fef77ce3,00,ff010014,0000003a,ffffd440,f,00000000,ff010000,0,1,1,0,0,1,1,1,0,0,1,0,0,1,0
1926,1926,0,0,fef77ce3,00,ff010014,00000020,ffffd440,f,00000000,ff010000,0,1,1,0,0,1,1,1,0,0,1,0,0,1,0
1927,1927,0,0,fef77ce3,00,ff010014,00000020,ffffd440,f,00000000,ff010000,0,1,1,0,0,1,1,1,0,0,1,0,0,1,0
1928,1928,0,0,fef77ce3,00,ff010014,00000020,ffffd440,f,00000000,ff010000,0,1,1,0,0,1,1,1,0,0,1,0,0,1,0
1929,1929,0,0,fef77ce3,00,ff010014,00000020,ffffd440,f,00000000,ff010000,0,1,1,0,0,1,1,1,0,0,1,0,0,1,0
1930,1930,0,0,fef77ce3,00,ff010014,00000020,ffffd440,f,00000000,ff010000,0,1,1,0,0,1,1,1,0,0,1,0,0,1,0
1931,1931,0,0,fef77ce3,00,ff010014,00000020,ffffd440,f,00000000,ff010000,0,1,1,0,0,1,1,1,0,0,1,0,0,1,0
1932,1932,0,0,fef77ce3,00,ff010014,00000020,ffffd440,f,00000000,ff010000,0,1,1,0,0,1,1,1,0,0,1,0,0,1,0
1933,1933,0,0,fef77ce3,00,ff010014,00000020,ffffd440,f,00000000,ff010000,0,1,1,0,0,1,1,1,0,0,1,0,0,1,0
1934,1934,0,0,fef77ce3,00,ff010014,00000020,ffffd440,f,00000000,ff010000,0,1,1,0,0,1,1,1,0,0,1,0,0,1,0
1935,1935,0,0,fef77ce3,00,ff010014,00000020,ffffd440,f,00000000,ff010000,0,1,1,0,0,1,1,1,0,0,1,0,0,1,0
1936,1936,0,0,fef77ce3,00,ff010014,00000031,ffffd440,f,00000000,ff010000,0,1,1,0,0,1,1,1,0,0,1,0,0,1,0
1937,1937,0,0,fef77ce3,00,ff010014,00000037,ffffd440,f,00000000,ff010000,0,1,1,0,0,1,1,1,0,0,1,0,0,1,0
1938,1938,0,0,fef77ce3,00,ff010014,0000000d,ffffd440,f,00000000,ff010000,0,1,1,0,0,1,1,1,0,0,1,0,0,1,0
1939,1939,0,0,fef77ce3,00,ff010014,0000000a,ffffd440,f,00000000,ff010000,0,1,1,0,0,1,1,1,0,0,1,0,0,1,0
1940,1940,0,0,fef77ce3,00,ff010014,00000020,ffffd440,f,00000000,ff010000,0,1,1,0,0,1,1,1,0,0,1,0,0,1,0
1941,1941,0,0,fef77ce3,00,ff010014,00000020,ffffd440,f,00000000,ff010000,0,1,1,0,0,1,1,1,0,0,1,0,0,1,0
1942,1942,0,0,fef77ce3,00,ff010014,00000020,ffffd440,f,00000000,ff010000,0,1,1,0,0,1,1,1,0,0,1,0,0,1,0
1943,1943,0,0,fef77ce3,00,ff010014,00000020,ffffd440,f,00000000,ff010000,0,1,1,0,0,1,1,1,0,0,1,0,0,1,0
1944,1944,0,0,fef77ce3,00,ff010014,00000020,ffffd440,f,00000000,ff010000,0,1,1,0,0,1,1,1,0,0,1,0,0,1,0
1945,1945,0,0,fef77ce3,00,ff010014,00000020,ffffd440,f,00000000,ff010000,0,1,1,0,0,1,1,1,0,0,1,0,0,1,0
1946,1946,0,0,fef77ce3,00,ff010014,00000020,ffffd440,f,00000000,ff010000,0,1,1,0,0,1,1,1,0,0,1,0,0,1,0
1947,1947,0,0,fef77ce3,00,ff010014,00000020,ffffd440,f,00000000,ff010000,0,1,1,0,0,1,1,1,0,0,1,0,0,1,0
1948,1948,0,0,fef77ce3,00,ff010014,00000073,ffffd440,f,00000000,ff010000,0,1,1,0,0,1,1,1,0,0,1,0,0,1,0
1949,1949,0,0,fef77ce3,00,ff010014,00000068,ffffd440,f,00000000,ff010000,0,1,1,0,0,1,1,1,0,0,1,0,0,1,0
1950,1950,0,0,fef77ce3,00,ff010014,0000006f,ffffd440,f,00000000,ff010000,0,1,1,0,0,1,1,1,0,0,1,0,0,1,0
1951,1951,0,0,fef77ce3,00,ff010014,00000075,ffffd440,f,00000000,ff010000,0,1,1,0,0,1,1,1,0,0,1,0,0,1,0
1952,1952,0,0,fef77ce3,00,ff010014,0000006c,ffffd440,f,00000000,ff010000,0,1,1,0,0,1,1,1,0,0,1,0,0,1,0
1953,1953,0,0,fef77ce3,00,ff010014,00000064,ffffd440,f,00000000,ff010000,0,1,1,0,0,1,1,1,0,0,1,0,0,1,0
1954,1954,0,0,fef77ce3,00,ff010014,00000020,ffffd440,f,00000000,ff010000,0,1,1,0,0,1,1,1,0,0,1,0,0,1,0
1955,1955,0,0,fef77ce3,00,ff010014,00000062,ffffd440,f,00000000,ff010000,0,1,1,0,0,1,1,1,0,0,1,0,0,1,0
1956,1956,0,0,fef77ce3,00,ff010014,00000065,ffffd440,f,00000000,ff010000,0,1,1,0,0,1,1,1,0,0,1,0,0,1,0
1957,1957,0,0,fef77ce3,00,ff010014,0000003a,ffffd440,f,00000000,ff010000,0,1,1,0,0,1,1,1,0,0,1,0,0,1,0
1958,1958,0,0,fef77ce3,00,ff010014,00000020,ffffd440,f,00000000,ff010000,0,1,1,0,0,1,1,1,0,0,1,0,0,1,0
1959,1959,0,0,fef77ce3,00,ff010014,00000020,ffffd440,f,00000000,ff010000,0,1,1,0,0,1,1,1,0,0,1,0,0,1,0
1960,1960,0,0,fef77ce3,00,ff010014,00000020,ffffd440,f,00000000,ff010000,0,1,1,0,0,1,1,1,0,0,1,0,0,1,0
1961,1961,0,0,fef77ce3,00,ff010014,00000031,ffffd440,f,00000000,ff010000,0,1,1,0,0,1,1,1,0,0,1,0,0,1,0
1962,1962,0,0,fef77ce3,00,ff010014,00000037,ffffd440,f,00000000,ff010000,0,1,1,0,0,1,1,1,0,0,1,0,0,1,0
1963,1963,0,0,fef77ce3,00,ff010014,0000000d,ffffd440,f,00000000,ff010000,0,1,1,0,0,1,1,1,0,0,1,0,0,1,0
1964,1964,0,0,fef77ce3,00,ff010014,0000000a,ffffd440,f,00000000,ff010000,0,1,1,0,0,1,1,1,0,0,1,0,0,1,0
1965,1965,0,0,fef77ce3,00,ff010014,00000020,ffffd440,f,00000000,ff010000,0,1,1,0,0,1,1,1,0,0,1,0,0,1,0
1966,1966,0,0,fef77ce3,00,ff010014,00000020,ffffd440,f,00000000,ff010000,0,1,1,0,0,1,1,1,0,0,1,0,0,1,0
1967,1967,0,0,fef77ce3,00,ff010014,00000053,ffffd440,f,00000000,ff010000,0,1,1,0,0,1,1,1,0,0,1,0,0,1,0
1968,1968,0,0,fef77ce3,00,ff010014,00000074,ffffd440,f,00000000,ff010000,0,1,1,0,0,1,1,1,0,0,1,0,0,1,0
1969,1969,0,0,fef77ce3,00,ff010014,00000072,ffffd440,f,00000000,ff010000,0,1,1,0,0,1,1,1,0,0,1,0,0,1,0
1970,1970,0,0,fef77ce3,00,ff010014,0000005f,ffffd440,f,00000000,ff010000,0,1,1,0,0,1,1,1,0,0,1,0,0,1,0
1971,1971,0,0,fef77ce3,00,ff010014,00000043,ffffd440,f,00000000,ff010000,0,1,1,0,0,1,1,1,0,0,1,0,0,1,0
1972,1972,0,0,fef77ce3,00,ff010014,0000006f,ffffd440,f,00000000,ff010000,0,1,1,0,0,1,1,1,0,0,1,0,0,1,0
1973,1973,0,0,fef77ce3,00,ff010014,0000006d,ffffd440,f,00000000,ff010000,0,1,1,0,0,1,1,1,0,0,1,0,0,1,0
1974,1974,0,0,fef77ce3,00,ff010014,00000070,ffffd440,f,00000000,ff010000,0,1,1,0,0,1,1,1,0,0,1,0,0,1,0
1975,1975,0,0,fef77ce3,00,ff010014,0000003a,ffffd440,f,00000000,ff010000,0,1,1,0,0,1,1,1,0,0,1,0,0,1,0
1976,1976,0,0,fef77ce3,00,ff010014,00000020,ffffd440,f,00000000,ff010000,0,1,1,0,0,1,1,1,0,0,1,0,0,1,0
1977,1977,0,0,fef77ce3,00,ff010014,00000020,ffffd440,f,00000000,ff010000,0,1,1,0,0,1,1,1,0,0,1,0,0,1,0
1978,1978,0,0,fef77ce3,00,ff010014,00000020,ffffd440,f,00000000,ff010000,0,1,1,0,0,1,1,1,0,0,1,0,0,1,0
1979,1979,0,0,fef77ce3,00,ff010014,00000020,ffffd440,f,00000000,ff010000,0,1,1,0,0,1,1,1,0,0,1,0,0,1,0
1980,1980,0,0,fef77ce3,00,ff010014,00000020,ffffd440,f,00000000,ff010000,0,1,1,0,0,1,1,1,0,0,1,0,0,1,0
1981,1981,0,0,fef77ce3,00,ff010014,00000020,ffffd440,f,00000000,ff010000,0,1,1,0,0,1,1,1,0,0,1,0,0,1,0
1982,1982,0,0,fef77ce3,00,ff010014,00000020,ffffd440,f,00000000,ff010000,0,1,1,0,0,1,1,1,0,0,1,0,0,1,0
1983,1983,0,0,fef77ce3,00,ff010014,00000020,ffffd440,f,00000000,ff010000,0,1,1,0,0,1,1,1,0,0,1,0,0,1,0
1984,1984,0,0,fef77ce3,00,ff010014,00000020,ffffd440,f,00000000,ff010000,0,1,1,0,0,1,1,1,0,0,1,0,0,1,0
1985,1985,0,0,fef77ce3,00,ff010014,00000020,ffffd440,f,00000000,ff010000,0,1,1,0,0,1,1,1,0,0,1,0,0,1,0
1986,1986,0,0,fef77ce3,00,ff010014,00000044,ffffd440,f,00000000,ff010000,0,1,1,0,0,1,1,1,0,0,1,0,0,1,0
1987,1987,0,0,fef77ce3,00,ff010014,00000048,ffffd440,f,00000000,ff010000,0,1,1,0,0,1,1,1,0,0,1,0,0,1,0
1988,1988,0,0,fef77ce3,00,ff010014,00000052,ffffd440,f,00000000,ff010000,0,1,1,0,0,1,1,1,0,0,1,0,0,1,0
1989,1989,0,0,fef77ce3,00,ff010014,00000059,ffffd440,f,00000000,ff010000,0,1,1,0,0,1,1,1,0,0,1,0,0,1,0
1990,1990,0,0,fef77ce3,00,ff010014,00000053,ffffd440,f,00000000,ff010000,0,1,1,0,0,1,1,1,0,0,1,0,0,1,0
1991,1991,0,0,fef77ce3,00,ff010014,00000054,ffffd440,f,00000000,ff010000,0,1,1,0,0,1,1,1,0,0,1,0,0,1,0
1992,1992,0,0,fef77ce3,00,ff010014,0000004f,ffffd440,f,00000000,ff010000,0,1,1,0,0,1,1,1,0,0,1,0,0,1,0
1993,1993,0,0,fef77ce3,00,ff010014,0000004e,ffffd440,f,00000000,ff010000,0,1,1,0,0,1,1,1,0,0,1,0,0,1,0
1994,1994,0,0,fef77ce3,00,ff010014,00000045,ffffd440,f,00000000,ff010000,0,1,1,0,0,1,1,1,0,0,1,0,0,1,0
1995,1995,0,0,fef77ce3,00,ff010014,00000020,ffffd440,f,00000000,ff010000,0,1,1,0,0,1,1,1,0,0,1,0,0,1,0
1996,1996,0,0,fef77ce3,00,ff010014,00000050,ffffd440,f,00000000,ff010000,0,1,1,0,0,1,1,1,0,0,1,0,0,1,0
1997,1997,0,0,fef77ce3,00,ff010014,00000052,ffffd440,f,00000000,ff010000,0,1,1,0,0,1,1,1,0,0,1,0,0,1,0
1998,1998,0,0,fef77ce3,00,ff010014,0000004f,ffffd440,f,00000000,ff010000,0,1,1,0,0,1,1,1,0,0,1,0,0,1,0
1999,1999,0,0,fef77ce3,00,ff010014,00000047,ffffd440,f,00000000,ff010000,0,1,1,0,0,1,1,1,0,0,1,0,0,1,0
2000,2000,0,0,fef77ce3,00,ff010014,00000052,ffffd440,f,00000000,ff010000,0,1,1,0,0,1,1,1,0,0,1,0,0,1,0
2001,2001,0,0,fef77ce3,00,ff010014,00000041,ffffd440,f,00000000,ff010000,0,1,1,0,0,1,1,1,0,0,1,0,0,1,0
2002,2002,0,0,fef77ce3,00,ff010014,0000004d,ffffd440,f,00000000,ff010000,0,1,1,0,0,1,1,1,0,0,1,0,0,1,0
2003,2003,0,0,fef77ce3,00,ff010014,0000002c,ffffd440,f,00000000,ff010000,0,1,1,0,0,1,1,1,0,0,1,0,0,1,0
2004,2004,0,0,fef77ce3,00,ff010014,00000020,ffffd440,f,00000000,ff010000,0,1,1,0,0,1,1,1,0,0,1,0,0,1,0
2005,2005,0,0,fef77ce3,00,ff010014,00000053,ffffd440,f,00000000,ff010000,0,1,1,0,0,1,1,1,0,0,1,0,0,1,0
2006,2006,0,0,fef77ce3,00,ff010014,0000004f,ffffd440,f,00000000,ff010000,0,1,1,0,0,1,1,1,0,0,1,0,0,1,0
2007,2007,0,0,fef77ce3,00,ff010014,0000004d,ffffd440,f,00000000,ff010000,0,1,1,0,0,1,1,1,0,0,1,0,0,1,0
2008,2008,0,0,fef77ce3,00,ff010014,00000045,ffffd440,f,00000000,ff010000,0,1,1,0,0,1,1,1,0,0,1,0,0,1,0
2009,2009,0,0,fef77ce3,00,ff010014,00000020,ffffd440,f,00000000,ff010000,0,1,1,0,0,1,1,1,0,0,1,0,0,1,0
2010,2010,0,0,fef77ce3,00,ff010014,00000053,ffffd440,f,00000000,ff010000,0,1,1,0,0,1,1,1,0,0,1,0,0,1,0
2011,2011,0,0,fef77ce3,00,ff010014,00000054,ffffd440,f,00000000,ff010000,0,1,1,0,0,1,1,1,0,0,1,0,0,1,0
2012,2012,0,0,fef77ce3,00,ff010014,00000052,ffffd440,f,00000000,ff010000,0,1,1,0,0,1,1,1,0,0,1,0,0,1,0
2013,2013,0,0,fef77ce3,00,ff010014,00000049,ffffd440,f,00000000,ff010000,0,1,1,0,0,1,1,1,0,0,1,0,0,1,0
2014,2014,0,0,fef77ce3,00,ff010014,0000004e,ffffd440,f,00000000,ff010000,0,1,1,0,0,1,1,1,0,0,1,0,0,1,0
2015,2015,0,0,fef77ce3,00,ff010014,00000047,ffffd440,f,00000000,ff010000,0,1,1,0,0,1,1,1,0,0,1,0,0,1,0
2016,2016,0,0,fef77ce3,00,ff010014,0000000d,ffffd440,f,00000000,ff010000,0,1,1,0,0,1,1,1,0,0,1,0,0,1,0
2017,2017,0,0,fef77ce3,00,ff010014,0000000a,ffffd440,f,00000000,ff010000,0,1,1,0,0,1,1,1,0,0,1,0,0,1,0
2018,2018,0,0,fef77ce3,00,ff010014,00000020,ffffd440,f,00000000,ff010000,0,1,1,0,0,1,1,1,0,0,1,0,0,1,0
2019,2019,0,0,fef77ce3,00,ff010014,00000020,ffffd440,f,00000000,ff010000,0,1,1,0,0,1,1,1,0,0,1,0,0,1,0
2020,2020,0,0,fef77ce3,00,ff010014,00000020,ffffd440,f,00000000,ff010000,0,1,1,0,0,1,1,1,0,0,1,0,0,1,0
2021,2021,0,0,fef77ce3,00,ff010014,00000020,ffffd440,f,00000000,ff010000,0,1,1,0,0,1,1,1,0,0,1,0,0,1,0
2022,2022,0,0,fef77ce3,00,ff010014,00000020,ffffd440,f,00000000,ff010000,0,1,1,0,0,1,1,1,0,0,1,0,0,1,0
2023,2023,0,0,fef77ce3,00,ff010014,00000020,ffffd440,f,00000000,ff010000,0,1,1,0,0,1,1,1,0,0,1,0,0,1,0
2024,2024,0,0,fef77ce3,00,ff010014,00000020,ffffd440,f,00000000,ff010000,0,1,1,0,0,1,1,1,0,0,1,0,0,1,0
2025,2025,0,0,fef77ce3,00,ff010014,00000020,ffffd440,f,00000000,ff010000,0,1,1,0,0,1,1,1,0,0,1,0,0,1,0
2026,2026,0,0,fef77ce3,00,ff010014,00000073,ffffd440,f,00000000,ff010000,0,1,1,0,0,1,1,1,0,0,1,0,0,1,0
2027,2027,0,0,fef77ce3,00,ff010014,00000068,ffffd440,f,00000000,ff010000,0,1,1,0,0,1,1,1,0,0,1,0,0,1,0
2028,2028,0,0,fef77ce3,00,ff010014,0000006f,ffffd440,f,00000000,ff010000,0,1,1,0,0,1,1,1,0,0,1,0,0,1,0
2029,2029,0,0,fef77ce3,00,ff010014,00000075,ffffd440,f,00000000,ff010000,0,1,1,0,0,1,1,1,0,0,1,0,0,1,0
2030,2030,0,0,fef77ce3,00,ff010014,0000006c,ffffd440,f,00000000,ff010000,0,1,1,0,0,1,1,1,0,0,1,0,0,1,0
2031,2031,0,0,fef77ce3,00,ff010014,00000064,ffffd440,f,00000000,ff010000,0,1,1,0,0,1,1,1,0,0,1,0,0,1,0
2032,2032,0,0,fef77ce3,00,ff010014,00000020,ffffd440,f,00000000,ff010000,0,1,1,0,0,1,1,1,0,0,1,0,0,1,0
2033,2033,0,0,fef77ce3,00,ff010014,00000062,ffffd440,f,00000000,ff010000,0,1,1,0,0,1,1,1,0,0,1,0,0,1,0
2034,2034,0,0,fef77ce3,00,ff010014,00000065,ffffd440,f,00000000,ff010000,0,1,1,0,0,1,1,1,0,0,1,0,0,1,0
2035,2035,0,0,fef77ce3,00,ff010014,0000003a,ffffd440,f,00000000,ff010000,0,1,1,0,0,1,1,1,0,0,1,0,0,1,0
2036,2036,0,0,fef77ce3,00,ff010014,00000020,ffffd440,f,00000000,ff010000,0,1,1,0,0,1,1,1,0,0,1,0,0,1,0
2037,2037,0,0,fef77ce3,00,ff010014,00000020,ffffd440,f,00000000,ff010000,0,1,1,0,0,1,1,1,0,0,1,0,0,1,0
2038,2038,0,0,fef77ce3,00,ff010014,00000020,ffffd440,f,00000000,ff010000,0,1,1,0,0,1,1,1,0,0,1,0,0,1,0
2039,2039,0,0,fef77ce3,00,ff010014,00000044,ffffd440,f,00000000,ff010000,0,1,1,0,0,1,1,1,0,0,1,0,0,1,0
2040,2040,0,0,fef77ce3,00,ff010014,00000048,ffffd440,f,00000000,ff010000,0,1,1,0,0,1,1,1,0,0,1,0,0,1,0
2041,2041,0,0,fef77ce3,00,ff010014,00000052,ffffd440,f,00000000,ff010000,0,1,1,0,0,1,1,1,0,0,1,0,0,1,0
2042,2042,0,0,fef77ce3,00,ff010014,00000059,ffffd440,f,00000000,ff010000,0,1,1,0,0,1,1,1,0,0,1,0,0,1,0
2043,2043,0,0,fef77ce3,00,ff010014,00000053,ffffd440,f,00000000,ff010000,0,1,1,0,0,1,1,1,0,0,1,0,0,1,0
2044,2044,0,0,fef77ce3,00,ff010014,00000054,ffffd440,f,00000000,ff010000,0,1,1,0,0,1,1,1,0,0,1,0,0,1,0
2045,2045,0,0,fef77ce3,00,ff010014,0000004f,ffffd440,f,00000000,ff010000,0,1,1,0,0,1,1,1,0,0,1,0,0,1,0
2046,2046,0,0,fef77ce3,00,ff010014,0000004e,ffffd440,f,00000000,ff010000,0,1,1,0,0,1,1,1,0,0,1,0,0,1,0
2047,2047,0,0,fef77ce3,00,ff010014,00000045,ffffd440,f,00000000,ff010000,0,1,1,0,0,1,1,1,0,0,1,0,0,1,0
2048,2048,0,0,fef77ce3,00,ff010014,00000020,ffffd440,f,00000000,ff010000,0,1,1,0,0,1,1,1,0,0,1,0,0,1,0
2049,2049,0,0,fef77ce3,00,ff010014,00000050,ffffd440,f,00000000,ff010000,0,1,1,0,0,1,1,1,0,0,1,0,0,1,0
2050,2050,0,0,fef77ce3,00,ff010014,00000052,ffffd440,f,00000000,ff010000,0,1,1,0,0,1,1,1,0,0,1,0,0,1,0
2051,2051,0,0,fef77ce3,00,ff010014,0000004f,ffffd440,f,00000000,ff010000,0,1,1,0,0,1,1,1,0,0,1,0,0,1,0
2052,2052,0,0,fef77ce3,00,ff010014,00000047,ffffd440,f,00000000,ff010000,0,1,1,0,0,1,1,1,0,0,1,0,0,1,0
2053,2053,0,0,fef77ce3,00,ff010014,00000052,ffffd440,f,00000000,ff010000,0,1,1,0,0,1,1,1,0,0,1,0,0,1,0
2054,2054,0,0,fef77ce3,00,ff010014,00000041,ffffd440,f,00000000,ff010000,0,1,1,0,0,1,1,1,0,0,1,0,0,1,0
2055,2055,0,0,fef77ce3,00,ff010014,0000004d,ffffd440,f,00000000,ff010000,0,1,1,0,0,1,1,1,0,0,1,0,0,1,0
2056,2056,0,0,fef77ce3,00,ff010014,0000002c,ffffd440,f,00000000,ff010000,0,1,1,0,0,1,1,1,0,0,1,0,0,1,0
2057,2057,0,0,fef77ce3,00,ff010014,00000020,ffffd440,f,00000000,ff010000,0,1,1,0,0,1,1,1,0,0,1,0,0,1,0
2058,2058,0,0,fef77ce3,00,ff010014,00000053,ffffd440,f,00000000,ff010000,0,1,1,0,0,1,1,1,0,0,1,0,0,1,0
2059,2059,0,0,fef77ce3,00,ff010014,0000004f,ffffd440,f,00000000,ff010000,0,1,1,0,0,1,1,1,0,0,1,0,0,1,0
2060,2060,0,0,fef77ce3,00,ff010014,0000004d,ffffd440,f,00000000,ff010000,0,1,1,0,0,1,1,1,0,0,1,0,0,1,0
2061,2061,0,0,fef77ce3,00,ff010014,00000045,ffffd440,f,00000000,ff010000,0,1,1,0,0,1,1,1,0,0,1,0,0,1,0
2062,2062,0,0,fef77ce3,00,ff010014,00000020,ffffd440,f,00000000,ff010000,0,1,1,0,0,1,1,1,0,0,1,0,0,1,0
2063,2063,0,0,fef77ce3,00,ff010014,00000053,ffffd440,f,00000000,ff010000,0,1,1,0,0,1,1,1,0,0,1,0,0,1,0
2064,2064,0,0,fef77ce3,00,ff010014,00000054,ffffd440,f,00000000,ff010000,0,1,1,0,0,1,1,1,0,0,1,0,0,1,0
2065,2065,0,0,fef77ce3,00,ff010014,00000052,ffffd440,f,00000000,ff010000,0,1,1,0,0,1,1,1,0,0,1,0,0,1,0
2066,2066,0,0,fef77ce3,00,ff010014,00000049,ffffd440,f,00000000,ff010000,0,1,1,0,0,1,1,1,0,0,1,0,0,1,0
2067,2067,0,0,fef77ce3,00,ff010014,0000004e,ffffd440,f,00000000,ff010000,0,1,1,0,0,1,1,1,0,0,1,0,0,1,0
2068,2068,0,0,fef77ce3,00,ff010014,00000047,ffffd440,f,00000000,ff010000,0,1,1,0,0,1,1,1,0,0,1,0,0,1,0
2069,2069,0,0,fef77ce3,00,ff010014,0000000d,ffffd440,f,00000000,ff010000,0,1,1,0,0,1,1,1,0,0,1,0,0,1,0
2070,2070,0,0,fef77ce3,00,ff010014,0000000a,ffffd440,f,00000000,ff010000,0,1,1,0,0,1,1,1,0,0,1,0,0,1,0
2071,2071,0,0,fef77ce3,00,ff010014,0000004e,ffffd440,f,00000000,ff010000,0,1,1,0,0,1,1,1,0,0,1,0,0,1,0
2072,2072,0,0,fef77ce3,00,ff010014,00000065,ffffd440,f,00000000,ff010000,0,1,1,0,0,1,1,1,0,0,1,0,0,1,0
2073,2073,0,0,fef77ce3,00,ff010014,00000078,ffffd440,f,00000000,ff010000,0,1,1,0,0,1,1,1,0,0,1,0,0,1,0
2074,2074,0,0,fef77ce3,00,ff010014,00000074,ffffd440,f,00000000,ff010000,0,1,1,0,0,1,1,1,0,0,1,0,0,1,0
2075,2075,0,0,fef77ce3,00,ff010014,0000005f,ffffd440,f,00000000,ff010000,0,1,1,0,0,1,1,1,0,0,1,0,0,1,0
2076,2076,0,0,fef77ce3,00,ff010014,00000050,ffffd440,f,00000000,ff010000,0,1,1,0,0,1,1,1,0,0,1,0,0,1,0
2077,2077,0,0,fef77ce3,00,ff010014,00000074,ffffd440,f,00000000,ff010000,0,1,1,0,0,1,1,1,0,0,1,0,0,1,0
2078,2078,0,0,fef77ce3,00,ff010014,00000072,ffffd440,f,00000000,ff010000,0,1,1,0,0,1,1,1,0,0,1,0,0,1,0
2079,2079,0,0,fef77ce3,00,ff010014,0000005f,ffffd440,f,00000000,ff010000,0,1,1,0,0,1,1,1,0,0,1,0,0,1,0
2080,2080,0,0,fef77ce3,00,ff010014,00000047,ffffd440,f,00000000,ff010000,0,1,1,0,0,1,1,1,0,0,1,0,0,1,0
2081,2081,0,0,fef77ce3,00,ff010014,0000006c,ffffd440,f,00000000,ff010000,0,1,1,0,0,1,1,1,0,0,1,0,0,1,0
2082,2082,0,0,fef77ce3,00,ff010014,0000006f,ffffd440,f,00000000,ff010000,0,1,1,0,0,1,1,1,0,0,1,0,0,1,0
2083,2083,0,0,fef77ce3,00,ff010014,00000062,ffffd440,f,00000000,ff010000,0,1,1,0,0,1,1,1,0,0,1,0,0,1,0
2084,2084,0,0,fef77ce3,00,ff010014,0000002d,ffffd440,f,00000000,ff010000,0,1,1,0,0,1,1,1,0,0,1,0,0,1,0
2085,2085,0,0,fef77ce3,00,ff010014,0000003e,ffffd440,f,00000000,ff010000,0,1,1,0,0,1,1,1,0,0,1,0,0,1,0
2086,2086,0,0,fef77ce3,00,ff010014,0000000d,ffffd440,f,00000000,ff010000,0,1,1,0,0,1,1,1,0,0,1,0,0,1,0
2087,2087,0,0,fef77ce3,00,ff010014,0000000a,ffffd440,f,00000000,ff010000,0,1,1,0,0,1,1,1,0,0,1,0,0,1,0
2088,2088,0,0,fef77ce3,00,ff010014,00000020,ffffd440,f,00000000,ff010000,0,1,1,0,0,1,1,1,0,0,1,0,0,1,0
2089,2089,0,0,fef77ce3,00,ff010014,00000020,ffffd440,f,00000000,ff010000,0,1,1,0,0,1,1,1,0,0,1,0,0,1,0
2090,2090,0,0,fef77ce3,00,ff010014,00000050,ffffd440,f,00000000,ff010000,0,1,1,0,0,1,1,1,0,0,1,0,0,1,0
2091,2091,0,0,fef77ce3,00,ff010014,00000074,ffffd440,f,00000000,ff010000,0,1,1,0,0,1,1,1,0,0,1,0,0,1,0
2092,2092,0,0,fef77ce3,00,ff010014,00000072,ffffd440,f,00000000,ff010000,0,1,1,0,0,1,1,1,0,0,1,0,0,1,0
2093,2093,0,0,fef77ce3,00,ff010014,0000005f,ffffd440,f,00000000,ff010000,0,1,1,0,0,1,1,1,0,0,1,0,0,1,0
2094,2094,0,0,fef77ce3,00,ff010014,00000043,ffffd440,f,00000000,ff010000,0,1,1,0,0,1,1,1,0,0,1,0,0,1,0
2095,2095,0,0,fef77ce3,00,ff010014,0000006f,ffffd440,f,00000000,ff010000,0,1,1,0,0,1,1,1,0,0,1,0,0,1,0
2096,2096,0,0,fef77ce3,00,ff010014,0000006d,ffffd440,f,00000000,ff010000,0,1,1,0,0,1,1,1,0,0,1,0,0,1,0
2097,2097,0,0,fef77ce3,00,ff010014,00000070,ffffd440,f,00000000,ff010000,0,1,1,0,0,1,1,1,0,0,1,0,0,1,0
2098,2098,0,0,fef77ce3,00,ff010014,0000003a,ffffd440,f,00000000,ff010000,0,1,1,0,0,1,1,1,0,0,1,0,0,1,0
2099,2099,0,0,fef77ce3,00,ff010014,00000020,ffffd440,f,00000000,ff010000,0,1,1,0,0,1,1,1,0,0,1,0,0,1,0
2100,2100,0,0,fef77ce3,00,ff010014,00000020,ffffd440,f,00000000,ff010000,0,1,1,0,0,1,1,1,0,0,1,0,0,1,0
2101,2101,0,0,fef77ce3,00,ff010014,00000020,ffffd440,f,00000000,ff010000,0,1,1,0,0,1,1,1,0,0,1,0,0,1,0
2102,2102,0,0,fef77ce3,00,ff010014,00000020,ffffd440,f,00000000,ff010000,0,1,1,0,0,1,1,1,0,0,1,0,0,1,0
2103,2103,0,0,fef77ce3,00,ff010014,00000020,ffffd440,f,00000000,ff010000,0,1,1,0,0,1,1,1,0,0,1,0,0,1,0
2104,2104,0,0,fef77ce3,00,ff010014,00000020,ffffd440,f,00000000,ff010000,0,1,1,0,0,1,1,1,0,0,1,0,0,1,0
2105,2105,0,0,fef77ce3,00,ff010014,00000020,ffffd440,f,00000000,ff010000,0,1,1,0,0,1,1,1,0,0,1,0,0,1,0
2106,2106,0,0,fef77ce3,00,ff010014,00000020,ffffd440,f,00000000,ff010000,0,1,1,0,0,1,1,1,0,0,1,0,0,1,0
2107,2107,0,0,fef77ce3,00,ff010014,00000020,ffffd440,f,00000000,ff010000,0,1,1,0,0,1,1,1,0,0,1,0,0,1,0
2108,2108,0,0,fef77ce3,00,ff010014,00000020,ffffd440,f,00000000,ff010000,0,1,1,0,0,1,1,1,0,0,1,0,0,1,0
2109,2109,0,0,fef77ce3,00,ff010014,0000002d,ffffd440,f,00000000,ff010000,0,1,1,0,0,1,1,1,0,0,1,0,0,1,0
2110,2110,0,0,fef77ce3,00,ff010000,00000032,ffffd440,f,00000000,ff010000,0,1,1,0,0,1,1,1,0,0,1,0,0,1,1
2111,2111,0,0,fef77ce3,00,ff010014,00000036,ffffd440,f,00000000,ff010000,0,1,1,0,0,1,1,1,0,0,1,0,0,1,0
2112,2112,0,0,fef77ce3,00,ff010014,00000038,ffffd440,f,00000000,ff010000,0,1,1,0,0,1,1,1,0,0,1,0,0,1,0
2113,2113,0,0,fef77ce3,00,ff010014,00000034,ffffd440,f,00000000,ff010000,0,1,1,0,0,1,1,1,0,0,1,0,0,1,0
2114,2114,0,0,fef77ce3,00,ff010014,00000031,ffffd440,f,00000000,ff010000,0,1,1,0,0,1,1,1,0,0,1,0,0,1,0
2115,2115,0,0,fef77ce3,00,ff010014,00000039,ffffd440,f,00000000,ff010000,0,1,1,0,0,1,1,1,0,0,1,0,0,1,0
2116,2116,0,0,fef77ce3,00,ff010014,00000038,ffffd440,f,00000000,ff010000,0,1,1,0,0,1,1,1,0,0,1,0,0,1,0
2117,2117,0,0,fef77ce3,00,ff010014,00000035,ffffd440,f,00000000,ff010000,0,1,1,0,0,1,1,1,0,0,1,0,0,1,0
2118,2118,0,0,fef77ce3,00,ff010014,00000036,ffffd440,f,00000000,ff010000,0,1,1,0,0,1,1,1,0,0,1,0,0,1,0
2119,2119,0,0,fef77ce3,00,ff010014,0000000d,ffffd440,f,00000000,ff010000,0,1,1,0,0,1,1,1,0,0,1,0,0,1,0
2120,2120,0,0,fef77ce3,00,ff010014,0000000a,ffffd440,f,00000000,ff010000,0,1,1,0,0,1,1,1,0,0,1,0,0,1,0
2121,2121,0,0,fef77ce3,00,ff010014,00000020,ffffd440,f,00000000,ff010000,0,1,1,0,0,1,1,1,0,0,1,0,0,1,0
2122,2122,0,0,fef77ce3,00,ff010014,00000020,ffffd440,f,00000000,ff010000,0,1,1,0,0,1,1,1,0,0,1,0,0,1,0
2123,2123,0,0,fef77ce3,00,ff010014,00000020,ffffd440,f,00000000,ff010000,0,1,1,0,0,1,1,1,0,0,1,0,0,1,0
2124,2124,0,0,fef77ce3,00,ff010014,00000020,ffffd440,f,00000000,ff010000,0,1,1,0,0,1,1,1,0,0,1,0,0,1,0
2125,2125,0,0,fef77ce3,00,ff010014,00000020,ffffd440,f,00000000,ff010000,0,1,1,0,0,1,1,1,0,0,1,0,0,1,0
2126,2126,0,0,fef77ce3,00,ff010014,00000020,ffffd440,f,00000000,ff010000,0,1,1,0,0,1,1,1,0,0,1,0,0,1,0
2127,2127,0,0,fef77ce3,00,ff010014,00000020,ffffd440,f,00000000,ff010000,0,1,1,0,0,1,1,1,0,0,1,0,0,1,0
2128,2128,0,0,fef77ce3,00,ff010014,00000020,ffffd440,f,00000000,ff010000,0,1,1,0,0,1,1,1,0,0,1,0,0,1,0
2129,2129,0,0,fef77ce3,00,ff010014,00000073,ffffd440,f,00000000,ff010000,0,1,1,0,0,1,1,1,0,0,1,0,0,1,0
2130,2130,0,0,fef77ce3,00,ff010014,00000068,ffffd440,f,00000000,ff010000,0,1,1,0,0,1,1,1,0,0,1,0,0,1,0
2131,2131,0,0,fef77ce3,00,ff010014,0000006f,ffffd440,f,00000000,ff010000,0,1,1,0,0,1,1,1,0,0,1,0,0,1,0
2132,2132,0,0,fef77ce3,00,ff010014,00000075,ffffd440,f,00000000,ff010000,0,1,1,0,0,1,1,1,0,0,1,0,0,1,0
2133,2133,0,0,fef77ce3,00,ff010014,0000006c,ffffd440,f,00000000,ff010000,0,1,1,0,0,1,1,1,0,0,1,0,0,1,0
2134,2134,0,0,fef77ce3,00,ff010014,00000064,ffffd440,f,00000000,ff010000,0,1,1,0,0,1,1,1,0,0,1,0,0,1,0
2135,2135,0,0,fef77ce3,00,ff010014,00000020,ffffd440,f,00000000,ff010000,0,1,1,0,0,1,1,1,0,0,1,0,0,1,0
2136,2136,0,0,fef77ce3,00,ff010014,00000062,ffffd440,f,00000000,ff010000,0,1,1,0,0,1,1,1,0,0,1,0,0,1,0
2137,2137,0,0,fef77ce3,00,ff010014,00000065,ffffd440,f,00000000,ff010000,0,1,1,0,0,1,1,1,0,0,1,0,0,1,0
2138,2138,0,0,fef77ce3,00,ff010014,0000003a,ffffd440,f,00000000,ff010000,0,1,1,0,0,1,1,1,0,0,1,0,0,1,0
2139,2139,0,0,fef77ce3,00,ff010014,00000020,ffffd440,f,00000000,ff010000,0,1,1,0,0,1,1,1,0,0,1,0,0,1,0
2140,2140,0,0,fef77ce3,00,ff010014,00000020,ffffd440,f,00000000,ff010000,0,1,1,0,0,1,1,1,0,0,1,0,0,1,0
2141,2141,0,0,fef77ce3,00,ff010014,00000020,ffffd440,f,00000000,ff010000,0,1,1,0,0,1,1,1,0,0,1,0,0,1,0
2142,2142,0,0,fef77ce3,00,ff010014,00000028,ffffd440,f,00000000,ff010000,0,1,1,0,0,1,1,1,0,0,1,0,0,1,0
2143,2143,0,0,fef77ce3,00,ff010014,00000069,ffffd440,f,00000000,ff010000,0,1,1,0,0,1,1,1,0,0,1,0,0,1,0
2144,2144,0,0,fef77ce3,00,ff010014,0000006d,ffffd440,f,00000000,ff010000,0,1,1,0,0,1,1,1,0,0,1,0,0,1,0
2145,2145,0,0,fef77ce3,00,ff010014,00000070,ffffd440,f,00000000,ff010000,0,1,1,0,0,1,1,1,0,0,1,0,0,1,0
2146,2146,0,0,fef77ce3,00,ff010014,0000006c,ffffd440,f,00000000,ff010000,0,1,1,0,0,1,1,1,0,0,1,0,0,1,0
2147,2147,0,0,fef77ce3,00,ff010014,00000065,ffffd440,f,00000000,ff010000,0,1,1,0,0,1,1,1,0,0,1,0,0,1,0
2148,2148,0,0,fef77ce3,00,ff010014,0000006d,ffffd440,f,00000000,ff010000,0,1,1,0,0,1,1,1,0,0,1,0,0,1,0
2149,2149,0,0,fef77ce3,00,ff010014,00000065,ffffd440,f,00000000,ff010000,0,1,1,0,0,1,1,1,0,0,1,0,0,1,0
2150,2150,0,0,fef77ce3,00,ff010014,0000006e,ffffd440,f,00000000,ff010000,0,1,1,0,0,1,1,1,0,0,1,0,0,1,0
2151,2151,0,0,fef77ce3,00,ff010014,00000074,ffffd440,f,00000000,ff010000,0,1,1,0,0,1,1,1,0,0,1,0,0,1,0
2152,2152,0,0,fef77ce3,00,ff010014,00000061,ffffd440,f,00000000,ff010000,0,1,1,0,0,1,1,1,0,0,1,0,0,1,0
2153,2153,0,0,fef77ce3,00,ff010014,00000074,ffffd440,f,00000000,ff010000,0,1,1,0,0,1,1,1,0,0,1,0,0,1,0
2154,2154,0,0,fef77ce3,00,ff010014,00000069,ffffd440,f,00000000,ff010000,0,1,1,0,0,1,1,1,0,0,1,0,0,1,0
2155,2155,0,0,fef77ce3,00,ff010014,0000006f,ffffd440,f,00000000,ff010000,0,1,1,0,0,1,1,1,0,0,1,0,0,1,0
2156,2156,0,0,fef77ce3,00,ff010014,0000006e,ffffd440,f,00000000,ff010000,0,1,1,0,0,1,1,1,0,0,1,0,0,1,0
2157,2157,0,0,fef77ce3,00,ff010014,0000002d,ffffd440,f,00000000,ff010000,0,1,1,0,0,1,1,1,0,0,1,0,0,1,0
2158,2158,0,0,fef77ce3,00,ff010014,00000064,ffffd440,f,00000000,ff010000,0,1,1,0,0,1,1,1,0,0,1,0,0,1,0
2159,2159,0,0,fef77ce3,00,ff010014,00000065,ffffd440,f,00000000,ff010000,0,1,1,0,0,1,1,1,0,0,1,0,0,1,0
2160,2160,0,0,fef77ce3,00,ff010014,00000070,ffffd440,f,00000000,ff010000,0,1,1,0,0,1,1,1,0,0,1,0,0,1,0
2161,2161,0,0,fef77ce3,00,ff010014,00000065,ffffd440,f,00000000,ff010000,0,1,1,0,0,1,1,1,0,0,1,0,0,1,0
2162,2162,0,0,fef77ce3,00,ff010014,0000006e,ffffd440,f,00000000,ff010000,0,1,1,0,0,1,1,1,0,0,1,0,0,1,0
2163,2163,0,0,fef77ce3,00,ff010014,00000064,ffffd440,f,00000000,ff010000,0,1,1,0,0,1,1,1,0,0,1,0,0,1,0
2164,2164,0,0,fef77ce3,00,ff010014,00000065,ffffd440,f,00000000,ff010000,0,1,1,0,0,1,1,1,0,0,1,0,0,1,0
2165,2165,0,0,fef77ce3,00,ff010014,0000006e,ffffd440,f,00000000,ff010000,0,1,1,0,0,1,1,1,0,0,1,0,0,1,0
2166,2166,0,0,fef77ce3,00,ff010014,00000074,ffffd440,f,00000000,ff010000,0,1,1,0,0,1,1,1,0,0,1,0,0,1,0
2167,2167,0,0,fef77ce3,00,ff010014,00000029,ffffd440,f,00000000,ff010000,0,1,1,0,0,1,1,1,0,0,1,0,0,1,0
2168,2168,0,0,fef77ce3,00,ff010014,0000002c,ffffd440,f,00000000,ff010000,0,1,1,0,0,1,1,1,0,0,1,0,0,1,0
2169,2169,0,0,fef77ce3,00,ff010014,00000020,ffffd440,f,00000000,ff010000,0,1,1,0,0,1,1,1,0,0,1,0,0,1,0
2170,2170,0,0,fef77ce3,00,ff010014,00000073,ffffd440,f,00000000,ff010000,0,1,1,0,0,1,1,1,0,0,1,0,0,1,0
2171,2171,0,0,fef77ce3,00,ff010014,00000061,ffffd440,f,00000000,ff010000,0,1,1,0,0,1,1,1,0,0,1,0,0,1,0
2172,2172,0,0,fef77ce3,00,ff010014,0000006d,ffffd440,f,00000000,ff010000,0,1,1,0,0,1,1,1,0,0,1,0,0,1,0
2173,2173,0,0,fef77ce3,00,ff010014,00000065,ffffd440,f,00000000,ff010000,0,1,1,0,0,1,1,1,0,0,1,0,0,1,0
2174,2174,0,0,fef77ce3,00,ff010014,00000020,ffffd440,f,00000000,ff010000,0,1,1,0,0,1,1,1,0,0,1,0,0,1,0
2175,2175,0,0,fef77ce3,00,ff010014,00000061,ffffd440,f,00000000,ff010000,0,1,1,0,0,1,1,1,0,0,1,0,0,1,0
2176,2176,0,0,fef77ce3,00,ff010014,00000073,ffffd440,f,00000000,ff010000,0,1,1,0,0,1,1,1,0,0,1,0,0,1,0
2177,2177,0,0,fef77ce3,00,ff010014,00000020,ffffd440,f,00000000,ff010000,0,1,1,0,0,1,1,1,0,0,1,0,0,1,0
2178,2178,0,0,fef77ce3,00,ff010014,00000061,ffffd440,f,00000000,ff010000,0,1,1,0,0,1,1,1,0,0,1,0,0,1,0
2179,2179,0,0,fef77ce3,00,ff010014,00000062,ffffd440,f,00000000,ff010000,0,1,1,0,0,1,1,1,0,0,1,0,0,1,0
2180,2180,0,0,fef77ce3,00,ff010014,0000006f,ffffd440,f,00000000,ff010000,0,1,1,0,0,1,1,1,0,0,1,0,0,1,0
2181,2181,0,0,fef77ce3,00,ff010014,00000076,ffffd440,f,00000000,ff010000,0,1,1,0,0,1,1,1,0,0,1,0,0,1,0
2182,2182,0,0,fef77ce3,00,ff010014,00000065,ffffd440,f,00000000,ff010000,0,1,1,0,0,1,1,1,0,0,1,0,0,1,0
2183,2183,0,0,fef77ce3,00,ff010014,0000000d,ffffd440,f,00000000,ff010000,0,1,1,0,0,1,1,1,0,0,1,0,0,1,0
2184,2184,0,0,fef77ce3,00,ff010014,0000000a,ffffd440,f,00000000,ff010000,0,1,1,0,0,1,1,1,0,0,1,0,0,1,0
2185,2185,0,0,fef77ce3,00,ff010014,00000020,ffffd440,f,00000000,ff010000,0,1,1,0,0,1,1,1,0,0,1,0,0,1,0
2186,2186,0,0,fef77ce3,00,ff010014,00000020,ffffd440,f,00000000,ff010000,0,1,1,0,0,1,1,1,0,0,1,0,0,1,0
2187,2187,0,0,fef77ce3,00,ff010014,00000044,ffffd440,f,00000000,ff010000,0,1,1,0,0,1,1,1,0,0,1,0,0,1,0
2188,2188,0,0,fef77ce3,00,ff010014,00000069,ffffd440,f,00000000,ff010000,0,1,1,0,0,1,1,1,0,0,1,0,0,1,0
2189,2189,0,0,fef77ce3,00,ff010014,00000073,ffffd440,f,00000000,ff010000,0,1,1,0,0,1,1,1,0,0,1,0,0,1,0
2190,2190,0,0,fef77ce3,00,ff010014,00000063,ffffd440,f,00000000,ff010000,0,1,1,0,0,1,1,1,0,0,1,0,0,1,0
2191,2191,0,0,fef77ce3,00,ff010014,00000072,ffffd440,f,00000000,ff010000,0,1,1,0,0,1,1,1,0,0,1,0,0,1,0
2192,2192,0,0,fef77ce3,00,ff010014,0000003a,ffffd440,f,00000000,ff010000,0,1,1,0,0,1,1,1,0,0,1,0,0,1,0
2193,2193,0,0,fef77ce3,00,ff010014,00000020,ffffd440,f,00000000,ff010000,0,1,1,0,0,1,1,1,0,0,1,0,0,1,0
2194,2194,0,0,fef77ce3,00,ff010014,00000020,ffffd440,f,00000000,ff010000,0,1,1,0,0,1,1,1,0,0,1,0,0,1,0
2195,2195,0,0,fef77ce3,00,ff010014,00000020,ffffd440,f,00000000,ff010000,0,1,1,0,0,1,1,1,0,0,1,0,0,1,0
2196,2196,0,0,fef77ce3,00,ff010014,00000020,ffffd440,f,00000000,ff010000,0,1,1,0,0,1,1,1,0,0,1,0,0,1,0
2197,2197,0,0,fef77ce3,00,ff010014,00000020,ffffd440,f,00000000,ff010000,0,1,1,0,0,1,1,1,0,0,1,0,0,1,0
2198,2198,0,0,fef77ce3,00,ff010014,00000020,ffffd440,f,00000000,ff010000,0,1,1,0,0,1,1,1,0,0,1,0,0,1,0
2199,2199,0,0,fef77ce3,00,ff010014,00000020,ffffd440,f,00000000,ff010000,0,1,1,0,0,1,1,1,0,0,1,0,0,1,0
2200,2200,0,0,fef77ce3,00,ff010014,00000020,ffffd440,f,00000000,ff010000,0,1,1,0,0,1,1,1,0,0,1,0,0,1,0
2201,2201,0,0,fef77ce3,00,ff010014,00000020,ffffd440,f,00000000,ff010000,0,1,1,0,0,1,1,1,0,0,1,0,0,1,0
2202,2202,0,0,fef77ce3,00,ff010014,00000020,ffffd440,f,00000000,ff010000,0,1,1,0,0,1,1,1,0,0,1,0,0,1,0
2203,2203,0,0,fef77ce3,00,ff010014,00000020,ffffd440,f,00000000,ff010000,0,1,1,0,0,1,1,1,0,0,1,0,0,1,0
2204,2204,0,0,fef77ce3,00,ff010014,00000020,ffffd440,f,00000000,ff010000,0,1,1,0,0,1,1,1,0,0,1,0,0,1,0
2205,2205,0,0,fef77ce3,00,ff010014,00000020,ffffd440,f,00000000,ff010000,0,1,1,0,0,1,1,1,0,0,1,0,0,1,0
2206,2206,0,0,fef77ce3,00,ff010014,00000030,ffffd440,f,00000000,ff010000,0,1,1,0,0,1,1,1,0,0,1,0,0,1,0
2207,2207,0,0,fef77ce3,00,ff010014,0000000d,ffffd440,f,00000000,ff010000,0,1,1,0,0,1,1,1,0,0,1,0,0,1,0
2208,2208,0,0,fef77ce3,00,ff010014,0000000a,ffffd440,f,00000000,ff010000,0,1,1,0,0,1,1,1,0,0,1,0,0,1,0
2209,2209,0,0,fef77ce3,00,ff010014,00000020,ffffd440,f,00000000,ff010000,0,1,1,0,0,1,1,1,0,0,1,0,0,1,0
2210,2210,0,0,fef77ce3,00,ff010014,00000020,ffffd440,f,00000000,ff010000,0,1,1,0,0,1,1,1,0,0,1,0,0,1,0
2211,2211,0,0,fef77ce3,00,ff010014,00000020,ffffd440,f,00000000,ff010000,0,1,1,0,0,1,1,1,0,0,1,0,0,1,0
2212,2212,0,0,fef77ce3,00,ff010014,00000020,ffffd440,f,00000000,ff010000,0,1,1,0,0,1,1,1,0,0,1,0,0,1,0
2213,2213,0,0,fef77ce3,00,ff010014,00000020,ffffd440,f,00000000,ff010000,0,1,1,0,0,1,1,1,0,0,1,0,0,1,0
2214,2214,0,0,fef77ce3,00,ff010014,00000020,ffffd440,f,00000000,ff010000,0,1,1,0,0,1,1,1,0,0,1,0,0,1,0
2215,2215,0,0,fef77ce3,00,ff010014,00000020,ffffd440,f,00000000,ff010000,0,1,1,0,0,1,1,1,0,0,1,0,0,1,0
2216,2216,0,0,fef77ce3,00,ff010014,00000020,ffffd440,f,00000000,ff010000,0,1,1,0,0,1,1,1,0,0,1,0,0,1,0
2217,2217,0,0,fef77ce3,00,ff010014,00000073,ffffd440,f,00000000,ff010000,0,1,1,0,0,1,1,1,0,0,1,0,0,1,0
2218,2218,0,0,fef77ce3,00,ff010014,00000068,ffffd440,f,00000000,ff010000,0,1,1,0,0,1,1,1,0,0,1,0,0,1,0
2219,2219,0,0,fef77ce3,00,ff010014,0000006f,ffffd440,f,00000000,ff010000,0,1,1,0,0,1,1,1,0,0,1,0,0,1,0
2220,2220,0,0,fef77ce3,00,ff010014,00000075,ffffd440,f,00000000,ff010000,0,1,1,0,0,1,1,1,0,0,1,0,0,1,0
2221,2221,0,0,fef77ce3,00,ff010014,0000006c,ffffd440,f,00000000,ff010000,0,1,1,0,0,1,1,1,0,0,1,0,0,1,0
2222,2222,0,0,fef77ce3,00,ff010014,00000064,ffffd440,f,00000000,ff010000,0,1,1,0,0,1,1,1,0,0,1,0,0,1,0
2223,2223,0,0,fef77ce3,00,ff010014,00000020,ffffd440,f,00000000,ff010000,0,1,1,0,0,1,1,1,0,0,1,0,0,1,0
2224,2224,0,0,fef77ce3,00,ff010014,00000062,ffffd440,f,00000000,ff010000,0,1,1,0,0,1,1,1,0,0,1,0,0,1,0
2225,2225,0,0,fef77ce3,00,ff010014,00000065,ffffd440,f,00000000,ff010000,0,1,1,0,0,1,1,1,0,0,1,0,0,1,0
2226,2226,0,0,fef77ce3,00,ff010014,0000003a,ffffd440,f,00000000,ff010000,0,1,1,0,0,1,1,1,0,0,1,0,0,1,0
2227,2227,0,0,fef77ce3,00,ff010014,00000020,ffffd440,f,00000000,ff010000,0,1,1,0,0,1,1,1,0,0,1,0,0,1,0
2228,2228,0,0,fef77ce3,00,ff010014,00000020,ffffd440,f,00000000,ff010000,0,1,1,0,0,1,1,1,0,0,1,0,0,1,0
2229,2229,0,0,fef77ce3,00,ff010014,00000020,ffffd440,f,00000000,ff010000,0,1,1,0,0,1,1,1,0,0,1,0,0,1,0
2230,2230,0,0,fef77ce3,00,ff010014,00000030,ffffd440,f,00000000,ff010000,0,1,1,0,0,1,1,1,0,0,1,0,0,1,0
2231,2231,0,0,fef77ce3,00,ff010014,0000000d,ffffd440,f,00000000,ff010000,0,1,1,0,0,1,1,1,0,0,1,0,0,1,0
2232,2232,0,0,fef77ce3,00,ff010014,0000000a,ffffd440,f,00000000,ff010000,0,1,1,0,0,1,1,1,0,0,1,0,0,1,0
2233,2233,0,0,fef77ce3,00,ff010014,00000020,ffffd440,f,00000000,ff010000,0,1,1,0,0,1,1,1,0,0,1,0,0,1,0
2234,2234,0,0,fef77ce3,00,ff010014,00000020,ffffd440,f,00000000,ff010000,0,1,1,0,0,1,1,1,0,0,1,0,0,1,0
2235,2235,0,0,fef77ce3,00,ff010014,00000045,ffffd440,f,00000000,ff010000,0,1,1,0,0,1,1,1,0,0,1,0,0,1,0
2236,2236,0,0,fef77ce3,00,ff010014,0000006e,ffffd440,f,00000000,ff010000,0,1,1,0,0,1,1,1,0,0,1,0,0,1,0
2237,2237,0,0,fef77ce3,00,ff010014,00000075,ffffd440,f,00000000,ff010000,0,1,1,0,0,1,1,1,0,0,1,0,0,1,0
2238,2238,0,0,fef77ce3,00,ff010014,0000006d,ffffd440,f,00000000,ff010000,0,1,1,0,0,1,1,1,0,0,1,0,0,1,0
2239,2239,0,0,fef77ce3,00,ff010014,0000005f,ffffd440,f,00000000,ff010000,0,1,1,0,0,1,1,1,0,0,1,0,0,1,0
2240,2240,0,0,fef77ce3,00,ff010014,00000043,ffffd440,f,00000000,ff010000,0,1,1,0,0,1,1,1,0,0,1,0,0,1,0
2241,2241,0,0,fef77ce3,00,ff010014,0000006f,ffffd440,f,00000000,ff010000,0,1,1,0,0,1,1,1,0,0,1,0,0,1,0
2242,2242,0,0,fef77ce3,00,ff010014,0000006d,ffffd440,f,00000000,ff010000,0,1,1,0,0,1,1,1,0,0,1,0,0,1,0
2243,2243,0,0,fef77ce3,00,ff010014,00000070,ffffd440,f,00000000,ff010000,0,1,1,0,0,1,1,1,0,0,1,0,0,1,0
2244,2244,0,0,fef77ce3,00,ff010014,0000003a,ffffd440,f,00000000,ff010000,0,1,1,0,0,1,1,1,0,0,1,0,0,1,0
2245,2245,0,0,fef77ce3,00,ff010014,00000020,ffffd440,f,00000000,ff010000,0,1,1,0,0,1,1,1,0,0,1,0,0,1,0
2246,2246,0,0,fef77ce3,00,ff010014,00000020,ffffd440,f,00000000,ff010000,0,1,1,0,0,1,1,1,0,0,1,0,0,1,0
2247,2247,0,0,fef77ce3,00,ff010014,00000020,ffffd440,f,00000000,ff010000,0,1,1,0,0,1,1,1,0,0,1,0,0,1,0
2248,2248,0,0,fef77ce3,00,ff010014,00000020,ffffd440,f,00000000,ff010000,0,1,1,0,0,1,1,1,0,0,1,0,0,1,0
2249,2249,0,0,fef77ce3,00,ff010014,00000020,ffffd440,f,00000000,ff010000,0,1,1,0,0,1,1,1,0,0,1,0,0,1,0
2250,2250,0,0,fef77ce3,00,ff010014,00000020,ffffd440,f,00000000,ff010000,0,1,1,0,0,1,1,1,0,0,1,0,0,1,0
2251,2251,0,0,fef77ce3,00,ff010014,00000020,ffffd440,f,00000000,ff010000,0,1,1,0,0,1,1,1,0,0,1,0,0,1,0
2252,2252,0,0,fef77ce3,00,ff010014,00000020,ffffd440,f,00000000,ff010000,0,1,1,0,0,1,1,1,0,0,1,0,0,1,0
2253,2253,0,0,fef77ce3,00,ff010014,00000020,ffffd440,f,00000000,ff010000,0,1,1,0,0,1,1,1,0,0,1,0,0,1,0
2254,2254,0,0,fef77ce3,00,ff010014,00000031,ffffd440,f,00000000,ff010000,0,1,1,0,0,1,1,1,0,0,1,0,0,1,0
2255,2255,0,0,fef77ce3,00,ff010014,0000000d,ffffd440,f,00000000,ff010000,0,1,1,0,0,1,1,1,0,0,1,0,0,1,0
2256,2256,0,0,fef77ce3,00,ff010014,0000000a,ffffd440,f,00000000,ff010000,0,1,1,0,0,1,1,1,0,0,1,0,0,1,0
2257,2257,0,0,fef77ce3,00,ff010014,00000020,ffffd440,f,00000000,ff010000,0,1,1,0,0,1,1,1,0,0,1,0,0,1,0
2258,2258,0,0,fef77ce3,00,ff010014,00000020,ffffd440,f,00000000,ff010000,0,1,1,0,0,1,1,1,0,0,1,0,0,1,0
2259,2259,0,0,fef77ce3,00,ff010014,00000020,ffffd440,f,00000000,ff010000,0,1,1,0,0,1,1,1,0,0,1,0,0,1,0
2260,2260,0,0,fef77ce3,00,ff010014,00000020,ffffd440,f,00000000,ff010000,0,1,1,0,0,1,1,1,0,0,1,0,0,1,0
2261,2261,0,0,fef77ce3,00,ff010014,00000020,ffffd440,f,00000000,ff010000,0,1,1,0,0,1,1,1,0,0,1,0,0,1,0
2262,2262,0,0,fef77ce3,00,ff010014,00000020,ffffd440,f,00000000,ff010000,0,1,1,0,0,1,1,1,0,0,1,0,0,1,0
2263,2263,0,0,fef77ce3,00,ff010014,00000020,ffffd440,f,00000000,ff010000,0,1,1,0,0,1,1,1,0,0,1,0,0,1,0
2264,2264,0,0,fef77ce3,00,ff010014,00000020,ffffd440,f,00000000,ff010000,0,1,1,0,0,1,1,1,0,0,1,0,0,1,0
2265,2265,0,0,fef77ce3,00,ff010014,00000073,ffffd440,f,00000000,ff010000,0,1,1,0,0,1,1,1,0,0,1,0,0,1,0
2266,2266,0,0,fef77ce3,00,ff010014,00000068,ffffd440,f,00000000,ff010000,0,1,1,0,0,1,1,1,0,0,1,0,0,1,0
2267,2267,0,0,fef77ce3,00,ff010014,0000006f,ffffd440,f,00000000,ff010000,0,1,1,0,0,1,1,1,0,0,1,0,0,1,0
2268,2268,0,0,fef77ce3,00,ff010014,00000075,ffffd440,f,00000000,ff010000,0,1,1,0,0,1,1,1,0,0,1,0,0,1,0
2269,2269,0,0,fef77ce3,00,ff010014,0000006c,ffffd440,f,00000000,ff010000,0,1,1,0,0,1,1,1,0,0,1,0,0,1,0
2270,2270,0,0,fef77ce3,00,ff010014,00000064,ffffd440,f,00000000,ff010000,0,1,1,0,0,1,1,1,0,0,1,0,0,1,0
2271,2271,0,0,fef77ce3,00,ff010014,00000020,ffffd440,f,00000000,ff010000,0,1,1,0,0,1,1,1,0,0,1,0,0,1,0
2272,2272,0,0,fef77ce3,00,ff010014,00000062,ffffd440,f,00000000,ff010000,0,1,1,0,0,1,1,1,0,0,1,0,0,1,0
2273,2273,0,0,fef77ce3,00,ff010014,00000065,ffffd440,f,00000000,ff010000,0,1,1,0,0,1,1,1,0,0,1,0,0,1,0
2274,2274,0,0,fef77ce3,00,ff010014,0000003a,ffffd440,f,00000000,ff010000,0,1,1,0,0,1,1,1,0,0,1,0,0,1,0
2275,2275,0,0,fef77ce3,00,ff010014,00000020,ffffd440,f,00000000,ff010000,0,1,1,0,0,1,1,1,0,0,1,0,0,1,0
2276,2276,0,0,fef77ce3,00,ff010014,00000020,ffffd440,f,00000000,ff010000,0,1,1,0,0,1,1,1,0,0,1,0,0,1,0
2277,2277,0,0,fef77ce3,00,ff010014,00000020,ffffd440,f,00000000,ff010000,0,1,1,0,0,1,1,1,0,0,1,0,0,1,0
2278,2278,0,0,fef77ce3,00,ff010014,00000031,ffffd440,f,00000000,ff010000,0,1,1,0,0,1,1,1,0,0,1,0,0,1,0
2279,2279,0,0,fef77ce3,00,ff010014,0000000d,ffffd440,f,00000000,ff010000,0,1,1,0,0,1,1,1,0,0,1,0,0,1,0
2280,2280,0,0,fef77ce3,00,ff010014,0000000a,ffffd440,f,00000000,ff010000,0,1,1,0,0,1,1,1,0,0,1,0,0,1,0
2281,2281,0,0,fef77ce3,00,ff010014,00000020,ffffd440,f,00000000,ff010000,0,1,1,0,0,1,1,1,0,0,1,0,0,1,0
2282,2282,0,0,fef77ce3,00,ff010014,00000020,ffffd440,f,00000000,ff010000,0,1,1,0,0,1,1,1,0,0,1,0,0,1,0
2283,2283,0,0,fef77ce3,00,ff010014,00000049,ffffd440,f,00000000,ff010000,0,1,1,0,0,1,1,1,0,0,1,0,0,1,0
2284,2284,0,0,fef77ce3,00,ff010014,0000006e,ffffd440,f,00000000,ff010000,0,1,1,0,0,1,1,1,0,0,1,0,0,1,0
2285,2285,0,0,fef77ce3,00,ff010014,00000074,ffffd440,f,00000000,ff010000,0,1,1,0,0,1,1,1,0,0,1,0,0,1,0
2286,2286,0,0,fef77ce3,00,ff010014,0000005f,ffffd440,f,00000000,ff010000,0,1,1,0,0,1,1,1,0,0,1,0,0,1,0
2287,2287,0,0,fef77ce3,00,ff010014,00000043,ffffd440,f,00000000,ff010000,0,1,1,0,0,1,1,1,0,0,1,0,0,1,0
2288,2288,0,0,fef77ce3,00,ff010014,0000006f,ffffd440,f,00000000,ff010000,0,1,1,0,0,1,1,1,0,0,1,0,0,1,0
2289,2289,0,0,fef77ce3,00,ff010014,0000006d,ffffd440,f,00000000,ff010000,0,1,1,0,0,1,1,1,0,0,1,0,0,1,0
2290,2290,0,0,fef77ce3,00,ff010014,00000070,ffffd440,f,00000000,ff010000,0,1,1,0,0,1,1,1,0,0,1,0,0,1,0
2291,2291,0,0,fef77ce3,00,ff010014,0000003a,ffffd440,f,00000000,ff010000,0,1,1,0,0,1,1,1,0,0,1,0,0,1,0
2292,2292,0,0,fef77ce3,00,ff010014,00000020,ffffd440,f,00000000,ff010000,0,1,1,0,0,1,1,1,0,0,1,0,0,1,0
2293,2293,0,0,fef77ce3,00,ff010014,00000020,ffffd440,f,00000000,ff010000,0,1,1,0,0,1,1,1,0,0,1,0,0,1,0
2294,2294,0,0,fef77ce3,00,ff010014,00000020,ffffd440,f,00000000,ff010000,0,1,1,0,0,1,1,1,0,0,1,0,0,1,0
2295,2295,0,0,fef77ce3,00,ff010014,00000020,ffffd440,f,00000000,ff010000,0,1,1,0,0,1,1,1,0,0,1,0,0,1,0
2296,2296,0,0,fef77ce3,00,ff010014,00000020,ffffd440,f,00000000,ff010000,0,1,1,0,0,1,1,1,0,0,1,0,0,1,0
2297,2297,0,0,fef77ce3,00,ff010014,00000020,ffffd440,f,00000000,ff010000,0,1,1,0,0,1,1,1,0,0,1,0,0,1,0
2298,2298,0,0,fef77ce3,00,ff010014,00000020,ffffd440,f,00000000,ff010000,0,1,1,0,0,1,1,1,0,0,1,0,0,1,0
2299,2299,0,0,fef77ce3,00,ff010014,00000020,ffffd440,f,00000000,ff010000,0,1,1,0,0,1,1,1,0,0,1,0,0,1,0
2300,2300,0,0,fef77ce3,00,ff010014,00000020,ffffd440,f,00000000,ff010000,0,1,1,0,0,1,1,1,0,0,1,0,0,1,0
2301,2301,0,0,fef77ce3,00,ff010014,00000020,ffffd440,f,00000000,ff010000,0,1,1,0,0,1,1,1,0,0,1,0,0,1,0
2302,2302,0,0,fef77ce3,00,ff010014,00000031,ffffd440,f,00000000,ff010000,0,1,1,0,0,1,1,1,0,0,1,0,0,1,0
2303,2303,0,0,fef77ce3,00,ff010014,00000038,ffffd440,f,00000000,ff010000,0,1,1,0,0,1,1,1,0,0,1,0,0,1,0
2304,2304,0,0,fef77ce3,00,ff010014,0000000d,ffffd440,f,00000000,ff010000,0,1,1,0,0,1,1,1,0,0,1,0,0,1,0
2305,2305,0,0,fef77ce3,00,ff010014,0000000a,ffffd440,f,00000000,ff010000,0,1,1,0,0,1,1,1,0,0,1,0,0,1,0
2306,2306,0,0,fef77ce3,00,ff010014,00000020,ffffd440,f,00000000,ff010000,0,1,1,0,0,1,1,1,0,0,1,0,0,1,0
2307,2307,0,0,fef77ce3,00,ff010014,00000020,ffffd440,f,00000000,ff010000,0,1,1,0,0,1,1,1,0,0,1,0,0,1,0
2308,2308,0,0,fef77ce3,00,ff010014,00000020,ffffd440,f,00000000,ff010000,0,1,1,0,0,1,1,1,0,0,1,0,0,1,0
2309,2309,0,0,fef77ce3,00,ff010014,00000020,ffffd440,f,00000000,ff010000,0,1,1,0,0,1,1,1,0,0,1,0,0,1,0
2310,2310,0,0,fef77ce3,00,ff010014,00000020,ffffd440,f,00000000,ff010000,0,1,1,0,0,1,1,1,0,0,1,0,0,1,0
2311,2311,0,0,fef77ce3,00,ff010014,00000020,ffffd440,f,00000000,ff010000,0,1,1,0,0,1,1,1,0,0,1,0,0,1,0
2312,2312,0,0,fef77ce3,00,ff010014,00000020,ffffd440,f,00000000,ff010000,0,1,1,0,0,1,1,1,0,0,1,0,0,1,0
2313,2313,0,0,fef77ce3,00,ff010014,00000020,ffffd440,f,00000000,ff010000,0,1,1,0,0,1,1,1,0,0,1,0,0,1,0
2314,2314,0,0,fef77ce3,00,ff010014,00000073,ffffd440,f,00000000,ff010000,0,1,1,0,0,1,1,1,0,0,1,0,0,1,0
2315,2315,0,0,fef77ce3,00,ff010014,00000068,ffffd440,f,00000000,ff010000,0,1,1,0,0,1,1,1,0,0,1,0,0,1,0
2316,2316,0,0,fef77ce3,00,ff010014,0000006f,ffffd440,f,00000000,ff010000,0,1,1,0,0,1,1,1,0,0,1,0,0,1,0
2317,2317,0,0,fef77ce3,00,ff010014,00000075,ffffd440,f,00000000,ff010000,0,1,1,0,0,1,1,1,0,0,1,0,0,1,0
2318,2318,0,0,fef77ce3,00,ff010014,0000006c,ffffd440,f,00000000,ff010000,0,1,1,0,0,1,1,1,0,0,1,0,0,1,0
2319,2319,0,0,fef77ce3,00,ff010014,00000064,ffffd440,f,00000000,ff010000,0,1,1,0,0,1,1,1,0,0,1,0,0,1,0
2320,2320,0,0,fef77ce3,00,ff010014,00000020,ffffd440,f,00000000,ff010000,0,1,1,0,0,1,1,1,0,0,1,0,0,1,0
2321,2321,0,0,fef77ce3,00,ff010014,00000062,ffffd440,f,00000000,ff010000,0,1,1,0,0,1,1,1,0,0,1,0,0,1,0
2322,2322,0,0,fef77ce3,00,ff010014,00000065,ffffd440,f,00000000,ff010000,0,1,1,0,0,1,1,1,0,0,1,0,0,1,0
2323,2323,0,0,fef77ce3,00,ff010014,0000003a,ffffd440,f,00000000,ff010000,0,1,1,0,0,1,1,1,0,0,1,0,0,1,0
2324,2324,0,0,fef77ce3,00,ff010014,00000020,ffffd440,f,00000000,ff010000,0,1,1,0,0,1,1,1,0,0,1,0,0,1,0
2325,2325,0,0,fef77ce3,00,ff010014,00000020,ffffd440,f,00000000,ff010000,0,1,1,0,0,1,1,1,0,0,1,0,0,1,0
2326,2326,0,0,fef77ce3,00,ff010014,00000020,ffffd440,f,00000000,ff010000,0,1,1,0,0,1,1,1,0,0,1,0,0,1,0
2327,2327,0,0,fef77ce3,00,ff010014,00000031,ffffd440,f,00000000,ff010000,0,1,1,0,0,1,1,1,0,0,1,0,0,1,0
2328,2328,0,0,fef77ce3,00,ff010014,00000038,ffffd440,f,00000000,ff010000,0,1,1,0,0,1,1,1,0,0,1,0,0,1,0
2329,2329,0,0,fef77ce3,00,ff010014,0000000d,ffffd440,f,00000000,ff010000,0,1,1,0,0,1,1,1,0,0,1,0,0,1,0
2330,2330,0,0,fef77ce3,00,ff010014,0000000a,ffffd440,f,00000000,ff010000,0,1,1,0,0,1,1,1,0,0,1,0,0,1,0
2331,2331,0,0,fef77ce3,00,ff010014,00000020,ffffd440,f,00000000,ff010000,0,1,1,0,0,1,1,1,0,0,1,0,0,1,0
2332,2332,0,0,fef77ce3,00,ff010014,00000020,ffffd440,f,00000000,ff010000,0,1,1,0,0,1,1,1,0,0,1,0,0,1,0
2333,2333,0,0,fef77ce3,00,ff010014,00000053,ffffd440,f,00000000,ff010000,0,1,1,0,0,1,1,1,0,0,1,0,0,1,0
2334,2334,0,0,fef77ce3,00,ff010014,00000074,ffffd440,f,00000000,ff010000,0,1,1,0,0,1,1,1,0,0,1,0,0,1,0
2335,2335,0,0,fef77ce3,00,ff010014,00000072,ffffd440,f,00000000,ff010000,0,1,1,0,0,1,1,1,0,0,1,0,0,1,0
2336,2336,0,0,fef77ce3,00,ff010014,0000005f,ffffd440,f,00000000,ff010000,0,1,1,0,0,1,1,1,0,0,1,0,0,1,0
2337,2337,0,0,fef77ce3,00,ff010014,00000043,ffffd440,f,00000000,ff010000,0,1,1,0,0,1,1,1,0,0,1,0,0,1,0
2338,2338,0,0,fef77ce3,00,ff010014,0000006f,ffffd440,f,00000000,ff010000,0,1,1,0,0,1,1,1,0,0,1,0,0,1,0
2339,2339,0,0,fef77ce3,00,ff010014,0000006d,ffffd440,f,00000000,ff010000,0,1,1,0,0,1,1,1,0,0,1,0,0,1,0
2340,2340,0,0,fef77ce3,00,ff010014,00000070,ffffd440,f,00000000,ff010000,0,1,1,0,0,1,1,1,0,0,1,0,0,1,0
2341,2341,0,0,fef77ce3,00,ff010014,0000003a,ffffd440,f,00000000,ff010000,0,1,1,0,0,1,1,1,0,0,1,0,0,1,0
2342,2342,0,0,fef77ce3,00,ff010014,00000020,ffffd440,f,00000000,ff010000,0,1,1,0,0,1,1,1,0,0,1,0,0,1,0
2343,2343,0,0,fef77ce3,00,ff010014,00000020,ffffd440,f,00000000,ff010000,0,1,1,0,0,1,1,1,0,0,1,0,0,1,0
2344,2344,0,0,fef77ce3,00,ff010014,00000020,ffffd440,f,00000000,ff010000,0,1,1,0,0,1,1,1,0,0,1,0,0,1,0
2345,2345,0,0,fef77ce3,00,ff010014,00000020,ffffd440,f,00000000,ff010000,0,1,1,0,0,1,1,1,0,0,1,0,0,1,0
2346,2346,0,0,fef77ce3,00,ff010014,00000020,ffffd440,f,00000000,ff010000,0,1,1,0,0,1,1,1,0,0,1,0,0,1,0
2347,2347,0,0,fef77ce3,00,ff010014,00000020,ffffd440,f,00000000,ff010000,0,1,1,0,0,1,1,1,0,0,1,0,0,1,0
2348,2348,0,0,fef77ce3,00,ff010014,00000020,ffffd440,f,00000000,ff010000,0,1,1,0,0,1,1,1,0,0,1,0,0,1,0
2349,2349,0,0,fef77ce3,00,ff010014,00000020,ffffd440,f,00000000,ff010000,0,1,1,0,0,1,1,1,0,0,1,0,0,1,0
2350,2350,0,0,fef77ce3,00,ff010014,00000020,ffffd440,f,00000000,ff010000,0,1,1,0,0,1,1,1,0,0,1,0,0,1,0
2351,2351,0,0,fef77ce3,00,ff010014,00000020,ffffd440,f,00000000,ff010000,0,1,1,0,0,1,1,1,0,0,1,0,0,1,0
2352,2352,0,0,fef77ce3,00,ff010014,00000044,ffffd440,f,00000000,ff010000,0,1,1,0,0,1,1,1,0,0,1,0,0,1,0
2353,2353,0,0,fef77ce3,00,ff010014,00000048,ffffd440,f,00000000,ff010000,0,1,1,0,0,1,1,1,0,0,1,0,0,1,0
2354,2354,0,0,fef77ce3,00,ff010014,00000052,ffffd440,f,00000000,ff010000,0,1,1,0,0,1,1,1,0,0,1,0,0,1,0
2355,2355,0,0,fef77ce3,00,ff010014,00000059,ffffd440,f,00000000,ff010000,0,1,1,0,0,1,1,1,0,0,1,0,0,1,0
2356,2356,0,0,fef77ce3,00,ff010014,00000053,ffffd440,f,00000000,ff010000,0,1,1,0,0,1,1,1,0,0,1,0,0,1,0
2357,2357,0,0,fef77ce3,00,ff010014,00000054,ffffd440,f,00000000,ff010000,0,1,1,0,0,1,1,1,0,0,1,0,0,1,0
2358,2358,0,0,fef77ce3,00,ff010014,0000004f,ffffd440,f,00000000,ff010000,0,1,1,0,0,1,1,1,0,0,1,0,0,1,0
2359,2359,0,0,fef77ce3,00,ff010014,0000004e,ffffd440,f,00000000,ff010000,0,1,1,0,0,1,1,1,0,0,1,0,0,1,0
2360,2360,0,0,fef77ce3,00,ff010014,00000045,ffffd440,f,00000000,ff010000,0,1,1,0,0,1,1,1,0,0,1,0,0,1,0
2361,2361,0,0,fef77ce3,00,ff010014,00000020,ffffd440,f,00000000,ff010000,0,1,1,0,0,1,1,1,0,0,1,0,0,1,0
2362,2362,0,0,fef77ce3,00,ff010014,00000050,ffffd440,f,00000000,ff010000,0,1,1,0,0,1,1,1,0,0,1,0,0,1,0
2363,2363,0,0,fef77ce3,00,ff010014,00000052,ffffd440,f,00000000,ff010000,0,1,1,0,0,1,1,1,0,0,1,0,0,1,0
2364,2364,0,0,fef77ce3,00,ff010014,0000004f,ffffd440,f,00000000,ff010000,0,1,1,0,0,1,1,1,0,0,1,0,0,1,0
2365,2365,0,0,fef77ce3,00,ff010014,00000047,ffffd440,f,00000000,ff010000,0,1,1,0,0,1,1,1,0,0,1,0,0,1,0
2366,2366,0,0,fef77ce3,00,ff010014,00000052,ffffd440,f,00000000,ff010000,0,1,1,0,0,1,1,1,0,0,1,0,0,1,0
2367,2367,0,0,fef77ce3,00,ff010014,00000041,ffffd440,f,00000000,ff010000,0,1,1,0,0,1,1,1,0,0,1,0,0,1,0
2368,2368,0,0,fef77ce3,00,ff010014,0000004d,ffffd440,f,00000000,ff010000,0,1,1,0,0,1,1,1,0,0,1,0,0,1,0
2369,2369,0,0,fef77ce3,00,ff010014,0000002c,ffffd440,f,00000000,ff010000,0,1,1,0,0,1,1,1,0,0,1,0,0,1,0
2370,2370,0,0,fef77ce3,00,ff010014,00000020,ffffd440,f,00000000,ff010000,0,1,1,0,0,1,1,1,0,0,1,0,0,1,0
2371,2371,0,0,fef77ce3,00,ff010014,00000053,ffffd440,f,00000000,ff010000,0,1,1,0,0,1,1,1,0,0,1,0,0,1,0
2372,2372,0,0,fef77ce3,00,ff010014,0000004f,ffffd440,f,00000000,ff010000,0,1,1,0,0,1,1,1,0,0,1,0,0,1,0
2373,2373,0,0,fef77ce3,00,ff010014,0000004d,ffffd440,f,00000000,ff010000,0,1,1,0,0,1,1,1,0,0,1,0,0,1,0
2374,2374,0,0,fef77ce3,00,ff010014,00000045,ffffd440,f,00000000,ff010000,0,1,1,0,0,1,1,1,0,0,1,0,0,1,0
2375,2375,0,0,fef77ce3,00,ff010014,00000020,ffffd440,f,00000000,ff010000,0,1,1,0,0,1,1,1,0,0,1,0,0,1,0
2376,2376,0,0,fef77ce3,00,ff010014,00000053,ffffd440,f,00000000,ff010000,0,1,1,0,0,1,1,1,0,0,1,0,0,1,0
2377,2377,0,0,fef77ce3,00,ff010014,00000054,ffffd440,f,00000000,ff010000,0,1,1,0,0,1,1,1,0,0,1,0,0,1,0
2378,2378,0,0,fef77ce3,00,ff010014,00000052,ffffd440,f,00000000,ff010000,0,1,1,0,0,1,1,1,0,0,1,0,0,1,0
2379,2379,0,0,fef77ce3,00,ff010014,00000049,ffffd440,f,00000000,ff010000,0,1,1,0,0,1,1,1,0,0,1,0,0,1,0
2380,2380,0,0,fef77ce3,00,ff010014,0000004e,ffffd440,f,00000000,ff010000,0,1,1,0,0,1,1,1,0,0,1,0,0,1,0
2381,2381,0,0,fef77ce3,00,ff010014,00000047,ffffd440,f,00000000,ff010000,0,1,1,0,0,1,1,1,0,0,1,0,0,1,0
2382,2382,0,0,fef77ce3,00,ff010014,0000000d,ffffd440,f,00000000,ff010000,0,1,1,0,0,1,1,1,0,0,1,0,0,1,0
2383,2383,0,0,fef77ce3,00,ff010014,0000000a,ffffd440,f,00000000,ff010000,0,1,1,0,0,1,1,1,0,0,1,0,0,1,0
2384,2384,0,0,fef77ce3,00,ff010014,00000020,ffffd440,f,00000000,ff010000,0,1,1,0,0,1,1,1,0,0,1,0,0,1,0
2385,2385,0,0,fef77ce3,00,ff010014,00000020,ffffd440,f,00000000,ff010000,0,1,1,0,0,1,1,1,0,0,1,0,0,1,0
2386,2386,0,0,fef77ce3,00,ff010014,00000020,ffffd440,f,00000000,ff010000,0,1,1,0,0,1,1,1,0,0,1,0,0,1,0
2387,2387,0,0,fef77ce3,00,ff010014,00000020,ffffd440,f,00000000,ff010000,0,1,1,0,0,1,1,1,0,0,1,0,0,1,0
2388,2388,0,0,fef77ce3,00,ff010014,00000020,ffffd440,f,00000000,ff010000,0,1,1,0,0,1,1,1,0,0,1,0,0,1,0
2389,2389,0,0,fef77ce3,00,ff010014,00000020,ffffd440,f,00000000,ff010000,0,1,1,0,0,1,1,1,0,0,1,0,0,1,0
2390,2390,0,0,fef77ce3,00,ff010014,00000020,ffffd440,f,00000000,ff010000,0,1,1,0,0,1,1,1,0,0,1,0,0,1,0
2391,2391,0,0,fef77ce3,00,ff010014,00000020,ffffd440,f,00000000,ff010000,0,1,1,0,0,1,1,1,0,0,1,0,0,1,0
2392,2392,0,0,fef77ce3,00,ff010014,00000073,ffffd440,f,00000000,ff010000,0,1,1,0,0,1,1,1,0,0,1,0,0,1,0
2393,2393,0,0,fef77ce3,00,ff010014,00000068,ffffd440,f,00000000,ff010000,0,1,1,0,0,1,1,1,0,0,1,0,0,1,0
2394,2394,0,0,fef77ce3,00,ff010014,0000006f,ffffd440,f,00000000,ff010000,0,1,1,0,0,1,1,1,0,0,1,0,0,1,0
2395,2395,0,0,fef77ce3,00,ff010014,00000075,ffffd440,f,00000000,ff010000,0,1,1,0,0,1,1,1,0,0,1,0,0,1,0
2396,2396,0,0,fef77ce3,00,ff010014,0000006c,ffffd440,f,00000000,ff010000,0,1,1,0,0,1,1,1,0,0,1,0,0,1,0
2397,2397,0,0,fef77ce3,00,ff010014,00000064,ffffd440,f,00000000,ff010000,0,1,1,0,0,1,1,1,0,0,1,0,0,1,0
2398,2398,0,0,fef77ce3,00,ff010014,00000020,ffffd440,f,00000000,ff010000,0,1,1,0,0,1,1,1,0,0,1,0,0,1,0
2399,2399,0,0,fef77ce3,00,ff010014,00000062,ffffd440,f,00000000,ff010000,0,1,1,0,0,1,1,1,0,0,1,0,0,1,0
2400,2400,0,0,fef77ce3,00,ff010014,00000065,ffffd440,f,00000000,ff010000,0,1,1,0,0,1,1,1,0,0,1,0,0,1,0
2401,2401,0,0,fef77ce3,00,ff010014,0000003a,ffffd440,f,00000000,ff010000,0,1,1,0,0,1,1,1,0,0,1,0,0,1,0
2402,2402,0,0,fef77ce3,00,ff010014,00000020,ffffd440,f,00000000,ff010000,0,1,1,0,0,1,1,1,0,0,1,0,0,1,0
2403,2403,0,0,fef77ce3,00,ff010014,00000020,ffffd440,f,00000000,ff010000,0,1,1,0,0,1,1,1,0,0,1,0,0,1,0
2404,2404,0,0,fef77ce3,00,ff010014,00000020,ffffd440,f,00000000,ff010000,0,1,1,0,0,1,1,1,0,0,1,0,0,1,0
2405,2405,0,0,fef77ce3,00,ff010014,00000044,ffffd440,f,00000000,ff010000,0,1,1,0,0,1,1,1,0,0,1,0,0,1,0
2406,2406,0,0,fef77ce3,00,ff010014,00000048,ffffd440,f,00000000,ff010000,0,1,1,0,0,1,1,1,0,0,1,0,0,1,0
2407,2407,0,0,fef77ce3,00,ff010014,00000052,ffffd440,f,00000000,ff010000,0,1,1,0,0,1,1,1,0,0,1,0,0,1,0
2408,2408,0,0,fef77ce3,00,ff010014,00000059,ffffd440,f,00000000,ff010000,0,1,1,0,0,1,1,1,0,0,1,0,0,1,0
2409,2409,0,0,fef77ce3,00,ff010014,00000053,ffffd440,f,00000000,ff010000,0,1,1,0,0,1,1,1,0,0,1,0,0,1,0
2410,2410,0,0,fef77ce3,00,ff010014,00000054,ffffd440,f,00000000,ff010000,0,1,1,0,0,1,1,1,0,0,1,0,0,1,0
2411,2411,0,0,fef77ce3,00,ff010014,0000004f,ffffd440,f,00000000,ff010000,0,1,1,0,0,1,1,1,0,0,1,0,0,1,0
2412,2412,0,0,fef77ce3,00,ff010014,0000004e,ffffd440,f,00000000,ff010000,0,1,1,0,0,1,1,1,0,0,1,0,0,1,0
2413,2413,0,0,fef77ce3,00,ff010014,00000045,ffffd440,f,00000000,ff010000,0,1,1,0,0,1,1,1,0,0,1,0,0,1,0
2414,2414,0,0,fef77ce3,00,ff010014,00000020,ffffd440,f,00000000,ff010000,0,1,1,0,0,1,1,1,0,0,1,0,0,1,0
2415,2415,0,0,fef77ce3,00,ff010014,00000050,ffffd440,f,00000000,ff010000,0,1,1,0,0,1,1,1,0,0,1,0,0,1,0
2416,2416,0,0,fef77ce3,00,ff010014,00000052,ffffd440,f,00000000,ff010000,0,1,1,0,0,1,1,1,0,0,1,0,0,1,0
2417,2417,0,0,fef77ce3,00,ff010014,0000004f,ffffd440,f,00000000,ff010000,0,1,1,0,0,1,1,1,0,0,1,0,0,1,0
2418,2418,0,0,fef77ce3,00,ff010014,00000047,ffffd440,f,00000000,ff010000,0,1,1,0,0,1,1,1,0,0,1,0,0,1,0
2419,2419,0,0,fef77ce3,00,ff010014,00000052,ffffd440,f,00000000,ff010000,0,1,1,0,0,1,1,1,0,0,1,0,0,1,0
2420,2420,0,0,fef77ce3,00,ff010014,00000041,ffffd440,f,00000000,ff010000,0,1,1,0,0,1,1,1,0,0,1,0,0,1,0
2421,2421,0,0,fef77ce3,00,ff010014,0000004d,ffffd440,f,00000000,ff010000,0,1,1,0,0,1,1,1,0,0,1,0,0,1,0
2422,2422,0,0,fef77ce3,00,ff010014,0000002c,ffffd440,f,00000000,ff010000,0,1,1,0,0,1,1,1,0,0,1,0,0,1,0
2423,2423,0,0,fef77ce3,00,ff010014,00000020,ffffd440,f,00000000,ff010000,0,1,1,0,0,1,1,1,0,0,1,0,0,1,0
2424,2424,0,0,fef77ce3,00,ff010014,00000053,ffffd440,f,00000000,ff010000,0,1,1,0,0,1,1,1,0,0,1,0,0,1,0
2425,2425,0,0,fef77ce3,00,ff010014,0000004f,ffffd440,f,00000000,ff010000,0,1,1,0,0,1,1,1,0,0,1,0,0,1,0
2426,2426,0,0,fef77ce3,00,ff010014,0000004d,ffffd440,f,00000000,ff010000,0,1,1,0,0,1,1,1,0,0,1,0,0,1,0
2427,2427,0,0,fef77ce3,00,ff010014,00000045,ffffd440,f,00000000,ff010000,0,1,1,0,0,1,1,1,0,0,1,0,0,1,0
2428,2428,0,0,fef77ce3,00,ff010014,00000020,ffffd440,f,00000000,ff010000,0,1,1,0,0,1,1,1,0,0,1,0,0,1,0
2429,2429,0,0,fef77ce3,00,ff010014,00000053,ffffd440,f,00000000,ff010000,0,1,1,0,0,1,1,1,0,0,1,0,0,1,0
2430,2430,0,0,fef77ce3,00,ff010014,00000054,ffffd440,f,00000000,ff010000,0,1,1,0,0,1,1,1,0,0,1,0,0,1,0
2431,2431,0,0,fef77ce3,00,ff010014,00000052,ffffd440,f,00000000,ff010000,0,1,1,0,0,1,1,1,0,0,1,0,0,1,0
2432,2432,0,0,fef77ce3,00,ff010014,00000049,ffffd440,f,00000000,ff010000,0,1,1,0,0,1,1,1,0,0,1,0,0,1,0
2433,2433,0,0,fef77ce3,00,ff010014,0000004e,ffffd440,f,00000000,ff010000,0,1,1,0,0,1,1,1,0,0,1,0,0,1,0
2434,2434,0,0,fef77ce3,00,ff010014,00000047,ffffd440,f,00000000,ff010000,0,1,1,0,0,1,1,1,0,0,1,0,0,1,0
2435,2435,0,0,fef77ce3,00,ff010014,0000000d,ffffd440,f,00000000,ff010000,0,1,1,0,0,1,1,1,0,0,1,0,0,1,0
2436,2436,0,0,fef77ce3,00,ff010014,0000000a,ffffd440,f,00000000,ff010000,0,1,1,0,0,1,1,1,0,0,1,0,0,1,0
2437,2437,0,0,fef77ce3,00,ff010014,00000049,ffffd440,f,00000000,ff010000,0,1,1,0,0,1,1,1,0,0,1,0,0,1,0
2438,2438,0,0,fef77ce3,00,ff010014,0000006e,ffffd440,f,00000000,ff010000,0,1,1,0,0,1,1,1,0,0,1,0,0,1,0
2439,2439,0,0,fef77ce3,00,ff010014,00000074,ffffd440,f,00000000,ff010000,0,1,1,0,0,1,1,1,0,0,1,0,0,1,0
2440,2440,0,0,fef77ce3,00,ff010014,0000005f,ffffd440,f,00000000,ff010000,0,1,1,0,0,1,1,1,0,0,1,0,0,1,0
2441,2441,0,0,fef77ce3,00,ff010014,00000031,ffffd440,f,00000000,ff010000,0,1,1,0,0,1,1,1,0,0,1,0,0,1,0
2442,2442,0,0,fef77ce3,00,ff010014,0000005f,ffffd440,f,00000000,ff010000,0,1,1,0,0,1,1,1,0,0,1,0,0,1,0
2443,2443,0,0,fef77ce3,00,ff010014,0000004c,ffffd440,f,00000000,ff010000,0,1,1,0,0,1,1,1,0,0,1,0,0,1,0
2444,2444,0,0,fef77ce3,00,ff010014,0000006f,ffffd440,f,00000000,ff010000,0,1,1,0,0,1,1,1,0,0,1,0,0,1,0
2445,2445,0,0,fef77ce3,00,ff010014,00000063,ffffd440,f,00000000,ff010000,0,1,1,0,0,1,1,1,0,0,1,0,0,1,0
2446,2446,0,0,fef77ce3,00,ff010014,0000003a,ffffd440,f,00000000,ff010000,0,1,1,0,0,1,1,1,0,0,1,0,0,1,0
2447,2447,0,0,fef77ce3,00,ff010014,00000020,ffffd440,f,00000000,ff010000,0,1,1,0,0,1,1,1,0,0,1,0,0,1,0
2448,2448,0,0,fef77ce3,00,ff010014,00000020,ffffd440,f,00000000,ff010000,0,1,1,0,0,1,1,1,0,0,1,0,0,1,0
2449,2449,0,0,fef77ce3,00,ff010014,00000020,ffffd440,f,00000000,ff010000,0,1,1,0,0,1,1,1,0,0,1,0,0,1,0
2450,2450,0,0,fef77ce3,00,ff010014,00000020,ffffd440,f,00000000,ff010000,0,1,1,0,0,1,1,1,0,0,1,0,0,1,0
2451,2451,0,0,fef77ce3,00,ff010014,00000020,ffffd440,f,00000000,ff010000,0,1,1,0,0,1,1,1,0,0,1,0,0,1,0
2452,2452,0,0,fef77ce3,00,ff010014,00000020,ffffd440,f,00000000,ff010000,0,1,1,0,0,1,1,1,0,0,1,0,0,1,0
2453,2453,0,0,fef77ce3,00,ff010014,00000020,ffffd440,f,00000000,ff010000,0,1,1,0,0,1,1,1,0,0,1,0,0,1,0
2454,2454,0,0,fef77ce3,00,ff010014,00000020,ffffd440,f,00000000,ff010000,0,1,1,0,0,1,1,1,0,0,1,0,0,1,0
2455,2455,0,0,fef77ce3,00,ff010014,00000020,ffffd440,f,00000000,ff010000,0,1,1,0,0,1,1,1,0,0,1,0,0,1,0
2456,2456,0,0,fef77ce3,00,ff010014,00000020,ffffd440,f,00000000,ff010000,0,1,1,0,0,1,1,1,0,0,1,0,0,1,0
2457,2457,0,0,fef77ce3,00,ff010014,00000020,ffffd440,f,00000000,ff010000,0,1,1,0,0,1,1,1,0,0,1,0,0,1,0
2458,2458,0,0,fef77ce3,00,ff010014,00000035,ffffd440,f,00000000,ff010000,0,1,1,0,0,1,1,1,0,0,1,0,0,1,0
2459,2459,0,0,fef77ce3,00,ff010014,0000000d,ffffd440,f,00000000,ff010000,0,1,1,0,0,1,1,1,0,0,1,0,0,1,0
2460,2460,0,0,fef77ce3,00,ff010014,0000000a,ffffd440,f,00000000,ff010000,0,1,1,0,0,1,1,1,0,0,1,0,0,1,0
2461,2461,0,0,fef77ce3,00,ff010014,00000020,ffffd440,f,00000000,ff010000,0,1,1,0,0,1,1,1,0,0,1,0,0,1,0
2462,2462,0,0,fef77ce3,00,ff010014,00000020,ffffd440,f,00000000,ff010000,0,1,1,0,0,1,1,1,0,0,1,0,0,1,0
2463,2463,0,0,fef77ce3,00,ff010014,00000020,ffffd440,f,00000000,ff010000,0,1,1,0,0,1,1,1,0,0,1,0,0,1,0
2464,2464,0,0,fef77ce3,00,ff010014,00000020,ffffd440,f,00000000,ff010000,0,1,1,0,0,1,1,1,0,0,1,0,0,1,0
2465,2465,0,0,fef77ce3,00,ff010014,00000020,ffffd440,f,00000000,ff010000,0,1,1,0,0,1,1,1,0,0,1,0,0,1,0
2466,2466,0,0,fef77ce3,00,ff010014,00000020,ffffd440,f,00000000,ff010000,0,1,1,0,0,1,1,1,0,0,1,0,0,1,0
2467,2467,0,0,fef77ce3,00,ff010014,00000020,ffffd440,f,00000000,ff010000,0,1,1,0,0,1,1,1,0,0,1,0,0,1,0
2468,2468,0,0,fef77ce3,00,ff010014,00000020,ffffd440,f,00000000,ff010000,0,1,1,0,0,1,1,1,0,0,1,0,0,1,0
2469,2469,0,0,fef77ce3,00,ff010014,00000073,ffffd440,f,00000000,ff010000,0,1,1,0,0,1,1,1,0,0,1,0,0,1,0
2470,2470,0,0,fef77ce3,00,ff010014,00000068,ffffd440,f,00000000,ff010000,0,1,1,0,0,1,1,1,0,0,1,0,0,1,0
2471,2471,0,0,fef77ce3,00,ff010014,0000006f,ffffd440,f,00000000,ff010000,0,1,1,0,0,1,1,1,0,0,1,0,0,1,0
2472,2472,0,0,fef77ce3,00,ff010014,00000075,ffffd440,f,00000000,ff010000,0,1,1,0,0,1,1,1,0,0,1,0,0,1,0
2473,2473,0,0,fef77ce3,00,ff010014,0000006c,ffffd440,f,00000000,ff010000,0,1,1,0,0,1,1,1,0,0,1,0,0,1,0
2474,2474,0,0,fef77ce3,00,ff010014,00000064,ffffd440,f,00000000,ff010000,0,1,1,0,0,1,1,1,0,0,1,0,0,1,0
2475,2475,0,0,fef77ce3,00,ff010014,00000020,ffffd440,f,00000000,ff010000,0,1,1,0,0,1,1,1,0,0,1,0,0,1,0
2476,2476,0,0,fef77ce3,00,ff010014,00000062,ffffd440,f,00000000,ff010000,0,1,1,0,0,1,1,1,0,0,1,0,0,1,0
2477,2477,0,0,fef77ce3,00,ff010014,00000065,ffffd440,f,00000000,ff010000,0,1,1,0,0,1,1,1,0,0,1,0,0,1,0
2478,2478,0,0,fef77ce3,00,ff010014,0000003a,ffffd440,f,00000000,ff010000,0,1,1,0,0,1,1,1,0,0,1,0,0,1,0
2479,2479,0,0,fef77ce3,00,ff010014,00000020,ffffd440,f,00000000,ff010000,0,1,1,0,0,1,1,1,0,0,1,0,0,1,0
2480,2480,0,0,fef77ce3,00,ff010014,00000020,ffffd440,f,00000000,ff010000,0,1,1,0,0,1,1,1,0,0,1,0,0,1,0
2481,2481,0,0,fef77ce3,00,ff010014,00000020,ffffd440,f,00000000,ff010000,0,1,1,0,0,1,1,1,0,0,1,0,0,1,0
2482,2482,0,0,fef77ce3,00,ff010014,00000035,ffffd440,f,00000000,ff010000,0,1,1,0,0,1,1,1,0,0,1,0,0,1,0
2483,2483,0,0,fef77ce3,00,ff010014,0000000d,ffffd440,f,00000000,ff010000,0,1,1,0,0,1,1,1,0,0,1,0,0,1,0
2484,2484,0,0,fef77ce3,00,ff010014,0000000a,ffffd440,f,00000000,ff010000,0,1,1,0,0,1,1,1,0,0,1,0,0,1,0
2485,2485,0,0,fef77ce3,00,ff010014,00000049,ffffd440,f,00000000,ff010000,0,1,1,0,0,1,1,1,0,0,1,0,0,1,0
2486,2486,0,0,fef77ce3,00,ff010014,0000006e,ffffd440,f,00000000,ff010000,0,1,1,0,0,1,1,1,0,0,1,0,0,1,0
2487,2487,0,0,fef77ce3,00,ff010014,00000074,ffffd440,f,00000000,ff010000,0,1,1,0,0,1,1,1,0,0,1,0,0,1,0
2488,2488,0,0,fef77ce3,00,ff010014,0000005f,ffffd440,f,00000000,ff010000,0,1,1,0,0,1,1,1,0,0,1,0,0,1,0
2489,2489,0,0,fef77ce3,00,ff010014,00000032,ffffd440,f,00000000,ff010000,0,1,1,0,0,1,1,1,0,0,1,0,0,1,0
2490,2490,0,0,fef77ce3,00,ff010014,0000005f,ffffd440,f,00000000,ff010000,0,1,1,0,0,1,1,1,0,0,1,0,0,1,0
2491,2491,0,0,fef77ce3,00,ff010014,0000004c,ffffd440,f,00000000,ff010000,0,1,1,0,0,1,1,1,0,0,1,0,0,1,0
2492,2492,0,0,fef77ce3,00,ff010014,0000006f,ffffd440,f,00000000,ff010000,0,1,1,0,0,1,1,1,0,0,1,0,0,1,0
2493,2493,0,0,fef77ce3,00,ff010014,00000063,ffffd440,f,00000000,ff010000,0,1,1,0,0,1,1,1,0,0,1,0,0,1,0
2494,2494,0,0,fef77ce3,00,ff010014,0000003a,ffffd440,f,00000000,ff010000,0,1,1,0,0,1,1,1,0,0,1,0,0,1,0
2495,2495,0,0,fef77ce3,00,ff010014,00000020,ffffd440,f,00000000,ff010000,0,1,1,0,0,1,1,1,0,0,1,0,0,1,0
2496,2496,0,0,fef77ce3,00,ff010014,00000020,ffffd440,f,00000000,ff010000,0,1,1,0,0,1,1,1,0,0,1,0,0,1,0
2497,2497,0,0,fef77ce3,00,ff010014,00000020,ffffd440,f,00000000,ff010000,0,1,1,0,0,1,1,1,0,0,1,0,0,1,0
2498,2498,0,0,fef77ce3,00,ff010014,00000020,ffffd440,f,00000000,ff010000,0,1,1,0,0,1,1,1,0,0,1,0,0,1,0
2499,2499,0,0,fef77ce3,00,ff010014,00000020,ffffd440,f,00000000,ff010000,0,1,1,0,0,1,1,1,0,0,1,0,0,1,0
2500,2500,0,0,fef77ce3,00,ff010014,00000020,ffffd440,f,00000000,ff010000,0,1,1,0,0,1,1,1,0,0,1,0,0,1,0
2501,2501,0,0,fef77ce3,00,ff010014,00000020,ffffd440,f,00000000,ff010000,0,1,1,0,0,1,1,1,0,0,1,0,0,1,0
2502,2502,0,0,fef77ce3,00,ff010014,00000020,ffffd440,f,00000000,ff010000,0,1,1,0,0,1,1,1,0,0,1,0,0,1,0
2503,2503,0,0,fef77ce3,00,ff010014,00000020,ffffd440,f,00000000,ff010000,0,1,1,0,0,1,1,1,0,0,1,0,0,1,0
2504,2504,0,0,fef77ce3,00,ff010014,00000020,ffffd440,f,00000000,ff010000,0,1,1,0,0,1,1,1,0,0,1,0,0,1,0
2505,2505,0,0,fef77ce3,00,ff010014,00000020,ffffd440,f,00000000,ff010000,0,1,1,0,0,1,1,1,0,0,1,0,0,1,0
2506,2506,0,0,fef77ce3,00,ff010014,00000031,ffffd440,f,00000000,ff010000,0,1,1,0,0,1,1,1,0,0,1,0,0,1,0
2507,2507,0,0,fef77ce3,00,ff010014,00000033,ffffd440,f,00000000,ff010000,0,1,1,0,0,1,1,1,0,0,1,0,0,1,0
2508,2508,0,0,fef77ce3,00,ff010014,0000000d,ffffd440,f,00000000,ff010000,0,1,1,0,0,1,1,1,0,0,1,0,0,1,0
2509,2509,0,0,fef77ce3,00,ff010014,0000000a,ffffd440,f,00000000,ff010000,0,1,1,0,0,1,1,1,0,0,1,0,0,1,0
2510,2510,0,0,fef77ce3,00,ff010014,00000020,ffffd440,f,00000000,ff010000,0,1,1,0,0,1,1,1,0,0,1,0,0,1,0
2511,2511,0,0,fef77ce3,00,ff010014,00000020,ffffd440,f,00000000,ff010000,0,1,1,0,0,1,1,1,0,0,1,0,0,1,0
2512,2512,0,0,fef77ce3,00,ff010014,00000020,ffffd440,f,00000000,ff010000,0,1,1,0,0,1,1,1,0,0,1,0,0,1,0
2513,2513,0,0,fef77ce3,00,ff010014,00000020,ffffd440,f,00000000,ff010000,0,1,1,0,0,1,1,1,0,0,1,0,0,1,0
2514,2514,0,0,fef77ce3,00,ff010014,00000020,ffffd440,f,00000000,ff010000,0,1,1,0,0,1,1,1,0,0,1,0,0,1,0
2515,2515,0,0,fef77ce3,00,ff010014,00000020,ffffd440,f,00000000,ff010000,0,1,1,0,0,1,1,1,0,0,1,0,0,1,0
2516,2516,0,0,fef77ce3,00,ff010014,00000020,ffffd440,f,00000000,ff010000,0,1,1,0,0,1,1,1,0,0,1,0,0,1,0
2517,2517,0,0,fef77ce3,00,ff010014,00000020,ffffd440,f,00000000,ff010000,0,1,1,0,0,1,1,1,0,0,1,0,0,1,0
2518,2518,0,0,fef77ce3,00,ff010014,00000073,ffffd440,f,00000000,ff010000,0,1,1,0,0,1,1,1,0,0,1,0,0,1,0
2519,2519,0,0,fef77ce3,00,ff010014,00000068,ffffd440,f,00000000,ff010000,0,1,1,0,0,1,1,1,0,0,1,0,0,1,0
2520,2520,0,0,fef77ce3,00,ff010014,0000006f,ffffd440,f,00000000,ff010000,0,1,1,0,0,1,1,1,0,0,1,0,0,1,0
2521,2521,0,0,fef77ce3,00,ff010014,00000075,ffffd440,f,00000000,ff010000,0,1,1,0,0,1,1,1,0,0,1,0,0,1,0
2522,2522,0,0,fef77ce3,00,ff010014,0000006c,ffffd440,f,00000000,ff010000,0,1,1,0,0,1,1,1,0,0,1,0,0,1,0
2523,2523,0,0,fef77ce3,00,ff010014,00000064,ffffd440,f,00000000,ff010000,0,1,1,0,0,1,1,1,0,0,1,0,0,1,0
2524,2524,0,0,fef77ce3,00,ff010014,00000020,ffffd440,f,00000000,ff010000,0,1,1,0,0,1,1,1,0,0,1,0,0,1,0
2525,2525,0,0,fef77ce3,00,ff010014,00000062,ffffd440,f,00000000,ff010000,0,1,1,0,0,1,1,1,0,0,1,0,0,1,0
2526,2526,0,0,fef77ce3,00,ff010014,00000065,ffffd440,f,00000000,ff010000,0,1,1,0,0,1,1,1,0,0,1,0,0,1,0
2527,2527,0,0,fef77ce3,00,ff010014,0000003a,ffffd440,f,00000000,ff010000,0,1,1,0,0,1,1,1,0,0,1,0,0,1,0
2528,2528,0,0,fef77ce3,00,ff010014,00000020,ffffd440,f,00000000,ff010000,0,1,1,0,0,1,1,1,0,0,1,0,0,1,0
2529,2529,0,0,fef77ce3,00,ff010014,00000020,ffffd440,f,00000000,ff010000,0,1,1,0,0,1,1,1,0,0,1,0,0,1,0
2530,2530,0,0,fef77ce3,00,ff010014,00000020,ffffd440,f,00000000,ff010000,0,1,1,0,0,1,1,1,0,0,1,0,0,1,0
2531,2531,0,0,fef77ce3,00,ff010014,00000031,ffffd440,f,00000000,ff010000,0,1,1,0,0,1,1,1,0,0,1,0,0,1,0
2532,2532,0,0,fef77ce3,00,ff010014,00000033,ffffd440,f,00000000,ff010000,0,1,1,0,0,1,1,1,0,0,1,0,0,1,0
2533,2533,0,0,fef77ce3,00,ff010014,0000000d,ffffd440,f,00000000,ff010000,0,1,1,0,0,1,1,1,0,0,1,0,0,1,0
2534,2534,0,0,fef77ce3,00,ff010014,0000000a,ffffd440,f,00000000,ff010000,0,1,1,0,0,1,1,1,0,0,1,0,0,1,0
2535,2535,0,0,fef77ce3,00,ff010014,00000049,ffffd440,f,00000000,ff010000,0,1,1,0,0,1,1,1,0,0,1,0,0,1,0
2536,2536,0,0,fef77ce3,00,ff010014,0000006e,ffffd440,f,00000000,ff010000,0,1,1,0,0,1,1,1,0,0,1,0,0,1,0
2537,2537,0,0,fef77ce3,00,ff010014,00000074,ffffd440,f,00000000,ff010000,0,1,1,0,0,1,1,1,0,0,1,0,0,1,0
2538,2538,0,0,fef77ce3,00,ff010014,0000005f,ffffd440,f,00000000,ff010000,0,1,1,0,0,1,1,1,0,0,1,0,0,1,0
2539,2539,0,0,fef77ce3,00,ff010014,00000033,ffffd440,f,00000000,ff010000,0,1,1,0,0,1,1,1,0,0,1,0,0,1,0
2540,2540,0,0,fef77ce3,00,ff010014,0000005f,ffffd440,f,00000000,ff010000,0,1,1,0,0,1,1,1,0,0,1,0,0,1,0
2541,2541,0,0,fef77ce3,00,ff010014,0000004c,ffffd440,f,00000000,ff010000,0,1,1,0,0,1,1,1,0,0,1,0,0,1,0
2542,2542,0,0,fef77ce3,00,ff010014,0000006f,ffffd440,f,00000000,ff010000,0,1,1,0,0,1,1,1,0,0,1,0,0,1,0
2543,2543,0,0,fef77ce3,00,ff010014,00000063,ffffd440,f,00000000,ff010000,0,1,1,0,0,1,1,1,0,0,1,0,0,1,0
2544,2544,0,0,fef77ce3,00,ff010014,0000003a,ffffd440,f,00000000,ff010000,0,1,1,0,0,1,1,1,0,0,1,0,0,1,0
2545,2545,0,0,fef77ce3,00,ff010014,00000020,ffffd440,f,00000000,ff010000,0,1,1,0,0,1,1,1,0,0,1,0,0,1,0
2546,2546,0,0,fef77ce3,00,ff010014,00000020,ffffd440,f,00000000,ff010000,0,1,1,0,0,1,1,1,0,0,1,0,0,1,0
2547,2547,0,0,fef77ce3,00,ff010014,00000020,ffffd440,f,00000000,ff010000,0,1,1,0,0,1,1,1,0,0,1,0,0,1,0
2548,2548,0,0,fef77ce3,00,ff010014,00000020,ffffd440,f,00000000,ff010000,0,1,1,0,0,1,1,1,0,0,1,0,0,1,0
2549,2549,0,0,fef77ce3,00,ff010014,00000020,ffffd440,f,00000000,ff010000,0,1,1,0,0,1,1,1,0,0,1,0,0,1,0
2550,2550,0,0,fef77ce3,00,ff010014,00000020,ffffd440,f,00000000,ff010000,0,1,1,0,0,1,1,1,0,0,1,0,0,1,0
2551,2551,0,0,fef77ce3,00,ff010014,00000020,ffffd440,f,00000000,ff010000,0,1,1,0,0,1,1,1,0,0,1,0,0,1,0
2552,2552,0,0,fef77ce3,00,ff010014,00000020,ffffd440,f,00000000,ff010000,0,1,1,0,0,1,1,1,0,0,1,0,0,1,0
2553,2553,0,0,fef77ce3,00,ff010014,00000020,ffffd440,f,00000000,ff010000,0,1,1,0,0,1,1,1,0,0,1,0,0,1,0
2554,2554,0,0,fef77ce3,00,ff010014,00000020,ffffd440,f,00000000,ff010000,0,1,1,0,0,1,1,1,0,0,1,0,0,1,0
2555,2555,0,0,fef77ce3,00,ff010014,00000020,ffffd440,f,00000000,ff010000,0,1,1,0,0,1,1,1,0,0,1,0,0,1,0
2556,2556,0,0,fef77ce3,00,ff010014,00000037,ffffd440,f,00000000,ff010000,0,1,1,0,0,1,1,1,0,0,1,0,0,1,0
2557,2557,0,0,fef77ce3,00,ff010014,0000000d,ffffd440,f,00000000,ff010000,0,1,1,0,0,1,1,1,0,0,1,0,0,1,0
2558,2558,0,0,fef77ce3,00,ff010014,0000000a,ffffd440,f,00000000,ff010000,0,1,1,0,0,1,1,1,0,0,1,0,0,1,0
2559,2559,0,0,fef77ce3,00,ff010014,00000020,ffffd440,f,00000000,ff010000,0,1,1,0,0,1,1,1,0,0,1,0,0,1,0
2560,2560,0,0,fef77ce3,00,ff010014,00000020,ffffd440,f,00000000,ff010000,0,1,1,0,0,1,1,1,0,0,1,0,0,1,0
2561,2561,0,0,fef77ce3,00,ff010014,00000020,ffffd440,f,00000000,ff010000,0,1,1,0,0,1,1,1,0,0,1,0,0,1,0
2562,2562,0,0,fef77ce3,00,ff010014,00000020,ffffd440,f,00000000,ff010000,0,1,1,0,0,1,1,1,0,0,1,0,0,1,0
2563,2563,0,0,fef77ce3,00,ff010014,00000020,ffffd440,f,00000000,ff010000,0,1,1,0,0,1,1,1,0,0,1,0,0,1,0
2564,2564,0,0,fef77ce3,00,ff010014,00000020,ffffd440,f,00000000,ff010000,0,1,1,0,0,1,1,1,0,0,1,0,0,1,0
2565,2565,0,0,fef77ce3,00,ff010014,00000020,ffffd440,f,00000000,ff010000,0,1,1,0,0,1,1,1,0,0,1,0,0,1,0
2566,2566,0,0,fef77ce3,00,ff010014,00000020,ffffd440,f,00000000,ff010000,0,1,1,0,0,1,1,1,0,0,1,0,0,1,0
2567,2567,0,0,fef77ce3,00,ff010014,00000073,ffffd440,f,00000000,ff010000,0,1,1,0,0,1,1,1,0,0,1,0,0,1,0
2568,2568,0,0,fef77ce3,00,ff010014,00000068,ffffd440,f,00000000,ff010000,0,1,1,0,0,1,1,1,0,0,1,0,0,1,0
2569,2569,0,0,fef77ce3,00,ff010014,0000006f,ffffd440,f,00000000,ff010000,0,1,1,0,0,1,1,1,0,0,1,0,0,1,0
2570,2570,0,0,fef77ce3,00,ff010014,00000075,ffffd440,f,00000000,ff010000,0,1,1,0,0,1,1,1,0,0,1,0,0,1,0
2571,2571,0,0,fef77ce3,00,ff010014,0000006c,ffffd440,f,00000000,ff010000,0,1,1,0,0,1,1,1,0,0,1,0,0,1,0
2572,2572,0,0,fef77ce3,00,ff010014,00000064,ffffd440,f,00000000,ff010000,0,1,1,0,0,1,1,1,0,0,1,0,0,1,0
2573,2573,0,0,fef77ce3,00,ff010014,00000020,ffffd440,f,00000000,ff010000,0,1,1,0,0,1,1,1,0,0,1,0,0,1,0
2574,2574,0,0,fef77ce3,00,ff010014,00000062,ffffd440,f,00000000,ff010000,0,1,1,0,0,1,1,1,0,0,1,0,0,1,0
2575,2575,0,0,fef77ce3,00,ff010014,00000065,ffffd440,f,00000000,ff010000,0,1,1,0,0,1,1,1,0,0,1,0,0,1,0
2576,2576,0,0,fef77ce3,00,ff010014,0000003a,ffffd440,f,00000000,ff010000,0,1,1,0,0,1,1,1,0,0,1,0,0,1,0
2577,2577,0,0,fef77ce3,00,ff010014,00000020,ffffd440,f,00000000,ff010000,0,1,1,0,0,1,1,1,0,0,1,0,0,1,0
2578,2578,0,0,fef77ce3,00,ff010014,00000020,ffffd440,f,00000000,ff010000,0,1,1,0,0,1,1,1,0,0,1,0,0,1,0
2579,2579,0,0,fef77ce3,00,ff010014,00000020,ffffd440,f,00000000,ff010000,0,1,1,0,0,1,1,1,0,0,1,0,0,1,0
2580,2580,0,0,fef77ce3,00,ff010014,00000037,ffffd440,f,00000000,ff010000,0,1,1,0,0,1,1,1,0,0,1,0,0,1,0
2581,2581,0,0,fef77ce3,00,ff010014,0000000d,ffffd440,f,00000000,ff010000,0,1,1,0,0,1,1,1,0,0,1,0,0,1,0
2582,2582,0,0,fef77ce3,00,ff010014,0000000a,ffffd440,f,00000000,ff010000,0,1,1,0,0,1,1,1,0,0,1,0,0,1,0
2583,2583,0,0,fef77ce3,00,ff010014,00000045,ffffd440,f,00000000,ff010000,0,1,1,0,0,1,1,1,0,0,1,0,0,1,0
2584,2584,0,0,fef77ce3,00,ff010014,0000006e,ffffd440,f,00000000,ff010000,0,1,1,0,0,1,1,1,0,0,1,0,0,1,0
2585,2585,0,0,fef77ce3,00,ff010014,00000075,ffffd440,f,00000000,ff010000,0,1,1,0,0,1,1,1,0,0,1,0,0,1,0
2586,2586,0,0,fef77ce3,00,ff010014,0000006d,ffffd440,f,00000000,ff010000,0,1,1,0,0,1,1,1,0,0,1,0,0,1,0
2587,2587,0,0,fef77ce3,00,ff010014,0000005f,ffffd440,f,00000000,ff010000,0,1,1,0,0,1,1,1,0,0,1,0,0,1,0
2588,2588,0,0,fef77ce3,00,ff010014,0000004c,ffffd440,f,00000000,ff010000,0,1,1,0,0,1,1,1,0,0,1,0,0,1,0
2589,2589,0,0,fef77ce3,00,ff010014,0000006f,ffffd440,f,00000000,ff010000,0,1,1,0,0,1,1,1,0,0,1,0,0,1,0
2590,2590,0,0,fef77ce3,00,ff010014,00000063,ffffd440,f,00000000,ff010000,0,1,1,0,0,1,1,1,0,0,1,0,0,1,0
2591,2591,0,0,fef77ce3,00,ff010014,0000003a,ffffd440,f,00000000,ff010000,0,1,1,0,0,1,1,1,0,0,1,0,0,1,0
2592,2592,0,0,fef77ce3,00,ff010014,00000020,ffffd440,f,00000000,ff010000,0,1,1,0,0,1,1,1,0,0,1,0,0,1,0
2593,2593,0,0,fef77ce3,00,ff010014,00000020,ffffd440,f,00000000,ff010000,0,1,1,0,0,1,1,1,0,0,1,0,0,1,0
2594,2594,0,0,fef77ce3,00,ff010014,00000020,ffffd440,f,00000000,ff010000,0,1,1,0,0,1,1,1,0,0,1,0,0,1,0
2595,2595,0,0,fef77ce3,00,ff010014,00000020,ffffd440,f,00000000,ff010000,0,1,1,0,0,1,1,1,0,0,1,0,0,1,0
2596,2596,0,0,fef77ce3,00,ff010014,00000020,ffffd440,f,00000000,ff010000,0,1,1,0,0,1,1,1,0,0,1,0,0,1,0
2597,2597,0,0,fef77ce3,00,ff010014,00000020,ffffd440,f,00000000,ff010000,0,1,1,0,0,1,1,1,0,0,1,0,0,1,0
2598,2598,0,0,fef77ce3,00,ff010014,00000020,ffffd440,f,00000000,ff010000,0,1,1,0,0,1,1,1,0,0,1,0,0,1,0
2599,2599,0,0,fef77ce3,00,ff010014,00000020,ffffd440,f,00000000,ff010000,0,1,1,0,0,1,1,1,0,0,1,0,0,1,0
2600,2600,0,0,fef77ce3,00,ff010014,00000020,ffffd440,f,00000000,ff010000,0,1,1,0,0,1,1,1,0,0,1,0,0,1,0
2601,2601,0,0,fef77ce3,00,ff010014,00000020,ffffd440,f,00000000,ff010000,0,1,1,0,0,1,1,1,0,0,1,0,0,1,0
2602,2602,0,0,fef77ce3,00,ff010014,00000020,ffffd440,f,00000000,ff010000,0,1,1,0,0,1,1,1,0,0,1,0,0,1,0
2603,2603,0,0,fef77ce3,00,ff010014,00000020,ffffd440,f,00000000,ff010000,0,1,1,0,0,1,1,1,0,0,1,0,0,1,0
2604,2604,0,0,fef77ce3,00,ff010014,00000031,ffffd440,f,00000000,ff010000,0,1,1,0,0,1,1,1,0,0,1,0,0,1,0
2605,2605,0,0,fef77ce3,00,ff010014,0000000d,ffffd440,f,00000000,ff010000,0,1,1,0,0,1,1,1,0,0,1,0,0,1,0
2606,2606,0,0,fef77ce3,00,ff010014,0000000a,ffffd440,f,00000000,ff010000,0,1,1,0,0,1,1,1,0,0,1,0,0,1,0
2607,2607,0,0,fef77ce3,00,ff010014,00000020,ffffd440,f,00000000,ff010000,0,1,1,0,0,1,1,1,0,0,1,0,0,1,0
2608,2608,0,0,fef77ce3,00,ff010014,00000020,ffffd440,f,00000000,ff010000,0,1,1,0,0,1,1,1,0,0,1,0,0,1,0
2609,2609,0,0,fef77ce3,00,ff010014,00000020,ffffd440,f,00000000,ff010000,0,1,1,0,0,1,1,1,0,0,1,0,0,1,0
2610,2610,0,0,fef77ce3,00,ff010014,00000020,ffffd440,f,00000000,ff010000,0,1,1,0,0,1,1,1,0,0,1,0,0,1,0
2611,2611,0,0,fef77ce3,00,ff010014,00000020,ffffd440,f,00000000,ff010000,0,1,1,0,0,1,1,1,0,0,1,0,0,1,0
2612,2612,0,0,fef77ce3,00,ff010014,00000020,ffffd440,f,00000000,ff010000,0,1,1,0,0,1,1,1,0,0,1,0,0,1,0
2613,2613,0,0,fef77ce3,00,ff010014,00000020,ffffd440,f,00000000,ff010000,0,1,1,0,0,1,1,1,0,0,1,0,0,1,0
2614,2614,0,0,fef77ce3,00,ff010014,00000020,ffffd440,f,00000000,ff010000,0,1,1,0,0,1,1,1,0,0,1,0,0,1,0
2615,2615,0,0,fef77ce3,00,ff010014,00000073,ffffd440,f,00000000,ff010000,0,1,1,0,0,1,1,1,0,0,1,0,0,1,0
2616,2616,0,0,fef77ce3,00,ff010014,00000068,ffffd440,f,00000000,ff010000,0,1,1,0,0,1,1,1,0,0,1,0,0,1,0
2617,2617,0,0,fef77ce3,00,ff010014,0000006f,ffffd440,f,00000000,ff010000,0,1,1,0,0,1,1,1,0,0,1,0,0,1,0
2618,2618,0,0,fef77ce3,00,ff010014,00000075,ffffd440,f,00000000,ff010000,0,1,1,0,0,1,1,1,0,0,1,0,0,1,0
2619,2619,0,0,fef77ce3,00,ff010014,0000006c,ffffd440,f,00000000,ff010000,0,1,1,0,0,1,1,1,0,0,1,0,0,1,0
2620,2620,0,0,fef77ce3,00,ff010014,00000064,ffffd440,f,00000000,ff010000,0,1,1,0,0,1,1,1,0,0,1,0,0,1,0
2621,2621,0,0,fef77ce3,00,ff010014,00000020,ffffd440,f,00000000,ff010000,0,1,1,0,0,1,1,1,0,0,1,0,0,1,0
2622,2622,0,0,fef77ce3,00,ff010014,00000062,ffffd440,f,00000000,ff010000,0,1,1,0,0,1,1,1,0,0,1,0,0,1,0
2623,2623,0,0,fef77ce3,00,ff010014,00000065,ffffd440,f,00000000,ff010000,0,1,1,0,0,1,1,1,0,0,1,0,0,1,0
2624,2624,0,0,fef77ce3,00,ff010014,0000003a,ffffd440,f,00000000,ff010000,0,1,1,0,0,1,1,1,0,0,1,0,0,1,0
2625,2625,0,0,fef77ce3,00,ff010014,00000020,ffffd440,f,00000000,ff010000,0,1,1,0,0,1,1,1,0,0,1,0,0,1,0
2626,2626,0,0,fef77ce3,00,ff010014,00000020,ffffd440,f,00000000,ff010000,0,1,1,0,0,1,1,1,0,0,1,0,0,1,0
2627,2627,0,0,fef77ce3,00,ff010014,00000020,ffffd440,f,00000000,ff010000,0,1,1,0,0,1,1,1,0,0,1,0,0,1,0
2628,2628,0,0,fef77ce3,00,ff010014,00000031,ffffd440,f,00000000,ff010000,0,1,1,0,0,1,1,1,0,0,1,0,0,1,0
2629,2629,0,0,fef77ce3,00,ff010014,0000000d,ffffd440,f,00000000,ff010000,0,1,1,0,0,1,1,1,0,0,1,0,0,1,0
2630,2630,0,0,fef77ce3,00,ff010014,0000000a,ffffd440,f,00000000,ff010000,0,1,1,0,0,1,1,1,0,0,1,0,0,1,0
2631,2631,0,0,fef77ce3,00,ff010014,00000053,ffffd440,f,00000000,ff010000,0,1,1,0,0,1,1,1,0,0,1,0,0,1,0
2632,2632,0,0,fef77ce3,00,ff010014,00000074,ffffd440,f,00000000,ff010000,0,1,1,0,0,1,1,1,0,0,1,0,0,1,0
2633,2633,0,0,fef77ce3,00,ff010014,00000072,ffffd440,f,00000000,ff010000,0,1,1,0,0,1,1,1,0,0,1,0,0,1,0
2634,2634,0,0,fef77ce3,00,ff010014,0000005f,ffffd440,f,00000000,ff010000,0,1,1,0,0,1,1,1,0,0,1,0,0,1,0
2635,2635,0,0,fef77ce3,00,ff010014,00000031,ffffd440,f,00000000,ff010000,0,1,1,0,0,1,1,1,0,0,1,0,0,1,0
2636,2636,0,0,fef77ce3,00,ff010014,0000005f,ffffd440,f,00000000,ff010000,0,1,1,0,0,1,1,1,0,0,1,0,0,1,0
2637,2637,0,0,fef77ce3,00,ff010014,0000004c,ffffd440,f,00000000,ff010000,0,1,1,0,0,1,1,1,0,0,1,0,0,1,0
2638,2638,0,0,fef77ce3,00,ff010014,0000006f,ffffd440,f,00000000,ff010000,0,1,1,0,0,1,1,1,0,0,1,0,0,1,0
2639,2639,0,0,fef77ce3,00,ff010014,00000063,ffffd440,f,00000000,ff010000,0,1,1,0,0,1,1,1,0,0,1,0,0,1,0
2640,2640,0,0,fef77ce3,00,ff010014,0000003a,ffffd440,f,00000000,ff010000,0,1,1,0,0,1,1,1,0,0,1,0,0,1,0
2641,2641,0,0,fef77ce3,00,ff010014,00000020,ffffd440,f,00000000,ff010000,0,1,1,0,0,1,1,1,0,0,1,0,0,1,0
2642,2642,0,0,fef77ce3,00,ff010014,00000020,ffffd440,f,00000000,ff010000,0,1,1,0,0,1,1,1,0,0,1,0,0,1,0
2643,2643,0,0,fef77ce3,00,ff010014,00000020,ffffd440,f,00000000,ff010000,0,1,1,0,0,1,1,1,0,0,1,0,0,1,0
2644,2644,0,0,fef77ce3,00,ff010014,00000020,ffffd440,f,00000000,ff010000,0,1,1,0,0,1,1,1,0,0,1,0,0,1,0
2645,2645,0,0,fef77ce3,00,ff010014,00000020,ffffd440,f,00000000,ff010000,0,1,1,0,0,1,1,1,0,0,1,0,0,1,0
2646,2646,0,0,fef77ce3,00,ff010014,00000020,ffffd440,f,00000000,ff010000,0,1,1,0,0,1,1,1,0,0,1,0,0,1,0
2647,2647,0,0,fef77ce3,00,ff010014,00000020,ffffd440,f,00000000,ff010000,0,1,1,0,0,1,1,1,0,0,1,0,0,1,0
2648,2648,0,0,fef77ce3,00,ff010014,00000020,ffffd440,f,00000000,ff010000,0,1,1,0,0,1,1,1,0,0,1,0,0,1,0
2649,2649,0,0,fef77ce3,00,ff010014,00000020,ffffd440,f,00000000,ff010000,0,1,1,0,0,1,1,1,0,0,1,0,0,1,0
2650,2650,0,0,fef77ce3,00,ff010014,00000020,ffffd440,f,00000000,ff010000,0,1,1,0,0,1,1,1,0,0,1,0,0,1,0
2651,2651,0,0,fef77ce3,00,ff010014,00000020,ffffd440,f,00000000,ff010000,0,1,1,0,0,1,1,1,0,0,1,0,0,1,0
2652,2652,0,0,fef77ce3,00,ff010014,00000044,ffffd440,f,00000000,ff010000,0,1,1,0,0,1,1,1,0,0,1,0,0,1,0
2653,2653,0,0,fef77ce3,00,ff010014,00000048,ffffd440,f,00000000,ff010000,0,1,1,0,0,1,1,1,0,0,1,0,0,1,0
2654,2654,0,0,fef77ce3,00,ff010014,00000052,ffffd440,f,00000000,ff010000,0,1,1,0,0,1,1,1,0,0,1,0,0,1,0
2655,2655,0,0,fef77ce3,00,ff010014,00000059,ffffd440,f,00000000,ff010000,0,1,1,0,0,1,1,1,0,0,1,0,0,1,0
2656,2656,0,0,fef77ce3,00,ff010014,00000053,ffffd440,f,00000000,ff010000,0,1,1,0,0,1,1,1,0,0,1,0,0,1,0
2657,2657,0,0,fef77ce3,00,ff010014,00000054,ffffd440,f,00000000,ff010000,0,1,1,0,0,1,1,1,0,0,1,0,0,1,0
2658,2658,0,0,fef77ce3,00,ff010014,0000004f,ffffd440,f,00000000,ff010000,0,1,1,0,0,1,1,1,0,0,1,0,0,1,0
2659,2659,0,0,fef77ce3,00,ff010014,0000004e,ffffd440,f,00000000,ff010000,0,1,1,0,0,1,1,1,0,0,1,0,0,1,0
2660,2660,0,0,fef77ce3,00,ff010014,00000045,ffffd440,f,00000000,ff010000,0,1,1,0,0,1,1,1,0,0,1,0,0,1,0
2661,2661,0,0,fef77ce3,00,ff010014,00000020,ffffd440,f,00000000,ff010000,0,1,1,0,0,1,1,1,0,0,1,0,0,1,0
2662,2662,0,0,fef77ce3,00,ff010014,00000050,ffffd440,f,00000000,ff010000,0,1,1,0,0,1,1,1,0,0,1,0,0,1,0
2663,2663,0,0,fef77ce3,00,ff010014,00000052,ffffd440,f,00000000,ff010000,0,1,1,0,0,1,1,1,0,0,1,0,0,1,0
2664,2664,0,0,fef77ce3,00,ff010014,0000004f,ffffd440,f,00000000,ff010000,0,1,1,0,0,1,1,1,0,0,1,0,0,1,0
2665,2665,0,0,fef77ce3,00,ff010014,00000047,ffffd440,f,00000000,ff010000,0,1,1,0,0,1,1,1,0,0,1,0,0,1,0
2666,2666,0,0,fef77ce3,00,ff010014,00000052,ffffd440,f,00000000,ff010000,0,1,1,0,0,1,1,1,0,0,1,0,0,1,0
2667,2667,0,0,fef77ce3,00,ff010014,00000041,ffffd440,f,00000000,ff010000,0,1,1,0,0,1,1,1,0,0,1,0,0,1,0
2668,2668,0,0,fef77ce3,00,ff010014,0000004d,ffffd440,f,00000000,ff010000,0,1,1,0,0,1,1,1,0,0,1,0,0,1,0
2669,2669,0,0,fef77ce3,00,ff010014,0000002c,ffffd440,f,00000000,ff010000,0,1,1,0,0,1,1,1,0,0,1,0,0,1,0
2670,2670,0,0,fef77ce3,00,ff010014,00000020,ffffd440,f,00000000,ff010000,0,1,1,0,0,1,1,1,0,0,1,0,0,1,0
2671,2671,0,0,fef77ce3,00,ff010014,00000031,ffffd440,f,00000000,ff010000,0,1,1,0,0,1,1,1,0,0,1,0,0,1,0
2672,2672,0,0,fef77ce3,00,ff010014,00000027,ffffd440,f,00000000,ff010000,0,1,1,0,0,1,1,1,0,0,1,0,0,1,0
2673,2673,0,0,fef77ce3,00,ff010014,00000053,ffffd440,f,00000000,ff010000,0,1,1,0,0,1,1,1,0,0,1,0,0,1,0
2674,2674,0,0,fef77ce3,00,ff010014,00000054,ffffd440,f,00000000,ff010000,0,1,1,0,0,1,1,1,0,0,1,0,0,1,0
2675,2675,0,0,fef77ce3,00,ff010014,00000020,ffffd440,f,00000000,ff010000,0,1,1,0,0,1,1,1,0,0,1,0,0,1,0
2676,2676,0,0,fef77ce3,00,ff010014,00000053,ffffd440,f,00000000,ff010000,0,1,1,0,0,1,1,1,0,0,1,0,0,1,0
2677,2677,0,0,fef77ce3,00,ff010014,00000054,ffffd440,f,00000000,ff010000,0,1,1,0,0,1,1,1,0,0,1,0,0,1,0
2678,2678,0,0,fef77ce3,00,ff010014,00000052,ffffd440,f,00000000,ff010000,0,1,1,0,0,1,1,1,0,0,1,0,0,1,0
2679,2679,0,0,fef77ce3,00,ff010014,00000049,ffffd440,f,00000000,ff010000,0,1,1,0,0,1,1,1,0,0,1,0,0,1,0
2680,2680,0,0,fef77ce3,00,ff010014,0000004e,ffffd440,f,00000000,ff010000,0,1,1,0,0,1,1,1,0,0,1,0,0,1,0
2681,2681,0,0,fef77ce3,00,ff010014,00000047,ffffd440,f,00000000,ff010000,0,1,1,0,0,1,1,1,0,0,1,0,0,1,0
2682,2682,0,0,fef77ce3,00,ff010014,0000000d,ffffd440,f,00000000,ff010000,0,1,1,0,0,1,1,1,0,0,1,0,0,1,0
2683,2683,0,0,fef77ce3,00,ff010014,0000000a,ffffd440,f,00000000,ff010000,0,1,1,0,0,1,1,1,0,0,1,0,0,1,0
2684,2684,0,0,fef77ce3,00,ff010014,00000020,ffffd440,f,00000000,ff010000,0,1,1,0,0,1,1,1,0,0,1,0,0,1,0
2685,2685,0,0,fef77ce3,00,ff010014,00000020,ffffd440,f,00000000,ff010000,0,1,1,0,0,1,1,1,0,0,1,0,0,1,0
2686,2686,0,0,fef77ce3,00,ff010014,00000020,ffffd440,f,00000000,ff010000,0,1,1,0,0,1,1,1,0,0,1,0,0,1,0
2687,2687,0,0,fef77ce3,00,ff010014,00000020,ffffd440,f,00000000,ff010000,0,1,1,0,0,1,1,1,0,0,1,0,0,1,0
2688,2688,0,0,fef77ce3,00,ff010014,00000020,ffffd440,f,00000000,ff010000,0,1,1,0,0,1,1,1,0,0,1,0,0,1,0
2689,2689,0,0,fef77ce3,00,ff010014,00000020,ffffd440,f,00000000,ff010000,0,1,1,0,0,1,1,1,0,0,1,0,0,1,0
2690,2690,0,0,fef77ce3,00,ff010014,00000020,ffffd440,f,00000000,ff010000,0,1,1,0,0,1,1,1,0,0,1,0,0,1,0
2691,2691,0,0,fef77ce3,00,ff010014,00000020,ffffd440,f,00000000,ff010000,0,1,1,0,0,1,1,1,0,0,1,0,0,1,0
2692,2692,0,0,fef77ce3,00,ff010014,00000073,ffffd440,f,00000000,ff010000,0,1,1,0,0,1,1,1,0,0,1,0,0,1,0
2693,2693,0,0,fef77ce3,00,ff010014,00000068,ffffd440,f,00000000,ff010000,0,1,1,0,0,1,1,1,0,0,1,0,0,1,0
2694,2694,0,0,fef77ce3,00,ff010014,0000006f,ffffd440,f,00000000,ff010000,0,1,1,0,0,1,1,1,0,0,1,0,0,1,0
2695,2695,0,0,fef77ce3,00,ff010014,00000075,ffffd440,f,00000000,ff010000,0,1,1,0,0,1,1,1,0,0,1,0,0,1,0
2696,2696,0,0,fef77ce3,00,ff010014,0000006c,ffffd440,f,00000000,ff010000,0,1,1,0,0,1,1,1,0,0,1,0,0,1,0
2697,2697,0,0,fef77ce3,00,ff010014,00000064,ffffd440,f,00000000,ff010000,0,1,1,0,0,1,1,1,0,0,1,0,0,1,0
2698,2698,0,0,fef77ce3,00,ff010014,00000020,ffffd440,f,00000000,ff010000,0,1,1,0,0,1,1,1,0,0,1,0,0,1,0
2699,2699,0,0,fef77ce3,00,ff010014,00000062,ffffd440,f,00000000,ff010000,0,1,1,0,0,1,1,1,0,0,1,0,0,1,0
2700,2700,0,0,fef77ce3,00,ff010014,00000065,ffffd440,f,00000000,ff010000,0,1,1,0,0,1,1,1,0,0,1,0,0,1,0
2701,2701,0,0,fef77ce3,00,ff010014,0000003a,ffffd440,f,00000000,ff010000,0,1,1,0,0,1,1,1,0,0,1,0,0,1,0
2702,2702,0,0,fef77ce3,00,ff010014,00000020,ffffd440,f,00000000,ff010000,0,1,1,0,0,1,1,1,0,0,1,0,0,1,0
2703,2703,0,0,fef77ce3,00,ff010014,00000020,ffffd440,f,00000000,ff010000,0,1,1,0,0,1,1,1,0,0,1,0,0,1,0
2704,2704,0,0,fef77ce3,00,ff010014,00000020,ffffd440,f,00000000,ff010000,0,1,1,0,0,1,1,1,0,0,1,0,0,1,0
2705,2705,0,0,fef77ce3,00,ff010014,00000044,ffffd440,f,00000000,ff010000,0,1,1,0,0,1,1,1,0,0,1,0,0,1,0
2706,2706,0,0,fef77ce3,00,ff010014,00000048,ffffd440,f,00000000,ff010000,0,1,1,0,0,1,1,1,0,0,1,0,0,1,0
2707,2707,0,0,fef77ce3,00,ff010014,00000052,ffffd440,f,00000000,ff010000,0,1,1,0,0,1,1,1,0,0,1,0,0,1,0
2708,2708,0,0,fef77ce3,00,ff010014,00000059,ffffd440,f,00000000,ff010000,0,1,1,0,0,1,1,1,0,0,1,0,0,1,0
2709,2709,0,0,fef77ce3,00,ff010014,00000053,ffffd440,f,00000000,ff010000,0,1,1,0,0,1,1,1,0,0,1,0,0,1,0
2710,2710,0,0,fef77ce3,00,ff010014,00000054,ffffd440,f,00000000,ff010000,0,1,1,0,0,1,1,1,0,0,1,0,0,1,0
2711,2711,0,0,fef77ce3,00,ff010014,0000004f,ffffd440,f,00000000,ff010000,0,1,1,0,0,1,1,1,0,0,1,0,0,1,0
2712,2712,0,0,fef77ce3,00,ff010014,0000004e,ffffd440,f,00000000,ff010000,0,1,1,0,0,1,1,1,0,0,1,0,0,1,0
2713,2713,0,0,fef77ce3,00,ff010014,00000045,ffffd440,f,00000000,ff010000,0,1,1,0,0,1,1,1,0,0,1,0,0,1,0
2714,2714,0,0,fef77ce3,00,ff010014,00000020,ffffd440,f,00000000,ff010000,0,1,1,0,0,1,1,1,0,0,1,0,0,1,0
2715,2715,0,0,fef77ce3,00,ff010014,00000050,ffffd440,f,00000000,ff010000,0,1,1,0,0,1,1,1,0,0,1,0,0,1,0
2716,2716,0,0,fef77ce3,00,ff010014,00000052,ffffd440,f,00000000,ff010000,0,1,1,0,0,1,1,1,0,0,1,0,0,1,0
2717,2717,0,0,fef77ce3,00,ff010014,0000004f,ffffd440,f,00000000,ff010000,0,1,1,0,0,1,1,1,0,0,1,0,0,1,0
2718,2718,0,0,fef77ce3,00,ff010014,00000047,ffffd440,f,00000000,ff010000,0,1,1,0,0,1,1,1,0,0,1,0,0,1,0
2719,2719,0,0,fef77ce3,00,ff010014,00000052,ffffd440,f,00000000,ff010000,0,1,1,0,0,1,1,1,0,0,1,0,0,1,0
2720,2720,0,0,fef77ce3,00,ff010014,00000041,ffffd440,f,00000000,ff010000,0,1,1,0,0,1,1,1,0,0,1,0,0,1,0
2721,2721,0,0,fef77ce3,00,ff010014,0000004d,ffffd440,f,00000000,ff010000,0,1,1,0,0,1,1,1,0,0,1,0,0,1,0
2722,2722,0,0,fef77ce3,00,ff010014,0000002c,ffffd440,f,00000000,ff010000,0,1,1,0,0,1,1,1,0,0,1,0,0,1,0
2723,2723,0,0,fef77ce3,00,ff010014,00000020,ffffd440,f,00000000,ff010000,0,1,1,0,0,1,1,1,0,0,1,0,0,1,0
2724,2724,0,0,fef77ce3,00,ff010014,00000031,ffffd440,f,00000000,ff010000,0,1,1,0,0,1,1,1,0,0,1,0,0,1,0
2725,2725,0,0,fef77ce3,00,ff010014,00000027,ffffd440,f,00000000,ff010000,0,1,1,0,0,1,1,1,0,0,1,0,0,1,0
2726,2726,0,0,fef77ce3,00,ff010014,00000053,ffffd440,f,00000000,ff010000,0,1,1,0,0,1,1,1,0,0,1,0,0,1,0
2727,2727,0,0,fef77ce3,00,ff010014,00000054,ffffd440,f,00000000,ff010000,0,1,1,0,0,1,1,1,0,0,1,0,0,1,0
2728,2728,0,0,fef77ce3,00,ff010014,00000020,ffffd440,f,00000000,ff010000,0,1,1,0,0,1,1,1,0,0,1,0,0,1,0
2729,2729,0,0,fef77ce3,00,ff010014,00000053,ffffd440,f,00000000,ff010000,0,1,1,0,0,1,1,1,0,0,1,0,0,1,0
2730,2730,0,0,fef77ce3,00,ff010014,00000054,ffffd440,f,00000000,ff010000,0,1,1,0,0,1,1,1,0,0,1,0,0,1,0
2731,2731,0,0,fef77ce3,00,ff010014,00000052,ffffd440,f,00000000,ff010000,0,1,1,0,0,1,1,1,0,0,1,0,0,1,0
2732,2732,0,0,fef77ce3,00,ff010014,00000049,ffffd440,f,00000000,ff010000,0,1,1,0,0,1,1,1,0,0,1,0,0,1,0
2733,2733,0,0,fef77ce3,00,ff010014,0000004e,ffffd440,f,00000000,ff010000,0,1,1,0,0,1,1,1,0,0,1,0,0,1,0
2734,2734,0,0,fef77ce3,00,ff010014,00000047,ffffd440,f,00000000,ff010000,0,1,1,0,0,1,1,1,0,0,1,0,0,1,0
2735,2735,0,0,fef77ce3,00,ff010014,0000000d,ffffd440,f,00000000,ff010000,0,1,1,0,0,1,1,1,0,0,1,0,0,1,0
2736,2736,0,0,fef77ce3,00,ff010014,0000000a,ffffd440,f,00000000,ff010000,0,1,1,0,0,1,1,1,0,0,1,0,0,1,0
2737,2737,0,0,fef77ce3,00,ff010014,00000053,ffffd440,f,00000000,ff010000,0,1,1,0,0,1,1,1,0,0,1,0,0,1,0
2738,2738,0,0,fef77ce3,00,ff010014,00000074,ffffd440,f,00000000,ff010000,0,1,1,0,0,1,1,1,0,0,1,0,0,1,0
2739,2739,0,0,fef77ce3,00,ff010014,00000072,ffffd440,f,00000000,ff010000,0,1,1,0,0,1,1,1,0,0,1,0,0,1,0
2740,2740,0,0,fef77ce3,00,ff010014,0000005f,ffffd440,f,00000000,ff010000,0,1,1,0,0,1,1,1,0,0,1,0,0,1,0
2741,2741,0,0,fef77ce3,00,ff010014,00000032,ffffd440,f,00000000,ff010000,0,1,1,0,0,1,1,1,0,0,1,0,0,1,0
2742,2742,0,0,fef77ce3,00,ff010014,0000005f,ffffd440,f,00000000,ff010000,0,1,1,0,0,1,1,1,0,0,1,0,0,1,0
2743,2743,0,0,fef77ce3,00,ff010014,0000004c,ffffd440,f,00000000,ff010000,0,1,1,0,0,1,1,1,0,0,1,0,0,1,0
2744,2744,0,0,fef77ce3,00,ff010014,0000006f,ffffd440,f,00000000,ff010000,0,1,1,0,0,1,1,1,0,0,1,0,0,1,0
2745,2745,0,0,fef77ce3,00,ff010014,00000063,ffffd440,f,00000000,ff010000,0,1,1,0,0,1,1,1,0,0,1,0,0,1,0
2746,2746,0,0,fef77ce3,00,ff010014,0000003a,ffffd440,f,00000000,ff010000,0,1,1,0,0,1,1,1,0,0,1,0,0,1,0
2747,2747,0,0,fef77ce3,00,ff010014,00000020,ffffd440,f,00000000,ff010000,0,1,1,0,0,1,1,1,0,0,1,0,0,1,0
2748,2748,0,0,fef77ce3,00,ff010014,00000020,ffffd440,f,00000000,ff010000,0,1,1,0,0,1,1,1,0,0,1,0,0,1,0
2749,2749,0,0,fef77ce3,00,ff010014,00000020,ffffd440,f,00000000,ff010000,0,1,1,0,0,1,1,1,0,0,1,0,0,1,0
2750,2750,0,0,fef77ce3,00,ff010014,00000020,ffffd440,f,00000000,ff010000,0,1,1,0,0,1,1,1,0,0,1,0,0,1,0
2751,2751,0,0,fef77ce3,00,ff010014,00000020,ffffd440,f,00000000,ff010000,0,1,1,0,0,1,1,1,0,0,1,0,0,1,0
2752,2752,0,0,fef77ce3,00,ff010014,00000020,ffffd440,f,00000000,ff010000,0,1,1,0,0,1,1,1,0,0,1,0,0,1,0
2753,2753,0,0,fef77ce3,00,ff010014,00000020,ffffd440,f,00000000,ff010000,0,1,1,0,0,1,1,1,0,0,1,0,0,1,0
2754,2754,0,0,fef77ce3,00,ff010014,00000020,ffffd440,f,00000000,ff010000,0,1,1,0,0,1,1,1,0,0,1,0,0,1,0
2755,2755,0,0,fef77ce3,00,ff010014,00000020,ffffd440,f,00000000,ff010000,0,1,1,0,0,1,1,1,0,0,1,0,0,1,0
2756,2756,0,0,fef77ce3,00,ff010014,00000020,ffffd440,f,00000000,ff010000,0,1,1,0,0,1,1,1,0,0,1,0,0,1,0
2757,2757,0,0,fef77ce3,00,ff010014,00000020,ffffd440,f,00000000,ff010000,0,1,1,0,0,1,1,1,0,0,1,0,0,1,0
2758,2758,0,0,fef77ce3,00,ff010014,00000044,ffffd440,f,00000000,ff010000,0,1,1,0,0,1,1,1,0,0,1,0,0,1,0
2759,2759,0,0,fef77ce3,00,ff010014,00000048,ffffd440,f,00000000,ff010000,0,1,1,0,0,1,1,1,0,0,1,0,0,1,0
2760,2760,0,0,fef77ce3,00,ff010014,00000052,ffffd440,f,00000000,ff010000,0,1,1,0,0,1,1,1,0,0,1,0,0,1,0
2761,2761,0,0,fef77ce3,00,ff010014,00000059,ffffd440,f,00000000,ff010000,0,1,1,0,0,1,1,1,0,0,1,0,0,1,0
2762,2762,0,0,fef77ce3,00,ff010014,00000053,ffffd440,f,00000000,ff010000,0,1,1,0,0,1,1,1,0,0,1,0,0,1,0
2763,2763,0,0,fef77ce3,00,ff010014,00000054,ffffd440,f,00000000,ff010000,0,1,1,0,0,1,1,1,0,0,1,0,0,1,0
2764,2764,0,0,fef77ce3,00,ff010014,0000004f,ffffd440,f,00000000,ff010000,0,1,1,0,0,1,1,1,0,0,1,0,0,1,0
2765,2765,0,0,fef77ce3,00,ff010014,0000004e,ffffd440,f,00000000,ff010000,0,1,1,0,0,1,1,1,0,0,1,0,0,1,0
2766,2766,0,0,fef77ce3,00,ff010014,00000045,ffffd440,f,00000000,ff010000,0,1,1,0,0,1,1,1,0,0,1,0,0,1,0
2767,2767,0,0,fef77ce3,00,ff010014,00000020,ffffd440,f,00000000,ff010000,0,1,1,0,0,1,1,1,0,0,1,0,0,1,0
2768,2768,0,0,fef77ce3,00,ff010014,00000050,ffffd440,f,00000000,ff010000,0,1,1,0,0,1,1,1,0,0,1,0,0,1,0
2769,2769,0,0,fef77ce3,00,ff010014,00000052,ffffd440,f,00000000,ff010000,0,1,1,0,0,1,1,1,0,0,1,0,0,1,0
2770,2770,0,0,fef77ce3,00,ff010014,0000004f,ffffd440,f,00000000,ff010000,0,1,1,0,0,1,1,1,0,0,1,0,0,1,0
2771,2771,0,0,fef77ce3,00,ff010014,00000047,ffffd440,f,00000000,ff010000,0,1,1,0,0,1,1,1,0,0,1,0,0,1,0
2772,2772,0,0,fef77ce3,00,ff010014,00000052,ffffd440,f,00000000,ff010000,0,1,1,0,0,1,1,1,0,0,1,0,0,1,0
2773,2773,0,0,fef77ce3,00,ff010014,00000041,ffffd440,f,00000000,ff010000,0,1,1,0,0,1,1,1,0,0,1,0,0,1,0
2774,2774,0,0,fef77ce3,00,ff010014,0000004d,ffffd440,f,00000000,ff010000,0,1,1,0,0,1,1,1,0,0,1,0,0,1,0
2775,2775,0,0,fef77ce3,00,ff010014,0000002c,ffffd440,f,00000000,ff010000,0,1,1,0,0,1,1,1,0,0,1,0,0,1,0
2776,2776,0,0,fef77ce3,00,ff010014,00000020,ffffd440,f,00000000,ff010000,0,1,1,0,0,1,1,1,0,0,1,0,0,1,0
2777,2777,0,0,fef77ce3,00,ff010014,00000032,ffffd440,f,00000000,ff010000,0,1,1,0,0,1,1,1,0,0,1,0,0,1,0
2778,2778,0,0,fef77ce3,00,ff010014,00000027,ffffd440,f,00000000,ff010000,0,1,1,0,0,1,1,1,0,0,1,0,0,1,0
2779,2779,0,0,fef77ce3,00,ff010014,0000004e,ffffd440,f,00000000,ff010000,0,1,1,0,0,1,1,1,0,0,1,0,0,1,0
2780,2780,0,0,fef77ce3,00,ff010014,00000044,ffffd440,f,00000000,ff010000,0,1,1,0,0,1,1,1,0,0,1,0,0,1,0
2781,2781,0,0,fef77ce3,00,ff010014,00000020,ffffd440,f,00000000,ff010000,0,1,1,0,0,1,1,1,0,0,1,0,0,1,0
2782,2782,0,0,fef77ce3,00,ff010014,00000053,ffffd440,f,00000000,ff010000,0,1,1,0,0,1,1,1,0,0,1,0,0,1,0
2783,2783,0,0,fef77ce3,00,ff010014,00000054,ffffd440,f,00000000,ff010000,0,1,1,0,0,1,1,1,0,0,1,0,0,1,0
2784,2784,0,0,fef77ce3,00,ff010014,00000052,ffffd440,f,00000000,ff010000,0,1,1,0,0,1,1,1,0,0,1,0,0,1,0
2785,2785,0,0,fef77ce3,00,ff010014,00000049,ffffd440,f,00000000,ff010000,0,1,1,0,0,1,1,1,0,0,1,0,0,1,0
2786,2786,0,0,fef77ce3,00,ff010014,0000004e,ffffd440,f,00000000,ff010000,0,1,1,0,0,1,1,1,0,0,1,0,0,1,0
2787,2787,0,0,fef77ce3,00,ff010014,00000047,ffffd440,f,00000000,ff010000,0,1,1,0,0,1,1,1,0,0,1,0,0,1,0
2788,2788,0,0,fef77ce3,00,ff010014,0000000d,ffffd440,f,00000000,ff010000,0,1,1,0,0,1,1,1,0,0,1,0,0,1,0
2789,2789,0,0,fef77ce3,00,ff010014,0000000a,ffffd440,f,00000000,ff010000,0,1,1,0,0,1,1,1,0,0,1,0,0,1,0
2790,2790,0,0,fef77ce3,00,ff010014,00000020,ffffd440,f,00000000,ff010000,0,1,1,0,0,1,1,1,0,0,1,0,0,1,0
2791,2791,0,0,fef77ce3,00,ff010014,00000020,ffffd440,f,00000000,ff010000,0,1,1,0,0,1,1,1,0,0,1,0,0,1,0
2792,2792,0,0,fef77ce3,00,ff010014,00000020,ffffd440,f,00000000,ff010000,0,1,1,0,0,1,1,1,0,0,1,0,0,1,0
2793,2793,0,0,fef77ce3,00,ff010014,00000020,ffffd440,f,00000000,ff010000,0,1,1,0,0,1,1,1,0,0,1,0,0,1,0
2794,2794,0,0,fef77ce3,00,ff010014,00000020,ffffd440,f,00000000,ff010000,0,1,1,0,0,1,1,1,0,0,1,0,0,1,0
2795,2795,0,0,fef77ce3,00,ff010014,00000020,ffffd440,f,00000000,ff010000,0,1,1,0,0,1,1,1,0,0,1,0,0,1,0
2796,2796,0,0,fef77ce3,00,ff010014,00000020,ffffd440,f,00000000,ff010000,0,1,1,0,0,1,1,1,0,0,1,0,0,1,0
2797,2797,0,0,fef77ce3,00,ff010014,00000020,ffffd440,f,00000000,ff010000,0,1,1,0,0,1,1,1,0,0,1,0,0,1,0
2798,2798,0,0,fef77ce3,00,ff010014,00000073,ffffd440,f,00000000,ff010000,0,1,1,0,0,1,1,1,0,0,1,0,0,1,0
2799,2799,0,0,fef77ce3,00,ff010014,00000068,ffffd440,f,00000000,ff010000,0,1,1,0,0,1,1,1,0,0,1,0,0,1,0
2800,2800,0,0,fef77ce3,00,ff010014,0000006f,ffffd440,f,00000000,ff010000,0,1,1,0,0,1,1,1,0,0,1,0,0,1,0
2801,2801,0,0,fef77ce3,00,ff010014,00000075,ffffd440,f,00000000,ff010000,0,1,1,0,0,1,1,1,0,0,1,0,0,1,0
2802,2802,0,0,fef77ce3,00,ff010014,0000006c,ffffd440,f,00000000,ff010000,0,1,1,0,0,1,1,1,0,0,1,0,0,1,0
2803,2803,0,0,fef77ce3,00,ff010014,00000064,ffffd440,f,00000000,ff010000,0,1,1,0,0,1,1,1,0,0,1,0,0,1,0
2804,2804,0,0,fef77ce3,00,ff010014,00000020,ffffd440,f,00000000,ff010000,0,1,1,0,0,1,1,1,0,0,1,0,0,1,0
2805,2805,0,0,fef77ce3,00,ff010014,00000062,ffffd440,f,00000000,ff010000,0,1,1,0,0,1,1,1,0,0,1,0,0,1,0
2806,2806,0,0,fef77ce3,00,ff010014,00000065,ffffd440,f,00000000,ff010000,0,1,1,0,0,1,1,1,0,0,1,0,0,1,0
2807,2807,0,0,fef77ce3,00,ff010014,0000003a,ffffd440,f,00000000,ff010000,0,1,1,0,0,1,1,1,0,0,1,0,0,1,0
2808,2808,0,0,fef77ce3,00,ff010014,00000020,ffffd440,f,00000000,ff010000,0,1,1,0,0,1,1,1,0,0,1,0,0,1,0
2809,2809,0,0,fef77ce3,00,ff010014,00000020,ffffd440,f,00000000,ff010000,0,1,1,0,0,1,1,1,0,0,1,0,0,1,0
2810,2810,0,0,fef77ce3,00,ff010014,00000020,ffffd440,f,00000000,ff010000,0,1,1,0,0,1,1,1,0,0,1,0,0,1,0
2811,2811,0,0,fef77ce3,00,ff010014,00000044,ffffd440,f,00000000,ff010000,0,1,1,0,0,1,1,1,0,0,1,0,0,1,0
2812,2812,0,0,fef77ce3,00,ff010014,00000048,ffffd440,f,00000000,ff010000,0,1,1,0,0,1,1,1,0,0,1,0,0,1,0
2813,2813,0,0,fef77ce3,00,ff010014,00000052,ffffd440,f,00000000,ff010000,0,1,1,0,0,1,1,1,0,0,1,0,0,1,0
2814,2814,0,0,fef77ce3,00,ff010014,00000059,ffffd440,f,00000000,ff010000,0,1,1,0,0,1,1,1,0,0,1,0,0,1,0
2815,2815,0,0,fef77ce3,00,ff010014,00000053,ffffd440,f,00000000,ff010000,0,1,1,0,0,1,1,1,0,0,1,0,0,1,0
2816,2816,0,0,fef77ce3,00,ff010014,00000054,ffffd440,f,00000000,ff010000,0,1,1,0,0,1,1,1,0,0,1,0,0,1,0
2817,2817,0,0,fef77ce3,00,ff010014,0000004f,ffffd440,f,00000000,ff010000,0,1,1,0,0,1,1,1,0,0,1,0,0,1,0
2818,2818,0,0,fef77ce3,00,ff010014,0000004e,ffffd440,f,00000000,ff010000,0,1,1,0,0,1,1,1,0,0,1,0,0,1,0
2819,2819,0,0,fef77ce3,00,ff010014,00000045,ffffd440,f,00000000,ff010000,0,1,1,0,0,1,1,1,0,0,1,0,0,1,0
2820,2820,0,0,fef77ce3,00,ff010014,00000020,ffffd440,f,00000000,ff010000,0,1,1,0,0,1,1,1,0,0,1,0,0,1,0
2821,2821,0,0,fef77ce3,00,ff010014,00000050,ffffd440,f,00000000,ff010000,0,1,1,0,0,1,1,1,0,0,1,0,0,1,0
2822,2822,0,0,fef77ce3,00,ff010014,00000052,ffffd440,f,00000000,ff010000,0,1,1,0,0,1,1,1,0,0,1,0,0,1,0
2823,2823,0,0,fef77ce3,00,ff010014,0000004f,ffffd440,f,00000000,ff010000,0,1,1,0,0,1,1,1,0,0,1,0,0,1,0
2824,2824,0,0,fef77ce3,00,ff010014,00000047,ffffd440,f,00000000,ff010000,0,1,1,0,0,1,1,1,0,0,1,0,0,1,0
2825,2825,0,0,fef77ce3,00,ff010014,00000052,ffffd440,f,00000000,ff010000,0,1,1,0,0,1,1,1,0,0,1,0,0,1,0
2826,2826,0,0,fef77ce3,00,ff010014,00000041,ffffd440,f,00000000,ff010000,0,1,1,0,0,1,1,1,0,0,1,0,0,1,0
2827,2827,0,0,fef77ce3,00,ff010014,0000004d,ffffd440,f,00000000,ff010000,0,1,1,0,0,1,1,1,0,0,1,0,0,1,0
2828,2828,0,0,fef77ce3,00,ff010014,0000002c,ffffd440,f,00000000,ff010000,0,1,1,0,0,1,1,1,0,0,1,0,0,1,0
2829,2829,0,0,fef77ce3,00,ff010014,00000020,ffffd440,f,00000000,ff010000,0,1,1,0,0,1,1,1,0,0,1,0,0,1,0
2830,2830,0,0,fef77ce3,00,ff010014,00000032,ffffd440,f,00000000,ff010000,0,1,1,0,0,1,1,1,0,0,1,0,0,1,0
2831,2831,0,0,fef77ce3,00,ff010014,00000027,ffffd440,f,00000000,ff010000,0,1,1,0,0,1,1,1,0,0,1,0,0,1,0
2832,2832,0,0,fef77ce3,00,ff010014,0000004e,ffffd440,f,00000000,ff010000,0,1,1,0,0,1,1,1,0,0,1,0,0,1,0
2833,2833,0,0,fef77ce3,00,ff010014,00000044,ffffd440,f,00000000,ff010000,0,1,1,0,0,1,1,1,0,0,1,0,0,1,0
2834,2834,0,0,fef77ce3,00,ff010014,00000020,ffffd440,f,00000000,ff010000,0,1,1,0,0,1,1,1,0,0,1,0,0,1,0
2835,2835,0,0,fef77ce3,00,ff010014,00000053,ffffd440,f,00000000,ff010000,0,1,1,0,0,1,1,1,0,0,1,0,0,1,0
2836,2836,0,0,fef77ce3,00,ff010014,00000054,ffffd440,f,00000000,ff010000,0,1,1,0,0,1,1,1,0,0,1,0,0,1,0
2837,2837,0,0,fef77ce3,00,ff010014,00000052,ffffd440,f,00000000,ff010000,0,1,1,0,0,1,1,1,0,0,1,0,0,1,0
2838,2838,0,0,fef77ce3,00,ff010014,00000049,ffffd440,f,00000000,ff010000,0,1,1,0,0,1,1,1,0,0,1,0,0,1,0
2839,2839,0,0,fef77ce3,00,ff010014,0000004e,ffffd440,f,00000000,ff010000,0,1,1,0,0,1,1,1,0,0,1,0,0,1,0
2840,2840,0,0,fef77ce3,00,ff010014,00000047,ffffd440,f,00000000,ff010000,0,1,1,0,0,1,1,1,0,0,1,0,0,1,0
2841,2841,0,0,fef77ce3,00,ff010014,0000000d,ffffd440,f,00000000,ff010000,0,1,1,0,0,1,1,1,0,0,1,0,0,1,0
2842,2842,0,0,fef77ce3,00,ff010014,0000000a,ffffd440,f,00000000,ff010000,0,1,1,0,0,1,1,1,0,0,1,0,0,1,0
2843,2843,0,0,fef77ce3,00,ff010014,0000000d,ffffd440,f,00000000,ff010000,0,1,1,0,0,1,1,1,0,0,1,0,0,1,0
2844,2844,0,0,fef77ce3,00,ff010014,0000000a,ffffd440,f,00000000,ff010000,0,1,1,0,0,1,1,1,0,0,1,0,0,1,0
2845,2845,0,0,fef77ce3,00,ff010014,00000054,ffffd440,f,00000000,ff010000,0,1,1,0,0,1,1,1,0,0,1,0,0,1,0
2846,2846,0,0,fef77ce3,00,ff010014,00000069,ffffd440,f,00000000,ff010000,0,1,1,0,0,1,1,1,0,0,1,0,0,1,0
2847,2847,0,0,fef77ce3,00,ff010014,0000006d,ffffd440,f,00000000,ff010000,0,1,1,0,0,1,1,1,0,0,1,0,0,1,0
2848,2848,0,0,fef77ce3,00,ff010014,00000065,ffffd440,f,00000000,ff010000,0,1,1,0,0,1,1,1,0,0,1,0,0,1,0
2849,2849,0,0,fef77ce3,00,ff010014,0000003a,ffffd440,f,00000000,ff010000,0,1,1,0,0,1,1,1,0,0,1,0,0,1,0
2850,2850,0,0,fef77ce3,00,ff010014,00000020,ffffd440,f,00000000,ff010000,0,1,1,0,0,1,1,1,0,0,1,0,0,1,0
2851,2851,0,0,fef77ce3,00,ff010014,00000062,ffffd440,f,00000000,ff010000,0,1,1,0,0,1,1,1,0,0,1,0,0,1,0
2852,2852,0,0,fef77ce3,00,ff010014,00000065,ffffd440,f,00000000,ff010000,0,1,1,0,0,1,1,1,0,0,1,0,0,1,0
2853,2853,0,0,fef77ce3,00,ff010014,00000067,ffffd440,f,00000000,ff010000,0,1,1,0,0,1,1,1,0,0,1,0,0,1,0
2854,2854,0,0,fef77ce3,00,ff010014,00000069,ffffd440,f,00000000,ff010000,0,1,1,0,0,1,1,1,0,0,1,0,0,1,0
2855,2855,0,0,fef77ce3,00,ff010014,0000006e,ffffd440,f,00000000,ff010000,0,1,1,0,0,1,1,1,0,0,1,0,0,1,0
2856,2856,0,0,fef77ce3,00,ff010014,0000003d,ffffd440,f,00000000,ff010000,0,1,1,0,0,1,1,1,0,0,1,0,0,1,0
2857,2857,0,0,fef77ce3,00,ff010014,00000020,ffffd440,f,00000000,ff010000,0,1,1,0,0,1,1,1,0,0,1,0,0,1,0
2858,2858,0,0,fef77ce3,00,ff010000,00000035,ffffd440,f,00000000,ff010000,0,1,1,0,0,1,1,1,0,0,1,0,0,1,0
2859,2859,0,0,fef77ce3,00,ff010014,00000037,ffffd440,f,00000000,ff010000,0,1,1,0,0,1,1,1,0,0,1,0,0,1,0
2860,2860,0,0,fef77ce3,00,ff010014,00000039,ffffd440,f,00000000,ff010000,0,1,1,0,0,1,1,1,0,0,1,0,0,1,0
2861,2861,0,0,fef77ce3,00,ff010014,00000039,ffffd440,f,00000000,ff010000,0,1,1,0,0,1,1,1,0,0,1,0,0,1,0
2862,2862,0,0,fef77ce3,00,ff010014,00000036,ffffd440,f,00000000,ff010000,0,1,1,0,0,1,1,1,0,0,1,0,0,1,0
2863,2863,0,0,fef77ce3,00,ff010014,00000033,ffffd440,f,00000000,ff010000,0,1,1,0,0,1,1,1,0,0,1,0,0,1,0
2864,2864,0,0,fef77ce3,00,ff010014,00000031,ffffd440,f,00000000,ff010000,0,1,1,0,0,1,1,1,0,0,1,0,0,1,0
2865,2865,0,0,fef77ce3,00,ff010014,00000036,ffffd440,f,00000000,ff010000,0,1,1,0,0,1,1,1,0,0,1,0,0,1,0
2866,2866,0,0,fef77ce3,00,ff010014,0000002c,ffffd440,f,00000000,ff010000,0,1,1,0,0,1,1,1,0,0,1,0,0,1,0
2867,2867,0,0,fef77ce3,00,ff010014,00000020,ffffd440,f,00000000,ff010000,0,1,1,0,0,1,1,1,0,0,1,0,0,1,0
2868,2868,0,0,fef77ce3,00,ff010014,00000065,ffffd440,f,00000000,ff010000,0,1,1,0,0,1,1,1,0,0,1,0,0,1,0
2869,2869,0,0,fef77ce3,00,ff010014,0000006e,ffffd440,f,00000000,ff010000,0,1,1,0,0,1,1,1,0,0,1,0,0,1,0
2870,2870,0,0,fef77ce3,00,ff010014,00000064,ffffd440,f,00000000,ff010000,0,1,1,0,0,1,1,1,0,0,1,0,0,1,0
2871,2871,0,0,fef77ce3,00,ff010014,0000003d,ffffd440,f,00000000,ff010000,0,1,1,0,0,1,1,1,0,0,1,0,0,1,0
2872,2872,0,0,fef77ce3,00,ff010014,00000020,ffffd440,f,00000000,ff010000,0,1,1,0,0,1,1,1,0,0,1,0,0,1,0
2873,2873,0,0,fef77ce3,00,ff010000,00000035,ffffd440,f,00000000,ff010000,0,1,1,0,0,1,1,1,0,0,1,0,0,1,0
2874,2874,0,0,fef77ce3,00,ff010014,00000038,ffffd440,f,00000000,ff010000,0,1,1,0,0,1,1,1,0,0,1,0,0,1,0
2875,2875,0,0,fef77ce3,00,ff010014,00000030,ffffd440,f,00000000,ff010000,0,1,1,0,0,1,1,1,0,0,1,0,0,1,0
2876,2876,0,0,fef77ce3,00,ff010014,00000030,ffffd440,f,00000000,ff010000,0,1,1,0,0,1,1,1,0,0,1,0,0,1,0
2877,2877,0,0,fef77ce3,00,ff010014,00000033,ffffd440,f,00000000,ff010000,0,1,1,0,0,1,1,1,0,0,1,0,0,1,0
2878,2878,0,0,fef77ce3,00,ff010014,00000038,ffffd440,f,00000000,ff010000,0,1,1,0,0,1,1,1,0,0,1,0,0,1,0
2879,2879,0,0,fef77ce3,00,ff010014,00000036,ffffd440,f,00000000,ff010000,0,1,1,0,0,1,1,1,0,0,1,0,0,1,0
2880,2880,0,0,fef77ce3,00,ff010014,00000039,ffffd440,f,00000000,ff010000,0,1,1,0,0,1,1,1,0,0,1,0,0,1,0
2881,2881,0,0,fef77ce3,00,ff010014,0000002c,ffffd440,f,00000000,ff010000,0,1,1,0,0,1,1,1,0,0,1,0,0,1,0
2882,2882,0,0,fef77ce3,00,ff010014,00000020,ffffd440,f,00000000,ff010000,0,1,1,0,0,1,1,1,0,0,1,0,0,1,0
2883,2883,0,0,fef77ce3,00,ff010014,00000064,ffffd440,f,00000000,ff010000,0,1,1,0,0,1,1,1,0,0,1,0,0,1,0
2884,2884,0,0,fef77ce3,00,ff010014,00000069,ffffd440,f,00000000,ff010000,0,1,1,0,0,1,1,1,0,0,1,0,0,1,0
2885,2885,0,0,fef77ce3,00,ff010014,00000066,ffffd440,f,00000000,ff010000,0,1,1,0,0,1,1,1,0,0,1,0,0,1,0
2886,2886,0,0,fef77ce3,00,ff010014,00000066,ffffd440,f,00000000,ff010000,0,1,1,0,0,1,1,1,0,0,1,0,0,1,0
2887,2887,0,0,fef77ce3,00,ff010014,0000003d,ffffd440,f,00000000,ff010000,0,1,1,0,0,1,1,1,0,0,1,0,0,1,0
2888,2888,0,0,fef77ce3,00,ff010014,00000020,ffffd440,f,00000000,ff010000,0,1,1,0,0,1,1,1,0,0,1,0,0,1,0
2889,2889,0,0,fef77ce3,00,ff010014,00000037,ffffd440,f,00000000,ff010000,0,1,1,0,0,1,1,1,0,0,1,0,0,1,0
2890,2890,0,0,fef77ce3,00,ff010014,00000035,ffffd440,f,00000000,ff010000,0,1,1,0,0,1,1,1,0,0,1,0,0,1,0
2891,2891,0,0,fef77ce3,00,ff010014,00000035,ffffd440,f,00000000,ff010000,0,1,1,0,0,1,1,1,0,0,1,0,0,1,0
2892,2892,0,0,fef77ce3,00,ff010014,00000033,ffffd440,f,00000000,ff010000,0,1,1,0,0,1,1,1,0,0,1,0,0,1,0
2893,2893,0,0,fef77ce3,00,ff010014,0000000d,ffffd440,f,00000000,ff010000,0,1,1,0,0,1,1,1,0,0,1,0,0,1,0
2894,2894,0,0,fef77ce3,00,ff010014,0000000a,ffffd440,f,00000000,ff010000,0,1,1,0,0,1,1,1,0,0,1,0,0,1,0
2895,2895,0,0,fef77ce3,00,ff010014,0000004d,ffffd440,f,00000000,ff010000,0,1,1,0,0,1,1,1,0,0,1,0,0,1,0
2896,2896,0,0,fef77ce3,00,ff010014,00000069,ffffd440,f,00000000,ff010000,0,1,1,0,0,1,1,1,0,0,1,0,0,1,0
2897,2897,0,0,fef77ce3,00,ff010014,00000063,ffffd440,f,00000000,ff010000,0,1,1,0,0,1,1,1,0,0,1,0,0,1,0
2898,2898,0,0,fef77ce3,00,ff010014,00000072,ffffd440,f,00000000,ff010000,0,1,1,0,0,1,1,1,0,0,1,0,0,1,0
2899,2899,0,0,fef77ce3,00,ff010014,0000006f,ffffd440,f,00000000,ff010000,0,1,1,0,0,1,1,1,0,0,1,0,0,1,0
2900,2900,0,0,fef77ce3,00,ff010014,00000073,ffffd440,f,00000000,ff010000,0,1,1,0,0,1,1,1,0,0,1,0,0,1,0
2901,2901,0,0,fef77ce3,00,ff010014,00000065,ffffd440,f,00000000,ff010000,0,1,1,0,0,1,1,1,0,0,1,0,0,1,0
2902,2902,0,0,fef77ce3,00,ff010014,00000063,ffffd440,f,00000000,ff010000,0,1,1,0,0,1,1,1,0,0,1,0,0,1,0
2903,2903,0,0,fef77ce3,00,ff010014,0000006f,ffffd440,f,00000000,ff010000,0,1,1,0,0,1,1,1,0,0,1,0,0,1,0
2904,2904,0,0,fef77ce3,00,ff010014,0000006e,ffffd440,f,00000000,ff010000,0,1,1,0,0,1,1,1,0,0,1,0,0,1,0
2905,2905,0,0,fef77ce3,00,ff010014,00000064,ffffd440,f,00000000,ff010000,0,1,1,0,0,1,1,1,0,0,1,0,0,1,0
2906,2906,0,0,fef77ce3,00,ff010014,00000073,ffffd440,f,00000000,ff010000,0,1,1,0,0,1,1,1,0,0,1,0,0,1,0
2907,2907,0,0,fef77ce3,00,ff010014,00000020,ffffd440,f,00000000,ff010000,0,1,1,0,0,1,1,1,0,0,1,0,0,1,0
2908,2908,0,0,fef77ce3,00,ff010014,00000066,ffffd440,f,00000000,ff010000,0,1,1,0,0,1,1,1,0,0,1,0,0,1,0
2909,2909,0,0,fef77ce3,00,ff010014,0000006f,ffffd440,f,00000000,ff010000,0,1,1,0,0,1,1,1,0,0,1,0,0,1,0
2910,2910,0,0,fef77ce3,00,ff010014,00000072,ffffd440,f,00000000,ff010000,0,1,1,0,0,1,1,1,0,0,1,0,0,1,0
2911,2911,0,0,fef77ce3,00,ff010014,00000020,ffffd440,f,00000000,ff010000,0,1,1,0,0,1,1,1,0,0,1,0,0,1,0
2912,2912,0,0,fef77ce3,00,ff010014,0000006f,ffffd440,f,00000000,ff010000,0,1,1,0,0,1,1,1,0,0,1,0,0,1,0
2913,2913,0,0,fef77ce3,00,ff010014,0000006e,ffffd440,f,00000000,ff010000,0,1,1,0,0,1,1,1,0,0,1,0,0,1,0
2914,2914,0,0,fef77ce3,00,ff010014,00000065,ffffd440,f,00000000,ff010000,0,1,1,0,0,1,1,1,0,0,1,0,0,1,0
2915,2915,0,0,fef77ce3,00,ff010014,00000020,ffffd440,f,00000000,ff010000,0,1,1,0,0,1,1,1,0,0,1,0,0,1,0
2916,2916,0,0,fef77ce3,00,ff010014,00000072,ffffd440,f,00000000,ff010000,0,1,1,0,0,1,1,1,0,0,1,0,0,1,0
2917,2917,0,0,fef77ce3,00,ff010014,00000075,ffffd440,f,00000000,ff010000,0,1,1,0,0,1,1,1,0,0,1,0,0,1,0
2918,2918,0,0,fef77ce3,00,ff010014,0000006e,ffffd440,f,00000000,ff010000,0,1,1,0,0,1,1,1,0,0,1,0,0,1,0
2919,2919,0,0,fef77ce3,00,ff010014,00000020,ffffd440,f,00000000,ff010000,0,1,1,0,0,1,1,1,0,0,1,0,0,1,0
2920,2920,0,0,fef77ce3,00,ff010014,00000074,ffffd440,f,00000000,ff010000,0,1,1,0,0,1,1,1,0,0,1,0,0,1,0
2921,2921,0,0,fef77ce3,00,ff010014,00000068,ffffd440,f,00000000,ff010000,0,1,1,0,0,1,1,1,0,0,1,0,0,1,0
2922,2922,0,0,fef77ce3,00,ff010014,00000072,ffffd440,f,00000000,ff010000,0,1,1,0,0,1,1,1,0,0,1,0,0,1,0
2923,2923,0,0,fef77ce3,00,ff010014,0000006f,ffffd440,f,00000000,ff010000,0,1,1,0,0,1,1,1,0,0,1,0,0,1,0
2924,2924,0,0,fef77ce3,00,ff010014,00000075,ffffd440,f,00000000,ff010000,0,1,1,0,0,1,1,1,0,0,1,0,0,1,0
2925,2925,0,0,fef77ce3,00,ff010014,00000067,ffffd440,f,00000000,ff010000,0,1,1,0,0,1,1,1,0,0,1,0,0,1,0
2926,2926,0,0,fef77ce3,00,ff010014,00000068,ffffd440,f,00000000,ff010000,0,1,1,0,0,1,1,1,0,0,1,0,0,1,0
2927,2927,0,0,fef77ce3,00,ff010014,00000020,ffffd440,f,00000000,ff010000,0,1,1,0,0,1,1,1,0,0,1,0,0,1,0
2928,2928,0,0,fef77ce3,00,ff010014,00000044,ffffd440,f,00000000,ff010000,0,1,1,0,0,1,1,1,0,0,1,0,0,1,0
2929,2929,0,0,fef77ce3,00,ff010014,00000068,ffffd440,f,00000000,ff010000,0,1,1,0,0,1,1,1,0,0,1,0,0,1,0
2930,2930,0,0,fef77ce3,00,ff010014,00000072,ffffd440,f,00000000,ff010000,0,1,1,0,0,1,1,1,0,0,1,0,0,1,0
2931,2931,0,0,fef77ce3,00,ff010014,00000079,ffffd440,f,00000000,ff010000,0,1,1,0,0,1,1,1,0,0,1,0,0,1,0
2932,2932,0,0,fef77ce3,00,ff010014,00000073,ffffd440,f,00000000,ff010000,0,1,1,0,0,1,1,1,0,0,1,0,0,1,0
2933,2933,0,0,fef77ce3,00,ff010014,00000074,ffffd440,f,00000000,ff010000,0,1,1,0,0,1,1,1,0,0,1,0,0,1,0
2934,2934,0,0,fef77ce3,00,ff010014,0000006f,ffffd440,f,00000000,ff010000,0,1,1,0,0,1,1,1,0,0,1,0,0,1,0
2935,2935,0,0,fef77ce3,00,ff010014,0000006e,ffffd440,f,00000000,ff010000,0,1,1,0,0,1,1,1,0,0,1,0,0,1,0
2936,2936,0,0,fef77ce3,00,ff010014,00000065,ffffd440,f,00000000,ff010000,0,1,1,0,0,1,1,1,0,0,1,0,0,1,0
2937,2937,0,0,fef77ce3,00,ff010014,0000003a,ffffd440,f,00000000,ff010000,0,1,1,0,0,1,1,1,0,0,1,0,0,1,0
2938,2938,0,0,fef77ce3,00,ff010014,00000020,ffffd440,f,00000000,ff010000,0,1,1,0,0,1,1,1,0,0,1,0,0,1,0
2939,2939,0,0,fef77ce3,00,ff010014,00000031,ffffd440,f,00000000,ff010000,0,1,1,0,0,1,1,1,0,0,1,0,0,1,0
2940,2940,0,0,fef77ce3,00,ff010014,00000035,ffffd440,f,00000000,ff010000,0,1,1,0,0,1,1,1,0,0,1,0,0,1,0
2941,2941,0,0,fef77ce3,00,ff010014,0000002e,ffffd440,f,00000000,ff010000,0,1,1,0,0,1,1,1,0,0,1,0,0,1,0
2942,2942,0,0,fef77ce3,00,ff010014,00000031,ffffd440,f,00000000,ff010000,0,1,1,0,0,1,1,1,0,0,1,0,0,1,0
2943,2943,0,0,fef77ce3,00,ff010014,00000030,ffffd440,f,00000000,ff010000,0,1,1,0,0,1,1,1,0,0,1,0,0,1,0
2944,2944,0,0,fef77ce3,00,ff010014,00000036,ffffd440,f,00000000,ff010000,0,1,1,0,0,1,1,1,0,0,1,0,0,1,0
2945,2945,0,0,fef77ce3,00,ff010014,0000000d,ffffd440,f,00000000,ff010000,0,1,1,0,0,1,1,1,0,0,1,0,0,1,0
2946,2946,0,0,fef77ce3,00,ff010014,0000000a,ffffd440,f,00000000,ff010000,0,1,1,0,0,1,1,1,0,0,1,0,0,1,0
2947,2947,0,0,fef77ce3,00,ff010014,00000044,ffffd440,f,00000000,ff010000,0,1,1,0,0,1,1,1,0,0,1,0,0,1,0
2948,2948,0,0,fef77ce3,00,ff010014,00000068,ffffd440,f,00000000,ff010000,0,1,1,0,0,1,1,1,0,0,1,0,0,1,0
2949,2949,0,0,fef77ce3,00,ff010014,00000072,ffffd440,f,00000000,ff010000,0,1,1,0,0,1,1,1,0,0,1,0,0,1,0
2950,2950,0,0,fef77ce3,00,ff010014,00000079,ffffd440,f,00000000,ff010000,0,1,1,0,0,1,1,1,0,0,1,0,0,1,0
2951,2951,0,0,fef77ce3,00,ff010014,00000073,ffffd440,f,00000000,ff010000,0,1,1,0,0,1,1,1,0,0,1,0,0,1,0
2952,2952,0,0,fef77ce3,00,ff010014,00000074,ffffd440,f,00000000,ff010000,0,1,1,0,0,1,1,1,0,0,1,0,0,1,0
2953,2953,0,0,fef77ce3,00,ff010014,0000006f,ffffd440,f,00000000,ff010000,0,1,1,0,0,1,1,1,0,0,1,0,0,1,0
2954,2954,0,0,fef77ce3,00,ff010014,0000006e,ffffd440,f,00000000,ff010000,0,1,1,0,0,1,1,1,0,0,1,0,0,1,0
2955,2955,0,0,fef77ce3,00,ff010014,00000065,ffffd440,f,00000000,ff010000,0,1,1,0,0,1,1,1,0,0,1,0,0,1,0
2956,2956,0,0,fef77ce3,00,ff010014,00000073,ffffd440,f,00000000,ff010000,0,1,1,0,0,1,1,1,0,0,1,0,0,1,0
2957,2957,0,0,fef77ce3,00,ff010014,00000020,ffffd440,f,00000000,ff010000,0,1,1,0,0,1,1,1,0,0,1,0,0,1,0
2958,2958,0,0,fef77ce3,00,ff010014,00000070,ffffd440,f,00000000,ff010000,0,1,1,0,0,1,1,1,0,0,1,0,0,1,0
2959,2959,0,0,fef77ce3,00,ff010014,00000065,ffffd440,f,00000000,ff010000,0,1,1,0,0,1,1,1,0,0,1,0,0,1,0
2960,2960,0,0,fef77ce3,00,ff010014,00000072,ffffd440,f,00000000,ff010000,0,1,1,0,0,1,1,1,0,0,1,0,0,1,0
2961,2961,0,0,fef77ce3,00,ff010014,00000020,ffffd440,f,00000000,ff010000,0,1,1,0,0,1,1,1,0,0,1,0,0,1,0
2962,2962,0,0,fef77ce3,00,ff010014,00000053,ffffd440,f,00000000,ff010000,0,1,1,0,0,1,1,1,0,0,1,0,0,1,0
2963,2963,0,0,fef77ce3,00,ff010014,00000065,ffffd440,f,00000000,ff010000,0,1,1,0,0,1,1,1,0,0,1,0,0,1,0
2964,2964,0,0,fef77ce3,00,ff010014,00000063,ffffd440,f,00000000,ff010000,0,1,1,0,0,1,1,1,0,0,1,0,0,1,0
2965,2965,0,0,fef77ce3,00,ff010014,0000006f,ffffd440,f,00000000,ff010000,0,1,1,0,0,1,1,1,0,0,1,0,0,1,0
2966,2966,0,0,fef77ce3,00,ff010014,0000006e,ffffd440,f,00000000,ff010000,0,1,1,0,0,1,1,1,0,0,1,0,0,1,0
2967,2967,0,0,fef77ce3,00,ff010014,00000064,ffffd440,f,00000000,ff010000,0,1,1,0,0,1,1,1,0,0,1,0,0,1,0
2968,2968,0,0,fef77ce3,00,ff010014,0000003a,ffffd440,f,00000000,ff010000,0,1,1,0,0,1,1,1,0,0,1,0,0,1,0
2969,2969,0,0,fef77ce3,00,ff010014,00000020,ffffd440,f,00000000,ff010000,0,1,1,0,0,1,1,1,0,0,1,0,0,1,0
2970,2970,0,0,fef77ce3,00,ff010014,00000020,ffffd440,f,00000000,ff010000,0,1,1,0,0,1,1,1,0,0,1,0,0,1,0
2971,2971,0,0,fef77ce3,00,ff010014,00000020,ffffd440,f,00000000,ff010000,0,1,1,0,0,1,1,1,0,0,1,0,0,1,0
2972,2972,0,0,fef77ce3,00,ff010014,00000020,ffffd440,f,00000000,ff010000,0,1,1,0,0,1,1,1,0,0,1,0,0,1,0
2973,2973,0,0,fef77ce3,00,ff010014,00000020,ffffd440,f,00000000,ff010000,0,1,1,0,0,1,1,1,0,0,1,0,0,1,0
2974,2974,0,0,fef77ce3,00,ff010014,00000020,ffffd440,f,00000000,ff010000,0,1,1,0,0,1,1,1,0,0,1,0,0,1,0
2975,2975,0,0,fef77ce3,00,ff010014,00000020,ffffd440,f,00000000,ff010000,0,1,1,0,0,1,1,1,0,0,1,0,0,1,0
2976,2976,0,0,fef77ce3,00,ff010014,00000020,ffffd440,f,00000000,ff010000,0,1,1,0,0,1,1,1,0,0,1,0,0,1,0
2977,2977,0,0,fef77ce3,00,ff010014,00000020,ffffd440,f,00000000,ff010000,0,1,1,0,0,1,1,1,0,0,1,0,0,1,0
2978,2978,0,0,fef77ce3,00,ff010014,00000020,ffffd440,f,00000000,ff010000,0,1,1,0,0,1,1,1,0,0,1,0,0,1,0
2979,2979,0,0,fef77ce3,00,ff010014,00000020,ffffd440,f,00000000,ff010000,0,1,1,0,0,1,1,1,0,0,1,0,0,1,0
2980,2980,0,0,fef77ce3,00,ff010014,00000020,ffffd440,f,00000000,ff010000,0,1,1,0,0,1,1,1,0,0,1,0,0,1,0
2981,2981,0,0,fef77ce3,00,ff010014,00000020,ffffd440,f,00000000,ff010000,0,1,1,0,0,1,1,1,0,0,1,0,0,1,0
2982,2982,0,0,fef77ce3,00,ff010014,00000020,ffffd440,f,00000000,ff010000,0,1,1,0,0,1,1,1,0,0,1,0,0,1,0
2983,2983,0,0,fef77ce3,00,ff010014,00000020,ffffd440,f,00000000,ff010000,0,1,1,0,0,1,1,1,0,0,1,0,0,1,0
2984,2984,0,0,fef77ce3,00,ff010014,00000020,ffffd440,f,00000000,ff010000,0,1,1,0,0,1,1,1,0,0,1,0,0,1,0
2985,2985,0,0,fef77ce3,00,ff010014,00000020,ffffd440,f,00000000,ff010000,0,1,1,0,0,1,1,1,0,0,1,0,0,1,0
2986,2986,0,0,fef77ce3,00,ff010014,00000020,ffffd440,f,00000000,ff010000,0,1,1,0,0,1,1,1,0,0,1,0,0,1,0
2987,2987,0,0,fef77ce3,00,ff010014,00000020,ffffd440,f,00000000,ff010000,0,1,1,0,0,1,1,1,0,0,1,0,0,1,0
2988,2988,0,0,fef77ce3,00,ff010014,00000020,ffffd440,f,00000000,ff010000,0,1,1,0,0,1,1,1,0,0,1,0,0,1,0
2989,2989,0,0,fef77ce3,00,ff010014,00000020,ffffd440,f,00000000,ff010000,0,1,1,0,0,1,1,1,0,0,1,0,0,1,0
2990,2990,0,0,fef77ce3,00,ff010014,00000020,ffffd440,f,00000000,ff010000,0,1,1,0,0,1,1,1,0,0,1,0,0,1,0
2991,2991,0,0,fef77ce3,00,ff010014,00000036,ffffd440,f,00000000,ff010000,0,1,1,0,0,1,1,1,0,0,1,0,0,1,0
2992,2992,0,0,fef77ce3,00,ff010014,00000036,ffffd440,f,00000000,ff010000,0,1,1,0,0,1,1,1,0,0,1,0,0,1,0
2993,2993,0,0,fef77ce3,00,ff010014,00000031,ffffd440,f,00000000,ff010000,0,1,1,0,0,1,1,1,0,0,1,0,0,1,0
2994,2994,0,0,fef77ce3,00,ff010014,00000039,ffffd440,f,00000000,ff010000,0,1,1,0,0,1,1,1,0,0,1,0,0,1,0
2995,2995,0,0,fef77ce3,00,ff010014,00000038,ffffd440,f,00000000,ff010000,0,1,1,0,0,1,1,1,0,0,1,0,0,1,0
2996,2996,0,0,fef77ce3,00,ff010014,0000000d,ffffd440,f,00000000,ff010000,0,1,1,0,0,1,1,1,0,0,1,0,0,1,0
2997,2997,0,0,fef77ce3,00,ff010014,0000000a,ffffd440,f,00000000,ff010000,0,1,1,0,0,1,1,1,0,0,1,0,0,1,0
2998,2998,0,0,fe078ce3,00,ff010014,0000003a,ffffdc38,f,00000000,ff010000,0,1,1,0,0,1,1,1,0,0,1,0,0,1,0
2999,2999,0,0,fe078ce3,00,ff010014,00000020,ffffdc38,f,00000000,ff010000,0,1,1,0,0,1,1,1,0,0,1,0,0,1,0
